tree
version=v4
num_class=1
num_tree_per_iteration=1
label_index=0
max_feature_idx=23
objective=binary sigmoid:1
feature_names=rejection_intensity penetration_depth body_ratio close_pullback vol_expansion vol_spike_ratio vol_trend box_width box_position trend_dist_20 trend_dist_50 trend_alignment roc_5 rsi_extreme counter_trend atr_14 bb_width bb_position hour day_of_week london_session ny_session overlap_session is_upside
feature_infos=[0.014807502467925896:0.97233201581027073] [0.00089686098656666493:3.304728333535913] [0:0.953303964757653] [0.00091635030761021358:6.2162473593238845] [0.22546012269935331:8.3098017920173977] [0.10209413561638329:2.8012365832165611] [0.37404133948378465:1.8896626254785114] [4.3899999999998727:165.04000000000042] [-0.61339846475924686:1.4186046511627832] [-0.027422204387774752:0.021368669062761397] [-0.047777847130695855:0.040103048252177288] [-1:1] [-0.028738439728540066:0.020102409603381721] [0.21216973578864143:0.98759689922480742] [0:1] [2.7871428571429209:43.768571428571377] [0.00084116928563552262:0.030591537230783283] [-2.1589719082592538:2.0364652088076673] [0:23] [0:4] [0:1] [0:1] [0:1] [0:1]
tree_sizes=1621 1612 1815 1701 1721 1634 1620 1728 1736 1848 1637 1628 1680 1734 1729 1733 1828 1710 1738 1729 1716 1620 1614 1734 1642 1521 1743 1724 1841 1734 1737 1721 1728 1846 1740 1632 1724 1613 1715 1605 1692 1745 1742 1735 1743 1742 1606 1736 1496 1612 1736 1637 1840 1623 1587 1636 1628 1520 1748 1725 1731 1628 1623 1630 1735 1690 1727 1723 1729 1527 1604 1723 1367 1523 1809 1728 1727 1729 1483 1293 1796 1813 1599 1500 1416 1687 1512 1620 1523 1382 1277 1405 1698 1485 1725 1512 1681 1502 1416 1321 1703 1517 1703 1380 1187 1539 1804 1709 1327 1744 1815 1302 1309 1408 1519 1607 1523 1530 1300 1630 1392 1382 1484 1287 1610 1354 1177 1435 1643 1849 1602 1699 1181 1425 1309 1162 1301 1507 1614 1407 1188 1613 1410 1404 1529 1282 1322 1270 1290 1415 1506 1189 1164 1190 1743 1413 1177 1512 1800 1424 1187 1397 1208 1724 1734 1311 1395 1416 1714 1163 1496 1324 1408 1231 1408 1209 1275 1098 1389 1308 1417 1102 1362 1383 1528 1104 1432 1213 1364 1406 1192 1001 1423 1429 1709 1394 1182 1520 1472 1481 1106 1404 1784 1213 1373 1698 1195 1186 1425 1385 1420 1539 1790 1100 1406 1378 980 1615 1292 1540 1306 1296 1408 1513 1379 1000 1618 1394 1504 1634 1388 1091 1329 1303 1427 1700 1404 1289 1532 1523 1715 1102 1003 991 1001 1001 1314 1401 1176 1320 1493 1280 1406 1422 1393 1526 1006 1443 1511 1322 1093 1006 1320 1113 1404 1622 1434 1009 1535 1317 1000 1682 1612 1068 1601 1412 1508 1106 1403 1088 1623 1003 1302 1306 1161 1301 1741 1102 1733 1495 1201 1058 1003 1517 1365 1315 1431 1533 1428 1297 1617 1008 1191 1106 1721 1561 1063 1726 1591 1521 1184 1420 1580 1203 1582 1088 1001 1512 1616 1108 1090 1086 1105 1088 1508 1106 1182 1717 1309 1177 1316 1006 1533 1211 1736 1421 999 1403 1093 1100 1482 1304 1007 1111 1193 1501 1261 1713 1008 1171 1622 1196 1641 1006 1506 1707 1218 1285 1392 1105 1380 1292 1182 1276 1618 1710 1309 1285 1217 1351 1640 1006 1591 1634 1621 1274 1625 1275 1102 1193 1394 1468 1397 1613 1288 1393 1528 1304 1300 1749 1713 1378 1634 1103 1450 1102 1455 1573 1499 1082

Tree=0
num_leaves=14
num_cat=0
split_feature=3 1 1 3 13 3 4 20 1 3 4 13 8
split_gain=127.368 73.3531 25.8715 21.3711 18.2612 15.0271 14.6593 13.783 10.0342 13.7108 7.84297 1.81367 2.27501
threshold=0.57781274281276596 0.17195709305403797 0.54476242354889681 0.22276068163009491 0.35881243873994495 0.27150450679134508 2.6816016068079658 1.0000000180025095e-35 0.17370100309557254 0.81278797092021382 1.1220467269408296 0.82744671282625593 0.82574309579351601
decision_type=2 2 2 2 2 2 2 2 2 2 2 2 2
left_child=1 4 3 -3 -1 -6 -4 11 9 -9 -10 12 -2
right_child=7 2 6 -5 5 -7 -8 8 10 -11 -12 -13 -14
leaf_value=-0.013240088248730356 -0.027418694553938 0.0050818746777319072 -0.023914354025458096 -0.0079049196407377717 0.015361640915071383 0.0052249042148709767 0.0057533489334562109 0.0068608771268795421 -0.0007984852537100272 -0.013207384925522462 -0.020810142009897045 -0.0083944867249744828 -0.003281430911872882
leaf_weight=4.7990383207797995 24.149068772792823 61.728711068630219 16.724504381418232 49.408936142921448 107.70426571369171 54.876376926898956 3.3660588562488547 13.286315202713014 6.6744139194488552 13.084351927042006 20.508916318416595 5.4241635203361502 2.2648767828941336
leaf_count=28 162 217 108 235 278 192 10 43 28 71 125 28 11
internal_value=-4.84288e-08 0.0046338 -0.00369241 -0.000663105 0.0111725 0.0120908 -0.0185333 -0.0159394 -0.0103897 -0.00306116 -0.0165451 -0.023887 -0.0259896
internal_weight=384 298.608 131.228 111.138 167.38 162.581 20.0906 85.3921 53.554 26.3707 27.1833 31.8381 26.4139
internal_count=1536 1068 570 452 498 470 118 468 267 114 153 201 173
is_linear=0
shrinkage=1


Tree=1
num_leaves=14
num_cat=0
split_feature=3 0 4 15 0 20 2 1 3 4 4 7 5
split_gain=123.913 84.2399 24.082 20.1396 15.969 13.4125 10.7217 9.76251 13.3592 8.23698 7.61469 4.33011 1.54986
threshold=0.57781274281276596 0.393794782917188 1.0472900214547567 5.8732142857143286 0.18077021805506968 1.0000000180025095e-35 0.35246759688726309 0.17370100309557254 0.81278797092021382 0.9647463042248835 1.1220467269408296 15.069999999999938 1.7870947030717026
decision_type=2 2 2 2 2 2 2 2 2 2 2 2 2
left_child=1 4 3 -3 11 12 -4 8 -7 -6 -9 -1 -2
right_child=5 2 6 -5 9 7 -8 10 -10 -11 -12 -13 -14
leaf_value=0.0048246818646722027 -0.02460226224569604 0.0094736583513050573 -0.017209137003757206 -0.0050869370351479433 0.011748237015705734 0.0067715473321807509 -0.00049252937510129964 -0.00078922084865499695 -0.013035988216073369 0.0032542873930652815 -0.020527711235492064 0.020368884919410437 -0.0031415450366492547
leaf_weight=7.4771317988634101 29.568847015500072 32.260600939393044 32.725797891616821 54.649013221263885 62.462224215269089 13.28615862131119 12.901211261749266 6.6744127273559597 13.08378168940544 51.153244614601135 20.506696075201035 44.968141123652458 2.2646221667528144
leaf_count=25 190 99 186 245 180 43 53 28 71 188 125 92 11
internal_value=0 0.00456314 -0.00428164 0.000325086 0.0116339 -0.0157298 -0.0128591 -0.0102514 -0.00301802 0.00811131 -0.0163242 0.0185491 -0.0235732
internal_weight=383.982 298.597 132.537 86.9096 166.061 85.3845 45.627 53.551 26.3699 113.615 27.1811 52.4453 31.8335
internal_count=1536 1068 583 344 485 468 239 267 114 368 153 117 201
is_linear=0
shrinkage=0.015


Tree=2
num_leaves=16
num_cat=0
split_feature=3 0 4 7 0 13 13 22 3 1 15 2 4 7 2
split_gain=120.561 81.8801 23.4217 19.5738 15.5256 12.338 11.0142 9.23725 21.428 14.5356 9.12635 10.4225 4.65586 4.17829 0.371965
threshold=0.57781274281276596 0.393794782917188 1.0472900214547567 16.670000000000304 0.18077021805506968 0.58712495773181994 0.45313328957868199 1.0000000180025095e-35 0.81278797092021382 0.23027104385882 4.3232142857142604 0.828478033272951 1.5614939523328257 15.069999999999938 0.39772272746409326
decision_type=2 2 2 2 2 2 2 2 2 2 2 2 2 2 2
left_child=1 4 3 -3 13 -6 -4 10 9 -9 14 -12 -10 -1 -2
right_child=7 2 6 -5 5 -7 -8 8 12 -11 11 -13 -14 -15 -16
leaf_value=0.0047677006578939769 7.6375140436331672e-05 0.010307840877054684 0.0016425505709985965 -0.0044859913457294971 0.00065543679792001545 0.011390667980706707 -0.01607809250440842 0.015297508308643955 -0.004453681107841773 -0.012514025798229095 -0.023170005381350368 0.0041075152458935546 -0.024118135458971478 0.020081078935895839 -0.0048035548380488515
leaf_weight=7.4769013971090308 4.4086269438266745 27.99934233725071 8.5201321393251401 58.909514531493187 37.389793574810028 76.219474136829376 37.101509153842926 9.3811800479888934 6.1968586742877987 4.6483656764030448 45.441255629062653 2.2931594848632804 10.431162714958189 44.957180052995682 2.5623825639486313
leaf_count=25 17 83 32 261 146 222 207 21 29 27 284 7 70 92 13
internal_value=0 0.00449811 -0.00422141 0.000320428 0.0114698 0.00799494 -0.0126812 -0.0155206 -0.00774451 0.00520326 -0.0193192 -0.0215963 -0.0184573 0.0182906 -0.00155236
internal_weight=383.937 298.574 132.53 86.9089 166.043 113.609 45.6216 85.363 30.6576 14.0295 54.7054 47.7344 16.628 52.4341 6.97101
internal_count=1536 1068 583 344 485 368 239 468 147 48 321 291 99 117 30
is_linear=0
shrinkage=0.015


Tree=3
num_leaves=15
num_cat=0
split_feature=3 2 4 6 19 20 13 3 6 15 6 13 8 15
split_gain=117.276 42.2405 24.7918 25.9827 21.049 12.6978 11.1263 8.53517 11.8832 6.51685 6.15969 1.91423 2.23517 1.69616
threshold=0.57781274281276596 0.44462045442768527 1.0472900214547567 1.2945415533128872 2.5000000000000004 1.0000000180025095e-35 0.37127008476972084 0.81278797092021382 1.0762607230464758 4.3232142857142604 1.2828022818335232 0.82744671282625593 0.82574309579351601 8.8203571428571372
decision_type=2 2 2 2 2 2 2 2 2 2 2 2 2 2
left_child=1 2 3 -1 -4 11 13 8 -7 -9 -8 12 -2 -3
right_child=5 6 4 -5 -6 7 10 9 -10 -11 -12 -13 -14 -15
leaf_value=0.0059714050886115972 -0.026437583271415151 -0.010197443786523019 -0.00017810920420785616 -0.01693825007463088 -0.0179911853102156 -0.012234350759176222 0.01417611768245715 -0.00084301929394929392 0.00708167950513389 -0.018930962408510346 0 -0.0077916688525628596 -0.0029451888092224326 0.0016266957044376155
leaf_weight=120.00839284062386 24.116426974534996 3.7554216235876074 37.798220217227936 10.192831605672835 23.688808739185333 12.483936697244646 92.900914773344994 6.8203305006027248 11.912329956889151 22.311886504292488 7.5955130606889716 5.4199740737676612 2.2638008296489707 2.5916889309883118
leaf_count=411 162 21 153 60 138 67 246 29 38 133 30 28 11 9
internal_value=0 0.00443521 0.000156312 0.00389207 -0.00750957 -0.0153121 0.0118992 -0.00997438 -0.00269655 -0.0152634 0.0131358 -0.0229533 -0.0250355 -0.0052379
internal_weight=383.86 298.532 191.688 130.201 61.487 85.3287 106.844 53.5285 24.3963 29.1322 100.496 31.8002 26.3802 6.34711
internal_count=1536 1068 762 471 291 468 306 267 105 162 276 201 173 30
is_linear=0
shrinkage=0.015


Tree=4
num_leaves=15
num_cat=0
split_feature=1 8 8 1 16 8 8 13 0 13 15 5 8 1
split_gain=80.2197 38.9449 33.6977 28.5864 22.1007 21.8776 17.6922 14.4052 14.0649 9.24805 4.96331 2.8123 2.10155 4.64586
threshold=0.17370100309557254 0.89566105306048238 0.072218966611403423 0.54476242354889681 0.0047488528095671499 0.096289947048475322 0.93091161262504662 0.69629322151344286 0.39155400362299736 0.42016086844987233 16.732500000000027 1.0087100693720517 0.040768278047099697 1.0303301739629658
decision_type=2 2 2 2 2 2 2 2 2 2 2 2 2 2
left_child=1 2 11 5 -4 7 -7 -2 9 -3 -10 -1 -5 -14
right_child=3 8 4 12 -6 6 -8 -9 10 -11 -12 -13 13 -15
leaf_value=0.019543868598105384 0.010632187459076337 -0.0059392882716449401 0.0032430864154722001 -0.0056662904311899059 -0.011006071122393553 -0.012014060829892466 0.00053861473880376532 -0.01141728252223418 -0.0031748343750463023 0.017064876746759289 0.012014460819227617 0.0058920643665006482 -0.026069239344063758 -0.0042267227984773064
leaf_weight=14.792332306504251 26.625706985592842 2.7115732729434958 47.019518509507179 4.6757402718067196 46.39533768594265 73.62193937599659 36.016371637582779 6.6158024668693534 14.240787997841837 72.949526876211166 4.7652632743120185 9.6147256195545179 19.358034089207653 4.3760188072919837
leaf_count=28 78 14 173 23 236 381 141 36 62 171 11 31 130 21
internal_value=0 0.0061131 0.000254159 -0.0076094 -0.00383764 -0.00465604 -0.00788753 0.00563213 0.0131714 0.0160121 0.00105775 0.0153036 -0.0209329 -0.0229749
internal_weight=383.779 212.489 117.822 171.29 93.4149 142.88 109.638 33.2415 94.6672 75.6611 19.0061 24.4071 28.4098 23.7341
internal_count=1536 726 468 810 409 636 522 114 258 185 73 59 174 151
is_linear=0
shrinkage=0.015


Tree=5
num_leaves=14
num_cat=0
split_feature=3 1 1 3 13 4 3 20 1 3 4 13 8
split_gain=112.143 65.5456 23.5264 19.5394 17.1611 13.9658 13.3649 12.3933 9.07156 12.4997 7.36396 1.88373 2.12664
threshold=0.57781274281276596 0.17195709305403797 0.54476242354889681 0.22276068163009491 0.35881243873994495 2.6816016068079658 0.27150450679134508 1.0000000180025095e-35 0.17370100309557254 0.81278797092021382 1.1220467269408296 0.82744671282625593 0.82574309579351601
decision_type=2 2 2 2 2 2 2 2 2 2 2 2 2
left_child=1 4 3 -3 -1 -4 -6 11 9 -9 -10 12 -2
right_child=7 2 5 -5 6 -7 -8 8 10 -11 -12 -13 -14
leaf_value=-0.013108220843556478 -0.025970091033238305 0.0048411464747116139 -0.022976915501672499 -0.0075772250215502997 0.014495716098785629 0.0058782935838758233 0.0049198948892724822 0.0066934965572251525 -0.00041982935527153271 -0.012467785861754477 -0.0197080094754131 -0.0075870971664865235 -0.0028928781152502054
leaf_weight=4.7984215617179862 24.075531542301185 61.717009827494621 16.700395449995998 49.39389331638813 107.59314669668674 3.3651291579008094 54.86218236386776 13.283412680029871 6.6721569150686291 13.072184175252913 20.472122743725777 5.4165889769792548 2.2633073180913916
leaf_count=28 162 217 108 235 278 10 192 43 28 71 125 28 11
internal_value=-6.58295e-07 0.0043277 -0.00354116 -0.000649449 0.0105125 -0.0177036 0.0114067 -0.0149896 -0.00972325 -0.00275492 -0.0155784 -0.0225382 -0.0245958
internal_weight=383.685 298.43 131.176 111.111 167.254 20.0655 162.455 85.2553 53.4999 26.3556 27.1443 31.7554 26.3388
internal_count=1536 1068 570 452 498 118 470 468 267 114 153 201 173
is_linear=0
shrinkage=0.015


Tree=6
num_leaves=14
num_cat=0
split_feature=0 4 1 6 4 10 6 7 13 6 13 5 16
split_gain=76.3024 41.3918 27.0541 22.1161 16.6906 17.4474 14.6313 14.1746 10.855 10.6419 9.76966 7.83131 7.15288
threshold=0.393794782917188 1.0472900214547567 0.1266630704498983 1.2945415533128872 1.179870299150944 0.0059092130229575013 1.1662109159046701 16.670000000000304 0.37127008476972084 1.3394282250703242 0.43349456234193312 1.2389772937804098 0.0039351338224080483
decision_type=2 2 2 2 2 2 2 2 2 2 2 2 2
left_child=2 3 8 7 6 -6 -4 -2 -1 -10 11 -3 -12
right_child=1 10 4 -5 5 -7 -8 -9 9 -11 12 -13 -14
leaf_value=-0.009954644073296914 0.0095412980637347745 0.0070901927499121822 0.0115483667310057 -0.022369026291658888 -0.00045360231990960157 -0.02085552378743314 -0.0081251555932618912 -0.0026291698152894408 0.01248419072845891 -0.0053823131587074236 -0.0095418382186970643 -0.013606007860667383 -0.021770026641863182
leaf_weight=3.754056751728057 30.730477780103683 7.0238875746726972 30.147850662469864 7.5931669473648062 33.510748028755188 11.63282237946987 9.4996383637189847 59.874637395143509 112.89977146685123 6.3377074599266043 25.140758439898491 5.3822729289531708 40.013067096471786
leaf_count=21 93 22 85 51 137 74 47 255 314 30 127 32 248
internal_value=-7.44833e-06 -0.00725726 0.00609996 -0.000648489 -0.000346909 -0.00653169 0.00649064 0.00153461 0.0105389 0.0113996 -0.0153037 -0.0020104 -0.017588
internal_weight=383.541 175.758 207.783 98.1983 84.7911 45.1436 39.6475 90.6051 122.992 119.237 77.56 12.4062 65.1538
internal_count=1536 828 708 399 343 211 132 348 365 344 429 54 375
is_linear=0
shrinkage=0.015


Tree=7
num_leaves=15
num_cat=0
split_feature=3 0 1 6 1 0 8 9 2 1 10 13 13 4
split_gain=108.045 73.5085 21.8894 14.6223 14.3017 9.8191 9.44494 17.0451 6.3286 4.7748 4.59932 3.57103 4.9439 2.67128
threshold=0.57781274281276596 0.393794782917188 0.050961184742015379 1.1789942138375553 0.54476242354889681 0.18077021805506968 0.68908059877157657 0.005825736404656179 0.069624865344421846 0.20894269870425838 0.0074150320410321076 0.78150076454937045 0.82744671282625593 1.0877508848546529
decision_type=2 2 2 2 2 2 2 2 2 2 2 2 2 2
left_child=1 3 8 5 -4 -1 11 9 -3 -8 -5 13 -13 -2
right_child=6 2 4 10 -6 -7 7 -9 -10 -11 -12 12 -14 -15
leaf_value=0.018740754494492581 -0.009034148881409694 -0.0098349314935922885 -0.0039628559525827917 0.0048718952307866001 -0.018295317482117296 0.0094651904378694144 0.004929491987398441 -0.022518776461855905 0.012862396314205949 -0.0089914523170336654 -0.0069899673678238327 0.0053158333686025398 -0.015222299383520757 -0.022206078381183464
leaf_weight=46.222853913903236 10.527771621942518 1.3412674069404626 95.693532079458237 20.416649714112285 17.920389071106911 90.437428757548332 15.67906497418881 8.621179059147833 17.477674067020416 6.0054942667484275 8.7530531287193281 3.5083147436380377 2.8251149505376816 37.991501018404961
leaf_count=97 54 9 420 70 108 276 55 58 46 32 42 11 19 239
internal_value=-1.45726e-05 0.00423393 -0.00402749 0.0108456 -0.00656578 0.0128816 -0.0147365 -0.00693401 0.0100951 0.000323746 0.000851727 -0.0185198 -0.00440012 -0.0199673
internal_weight=383.421 298.263 132.433 165.83 113.614 136.66 85.1584 30.3057 18.8189 21.6846 29.1697 54.8527 6.33343 48.5193
internal_count=1536 1068 583 485 528 373 468 145 55 87 112 323 30 293
is_linear=0
shrinkage=0.015


Tree=8
num_leaves=15
num_cat=0
split_feature=3 0 1 15 0 20 13 1 3 2 7 13 5 17
split_gain=105.195 71.457 21.2602 17.7294 13.991 12.014 11.7087 8.51374 9.16039 6.21214 4.05403 1.83791 2.24262 1.34039
threshold=0.57781274281276596 0.393794782917188 0.050961184742015379 5.9825000000000417 0.18077021805506968 1.0000000180025095e-35 0.58712495773181994 0.36872452961070251 0.81278797092021382 0.069624865344421846 15.069999999999938 0.82744671282625593 1.7870947030717026 0.66356098043830281
decision_type=2 2 2 2 2 2 2 2 2 2 2 2 2 2
left_child=1 4 9 -4 10 11 -6 8 -7 -3 -1 12 -2 -9
right_child=5 2 3 -5 6 7 -8 13 -10 -11 -12 -13 -14 -15
leaf_value=0.0041076882431176336 -0.025396878789771746 -0.0097756983338499314 0.0011232842305623103 -0.010905487967341728 0.00026683428350315311 0.0020163958046930993 0.010702521530974651 -0.022535848549565491 -0.011395064546146496 0.012691747029475745 0.018925591240697665 -0.0073185995108062812 -0.0025121693358869141 -0.0023312156711677752
leaf_weight=7.4656598269939414 23.996928825974472 1.3412719219923044 41.763214781880379 71.829809442162514 37.36404812335968 18.547255620360374 76.123358815908432 9.3484477996826154 23.274431094527245 17.473901674151421 44.805196762084961 5.4101270437240592 2.2576391845941535 2.2561071813106528
leaf_count=25 162 9 163 365 146 70 222 63 123 46 92 28 11 11
internal_value=-1.96961e-05 0.00417209 -0.00397295 -0.00647523 0.0106929 -0.0145527 0.00739579 -0.00937717 -0.00545557 0.00994441 0.0171768 -0.0219865 -0.0240116 -0.0200792
internal_weight=383.257 298.166 132.408 113.593 165.758 85.0909 113.487 53.4262 41.8217 18.8152 52.2709 31.6647 26.2546 11.6046
internal_count=1536 1068 583 528 485 468 368 267 193 55 117 201 173 74
is_linear=0
shrinkage=0.015


Tree=9
num_leaves=16
num_cat=0
split_feature=0 4 8 8 15 4 16 18 0 16 0 17 16 10 8
split_gain=70.1868 38.9667 32.6431 34.7021 20.6985 19.4476 11.0093 10.2805 10.226 8.83489 8.44537 6.64492 6.48634 10.8392 4.90668
threshold=0.393794782917188 1.0472900214547567 0.89746263509387869 0.10184647704341894 5.8732142857143286 1.4708560054652235 0.0069963989652418205 17.500000000000004 0.52509830620636366 0.0036508194955851528 0.67894521642442474 0.87402636288184421 0.0048629457589141395 -0.0040624746211262684 0.74403415742183343
decision_type=2 2 2 2 2 2 2 2 2 2 2 2 2 2 2
left_child=2 4 3 9 10 7 -5 -4 -6 -1 -2 -7 13 -3 -14
right_child=1 12 5 6 8 11 -8 -9 -10 -11 -12 -13 14 -15 -16
leaf_value=-0.0033630175386286819 0.011600602502472931 0.0048746153008517833 0.017038669066590514 -0.0024404575476217384 0.00041211200671230922 0.002335949581666072 -0.016121499395088418 0.0022990962606609638 -0.011438609208764801 0.013155199919148292 -0.0043532134172375933 -0.017635080062175942 -0.025168298620337204 -0.013164240133774294 -0.010823910486492245
leaf_weight=7.2603905200958243 29.083709508180618 7.7541427612304679 69.747294783592224 48.240280851721764 28.704745873808861 9.4262262284755689 17.788075044751167 14.734503984451292 32.510195970535278 36.878658071160316 7.864112824201583 3.4255940765142432 20.010927349328995 32.37303814291954 17.265882074832916
leaf_count=32 82 27 159 207 113 34 103 53 168 97 36 23 135 176 91
internal_value=-2.27201e-05 -0.00697993 0.00583841 0.000144346 -0.000568531 0.0120751 -0.00660199 0.0146673 -0.00592573 0.0102476 0.0079632 -0.00414021 -0.0147972 -0.00943446 -0.0196047
internal_weight=383.068 175.567 207.501 110.167 98.1628 97.3336 66.0284 84.4818 61.2149 44.139 36.9478 12.8518 77.404 40.1272 37.2768
internal_count=1536 828 708 439 399 269 310 212 281 129 118 57 429 203 226
is_linear=0
shrinkage=0.015


Tree=10
num_leaves=14
num_cat=0
split_feature=3 1 2 20 3 20 16 10 1 3 5 17 5
split_gain=100.655 58.03 22.5236 23.2596 14.9095 11.6449 10.738 9.66713 8.33859 8.85489 1.51807 1.2947 0.132444
threshold=0.57781274281276596 0.17195709305403797 0.37766439909295485 1.0000000180025095e-35 0.054478488043760341 1.0000000180025095e-35 0.0047488528095671499 0.00071705601690176123 0.36872452961070251 0.81278797092021382 1.7870947030717026 0.66356098043830281 0.91617264858340686
decision_type=2 2 2 2 2 2 2 2 2 2 2 2 2
left_child=1 4 3 -3 12 10 -6 -4 9 -7 -2 -10 -1
right_child=5 2 7 -5 6 8 -8 -9 11 -11 -12 -13 -14
leaf_value=0.011091649019746318 -0.022573355093588682 -0.017108135751276482 0.01044368735989146 -0.0010654017335978232 0.012148431909654922 0.0020491303628839713 0.0033222875492976821 -0.0025781412524777817 -0.022175799755674217 -0.011134309629222882 -0.0023992973945039181 -0.0022632559664137824 0.021521930263778508
leaf_weight=12.213164418935774 29.322275012731556 34.29379366338253 26.603819459676743 49.37587995827198 58.10512313246727 18.544474393129349 75.08012181520462 20.751033931970596 9.3249926716089231 23.248475298285484 2.2559215873479834 2.2547388523817053 21.506698578596115
leaf_count=32 190 197 78 206 160 70 270 89 63 123 11 11 36
internal_value=-2.68012e-05 0.00407343 -0.00333082 -0.00797429 0.00990096 -0.0142558 0.00735114 0.00471228 -0.00916149 -0.00528683 -0.0215842 -0.0197552 0.0187867
internal_weight=382.881 297.93 131.025 83.6697 166.905 84.9509 133.185 47.3549 53.3727 41.7929 31.5782 11.5797 33.7199
internal_count=1536 1068 570 403 498 468 430 167 267 193 201 74 68
is_linear=0
shrinkage=0.015


Tree=11
num_leaves=14
num_cat=0
split_feature=1 8 8 1 7 8 20 13 0 13 4 15 5
split_gain=67.6607 33.4719 29.4553 25.4813 21.5755 19.7167 16.8779 13.8298 12.2518 8.63323 6.65558 4.81856 3.07974
threshold=0.17370100309557254 0.89566105306048238 0.072218966611403423 0.54476242354889681 15.414999999999965 0.096289947048475322 1.0000000180025095e-35 0.69629322151344286 0.39155400362299736 0.42016086844987233 2.6816016068079658 16.732500000000027 1.0087100693720517
decision_type=2 2 2 2 2 2 2 2 2 2 2 2 2
left_child=1 2 12 5 -4 7 -7 -2 9 -3 -5 -10 -1
right_child=3 8 4 10 -6 6 -8 -9 11 -11 -12 -13 -14
leaf_value=0.018548995964231308 0.010423624448294127 -0.0062060757617768891 0.0061402823877351846 -0.023195110785577906 -0.0087319179630179697 -0.014967522493824921 -0.0026135342613374294 -0.011182595492109437 -0.0033158099828180083 0.015838803359362642 -0.0027098932860624161 0.011666062886356765 0.0049395670326135817
leaf_weight=14.736764967441561 26.604803308844566 2.7093684971332541 31.07486766576767 22.36434951424599 62.129373341798782 39.369650885462761 70.007118985056877 6.6101283878087989 14.233731999993326 72.62555231153965 5.86951820552349 4.7627514898776999 9.5765007287263852
leaf_count=28 78 14 104 147 305 219 303 36 62 171 27 11 31
internal_value=-2.83416e-05 0.00559306 0.000152695 -0.00702715 -0.00366983 -0.00423961 -0.00731655 0.00551988 0.0121489 0.014809 -0.0196455 0.00083665 0.0142564
internal_weight=382.674 211.849 117.518 170.826 93.2042 142.592 109.377 33.2149 94.3314 75.3349 28.2339 18.9965 24.3133
internal_count=1536 726 468 810 409 636 522 114 258 185 174 73 59
is_linear=0
shrinkage=0.015


Tree=12
num_leaves=15
num_cat=0
split_feature=4 6 8 8 8 8 4 2 2 4 6 2 17 17
split_gain=48.4384 29.0261 23.9832 21.43 15.1755 12.2328 11.5316 8.30347 7.13663 9.57096 4.39213 3.07437 2.31457 1.01113
threshold=1.0472900214547567 1.2945415533128872 0.95049494729677242 0.096289947048475322 0.71594330257922023 0.090749949259190985 1.519847495929427 0.44462045442768527 0.41085452505605763 0.82049211774060182 1.1602676818507547 0.50453461431100732 0.87402636288184421 1.2530320850186876
decision_type=2 2 2 2 2 2 2 2 2 2 2 2 2 2
left_child=1 8 3 7 -5 -3 11 -2 9 -1 -10 -4 -8 -7
right_child=2 5 6 4 -6 13 12 -9 10 -11 -12 -13 -14 -15
leaf_value=0.0073333097865202817 -0.0072833413964637061 0.0028129021779883614 0.0041499869326915625 -0.015828794050514291 -0.0047914643270668533 -0.022999453480845086 0 0.0082116341055072407 0.012290042840847426 -0.0014666679102255343 0 0.017719543613457043 -0.014781727852085459 -0.0029770162167920841
leaf_weight=80.749025672674179 9.6154980361461657 6.5381852090358761 10.324270561337476 64.240750923752785 57.137167289853096 9.0513117462396604 6.2132580429315549 20.580326065421104 56.451205119490623 39.09098756313324 7.424095779657363 10.268822088837622 2.5268062949180603 2.255413442850112
leaf_count=262 48 23 36 367 259 61 25 63 154 162 29 19 17 11
internal_value=-2.86401e-05 0.0049858 -0.00564998 -0.00806481 -0.0108558 -0.0122362 0.00630712 0.00289857 0.00681277 0.00442431 0.0109097 0.012218 -0.00660345 -0.0206168
internal_weight=382.467 201.56 180.907 151.574 121.378 17.8449 29.3332 30.1958 183.715 119.84 63.8753 20.5931 8.74006 11.3067
internal_count=1536 702 834 737 626 95 97 111 607 424 183 55 42 72
is_linear=0
shrinkage=0.015


Tree=13
num_leaves=15
num_cat=0
split_feature=1 8 8 1 7 8 20 13 0 13 15 7 7 15
split_gain=65.1296 31.9055 28.2295 24.6657 20.8694 18.8163 16.36 13.4485 11.8891 8.42351 4.70711 3.08101 2.07679 1.97401
threshold=0.17370100309557254 0.89566105306048238 0.072218966611403423 0.54476242354889681 16.004999999999885 0.096289947048475322 1.0000000180025095e-35 0.69629322151344286 0.39155400362299736 0.42016086844987233 16.732500000000027 24.825000000000049 12.435000000000175 11.77285714285714
decision_type=2 2 2 2 2 2 2 2 2 2 2 2 2 2
left_child=1 2 11 5 -4 7 -7 -2 9 -3 -10 -1 -5 -14
right_child=3 8 4 12 -6 6 -8 -9 10 -11 -12 -13 13 -15
leaf_value=0.0033404217209117345 0.010216948521770753 -0.0062007013544852843 0.0053856428686977946 -0.0049747757516314939 -0.0089350595496241955 -0.014703113063436348 -0.0025346206068807232 -0.011085773905831649 -0.0033404863011686618 0.015538417988900752 0.011473285789221238 0.017441369457034561 -0.024206763531806563 -0.007161834781048225
leaf_weight=7.4350011050701168 26.595731288194656 2.7092042416334143 34.388892576098442 4.7949872463941601 58.764753967523575 39.320474788546562 69.975233554840088 6.6089509427547446 14.232082381844522 72.497187316417694 4.7604655474424353 16.843310251832008 17.84734478592873 5.5213207155466071
leaf_count=25 78 14 118 24 291 219 303 36 62 171 11 34 121 29
internal_value=-2.97547e-05 0.00548807 0.000173412 -0.00689985 -0.00356748 -0.0041574 -0.00716532 0.00537497 0.0118942 0.0145178 0.000754635 0.0139914 -0.0193315 -0.0213573
internal_weight=382.295 211.631 117.432 170.664 93.1536 142.5 109.296 33.2047 94.1989 75.2064 18.9925 24.2783 28.1637 23.3687
internal_count=1536 726 468 810 409 636 522 114 258 185 73 59 174 150
is_linear=0
shrinkage=0.015


Tree=14
num_leaves=15
num_cat=0
split_feature=3 0 1 15 0 20 13 1 3 4 7 0 13 8
split_gain=93.5876 62.7436 19.3133 16.3861 12.6879 11.095 10.9191 8.142 11.4464 6.64975 3.91232 2.71036 1.9468 2.13772
threshold=0.57781274281276596 0.393794782917188 0.050961184742015379 5.9825000000000417 0.18077021805506968 1.0000000180025095e-35 0.58712495773181994 0.17370100309557254 0.81278797092021382 1.1220467269408296 15.069999999999938 0.47583848859776551 0.82744671282625593 0.82574309579351601
decision_type=2 2 2 2 2 2 2 2 2 2 2 2 2 2
left_child=1 4 11 -4 10 12 -6 8 -7 -9 -1 -3 13 -2
right_child=5 2 3 -5 6 7 -8 9 -10 -11 -12 -13 -14 -15
leaf_value=0.0035759559944387185 -0.024316309688846485 0.015420314601391868 0.001196778575462948 -0.01036814583081746 2.8982759571178309e-05 0.0067665718271613289 0.010102792610380273 -4.1515434272248883e-05 -0.011587311905420625 -0.018307400066836677 0.017952947358397905 0.0027435249466298572 -0.0066209326757786756 -0.0022008093515520112
leaf_weight=7.4454162716865531 23.762893646955497 8.1444373577833193 41.71809196472168 71.672870233654976 37.317489579319954 13.280662208795549 75.920945078134537 6.664933696389201 13.020099267363547 20.303848370909691 44.523692414164543 10.646827697753904 5.3860105872154227 2.2518720775842658
leaf_count=25 162 17 163 365 146 43 222 28 71 125 92 38 28 11
internal_value=-3.14504e-05 0.00392288 -0.00371065 -0.00610126 0.0100466 -0.0137769 0.00690619 -0.00880829 -0.00223121 -0.0143667 0.016241 0.0095534 -0.0209492 -0.0229635
internal_weight=382.06 297.39 132.182 113.391 165.208 84.6703 113.238 53.2695 26.3008 26.9688 51.9691 18.7913 31.4008 26.0148
internal_count=1536 1068 583 528 485 468 368 267 114 153 117 55 201 173
is_linear=0
shrinkage=0.015


Tree=15
num_leaves=15
num_cat=0
split_feature=3 0 15 0 6 0 8 9 0 10 13 13 0 13
split_gain=91.2388 60.9548 16.1849 14.1916 13.5921 10.38 8.5847 16.3284 8.33616 4.40933 3.61593 4.83529 3.59391 2.9917
threshold=0.57781274281276596 0.393794782917188 5.9825000000000417 0.72985739750445744 1.1789942138375553 0.52260155797035646 0.68908059877157657 0.005825736404656179 0.18077021805506968 0.0074150320410321076 0.78150076454937045 0.82744671282625593 0.57715172076532195 0.55818767359011445
decision_type=2 2 2 2 2 2 2 2 2 2 2 2 2 2
left_child=1 4 3 -3 8 -4 10 12 -1 -6 13 -12 -8 -2
right_child=6 2 5 -5 9 -7 7 -9 -10 -11 11 -13 -14 -15
leaf_value=0.017317434777424468 -0.010888754152984417 0.0058736628884546544 -0.0015332510570862236 -0.018249836642294147 0.004295219278836985 -0.012388377074288691 -0.0023984456317735579 -0.021529988122799954 0.0087166572585919751 -0.0073661127626157633 0.0059326839893039905 -0.014405129956045799 0.010003288487554137 -0.022279926062955209
leaf_weight=45.820026427507401 18.450243055820465 44.593303203582764 38.44730532169342 4.1595858335494986 20.362548351287845 44.94520391523838 16.421018689870841 8.5555578917264921 90.165120199322701 8.7340590953826887 3.4933357983827582 2.8028823435306549 5.1964928507804862 29.623478785157204
leaf_count=97 100 153 162 28 70 240 73 58 276 42 11 19 14 193
internal_value=-3.16589e-05 0.00387213 -0.00365148 0.00302962 0.00991117 -0.00762468 -0.0136152 -0.00619942 0.011878 0.000304977 -0.0172316 -0.00350713 0.000859819 -0.0186674
internal_weight=381.77 297.227 132.145 48.7529 165.082 83.3925 84.543 30.1731 135.985 29.0966 54.3699 6.29622 21.6175 48.0737
internal_count=1536 1068 583 181 485 402 468 145 373 112 323 30 87 293
is_linear=0
shrinkage=0.015


Tree=16
num_leaves=16
num_cat=0
split_feature=3 0 1 15 6 22 3 1 0 15 2 2 4 10 2
split_gain=88.845 59.2928 18.7299 15.4774 13.2335 8.1926 18.8892 12.8861 8.1405 7.96386 9.69579 5.95706 4.62772 4.29748 0.357759
threshold=0.57781274281276596 0.393794782917188 0.050961184742015379 5.9825000000000417 1.1789942138375553 1.0000000180025095e-35 0.81278797092021382 0.23027104385882 0.18077021805506968 4.3232142857142604 0.828478033272951 0.069624865344421846 1.5614939523328257 0.0074150320410321076 0.39772272746409326
decision_type=2 2 2 2 2 2 2 2 2 2 2 2 2 2 2
left_child=1 4 11 -4 8 9 7 -7 -1 14 -11 -3 -8 -6 -2
right_child=5 2 3 -5 13 6 12 -9 -10 10 -12 -13 -14 -15 -16
leaf_value=0.017099141471495057 0.00091232310419243684 -0.0097616351606423669 0.0011275814226806449 -0.010110459802205287 0.0042372925708274107 0.015241458331354535 -0.0030864192890978923 -0.011007579701127269 0.0085927819532445708 -0.020719352084387545 0.00507925715415507 0.012172452784596903 -0.021956266643614868 -0.00727469703632945 -0.0041582794761738009
leaf_weight=45.735075548291206 4.3859222531318656 1.3409149199724222 41.715904772281647 71.610249295830727 20.358676150441173 9.3772336840629595 6.1557169407606152 4.6036155968904486 90.122138231992722 44.781650379300117 2.2798861712217322 17.44283851981163 10.294061407446859 8.7362719029188138 2.5505813360214233
leaf_count=97 17 9 163 365 70 21 29 27 276 284 7 46 70 42 13
internal_value=-3.64177e-05 0.00381548 -0.0036044 -0.00596084 0.00977496 -0.0134508 -0.00622522 0.00583297 0.0117173 -0.017021 -0.0191606 0.00945711 -0.0164015 0.000293846 -0.000626259
internal_weight=381.491 297.062 132.11 113.326 164.952 84.4287 30.4306 13.9808 135.857 53.998 47.0615 18.7838 16.4498 29.0949 6.9365
internal_count=1536 1068 583 528 485 468 147 48 373 321 291 55 99 112 30
is_linear=0
shrinkage=0.015


Tree=17
num_leaves=15
num_cat=0
split_feature=3 0 1 13 0 4 13 8 9 1 13 13 2 3
split_gain=86.5001 57.6268 18.5181 13.5188 11.832 11.2166 10.7126 8.3473 15.851 4.54232 3.49275 4.69529 3.65896 2.49814
threshold=0.57781274281276596 0.393794782917188 0.54476242354889681 0.69370523241889503 0.18077021805506968 2.1714905847058401 0.58712495773181994 0.68908059877157657 0.005825736404656179 0.20894269870425838 0.78150076454937045 0.82744671282625593 0.41612055370600992 0.1030890387609896
decision_type=2 2 2 2 2 2 2 2 2 2 2 2 2 2
left_child=1 4 3 -3 13 -4 -6 10 9 -9 12 -12 -2 -1
right_child=7 2 5 -5 6 -7 -8 8 -10 -11 11 -13 -14 -15
leaf_value=0.018256673334800039 -0.012398402121034569 0.001869059434074013 -0.022982692743179777 -0.0095582879161347847 0 0.0021771383059672432 0.009776718402469891 0.0053975775127164966 -0.021122558385748579 -0.0081563610634363404 0.0058995885120928029 -0.014147242656124707 -0.024050126048206971 0.0081195896010676939
leaf_weight=35.513652965426445 27.513074994087219 84.665570080280304 13.525000780820848 29.643902108073235 37.297818914055824 4.229705110192298 75.807651713490486 15.626370698213583 8.5193537175655347 5.9699324965476981 3.4917734116315833 2.7931786775588989 20.371211051940918 16.19496788084507
leaf_count=70 154 326 92 149 146 16 222 55 58 32 11 19 139 47
internal_value=-3.74803e-05 0.00376259 -0.00355219 -0.00114332 0.00964115 -0.0169956 0.00660845 -0.0132864 -0.00598031 0.00095922 -0.0168572 -0.00336889 -0.0182712 0.015642
internal_weight=381.163 296.878 132.064 114.309 164.814 17.7547 113.105 84.2849 30.1157 21.5963 54.1692 6.28495 47.8843 51.7086
internal_count=1536 1068 583 475 485 108 368 468 145 87 323 30 293 117
is_linear=0
shrinkage=0.015


Tree=18
num_leaves=15
num_cat=0
split_feature=3 0 4 15 6 13 8 9 13 15 0 13 13 13
split_gain=84.3165 56.0799 17.7365 16.6973 12.8875 9.99698 8.12046 15.4956 7.77642 4.26206 3.47107 3.38892 4.61715 2.98284
threshold=0.57781274281276596 0.393794782917188 1.0472900214547567 5.8732142857143286 1.1789942138375553 0.45313328957868199 0.68908059877157657 0.005825736404656179 0.37127008476972084 7.2085714285714184 0.57715172076532195 0.78150076454937045 0.82744671282625593 0.55818767359011445
decision_type=2 2 2 2 2 2 2 2 2 2 2 2 2 2
left_child=1 4 3 -3 8 -4 11 10 -1 -6 -8 13 -13 -2
right_child=6 2 5 -5 9 -7 7 -9 -10 -11 -12 12 -14 -15
leaf_value=-0.0036506055667211521 -0.010405206527955541 0.0087696752216696993 0.0025783186648983374 -0.0044963410190862699 -0.0053657506614783459 -0.014181198490203557 -0.002267154458967466 -0.020908900527243323 0.012201091614007408 0.005404731207470914 0.0099147373905347468 0.0058421075753207893 -0.014037204770713149 -0.021632112791944519
leaf_weight=5.7438449561595908 18.368697568774223 32.200721979141235 8.4908374696969968 54.539132684469223 13.431699365377428 36.789845198392868 16.401711389422424 8.4979098439216596 129.84667907655239 15.647148489952086 5.193174719810485 3.4929066598415366 2.7885610163211823 29.414124757051468
leaf_count=26 100 99 32 245 61 207 73 58 347 51 14 11 19 193
internal_value=-4.14571e-05 0.00371004 -0.00350564 0.000430584 0.00951272 -0.0109038 -0.0131333 -0.00591724 0.0114318 0.000163309 0.000936598 -0.0166616 -0.00333611 -0.0180583
internal_weight=380.847 296.69 132.021 86.7399 164.669 45.2807 84.1571 30.0928 135.591 29.0788 21.5949 54.0643 6.28147 47.7828
internal_count=1536 1068 583 344 485 239 468 145 373 112 87 323 30 293
is_linear=0
shrinkage=0.015


Tree=19
num_leaves=15
num_cat=0
split_feature=3 1 2 15 13 5 10 3 1 18 15 2 17 7
split_gain=82.131 47.6974 20.0162 16.7816 15.4066 12.9767 9.00894 7.24381 15.4279 9.61578 9.29151 8.68213 1.53333 0.916767
threshold=0.57781274281276596 0.17195709305403797 0.37766439909295485 6.0371428571428405 0.35881243873994495 0.57566437663098491 0.00071705601690176123 0.81278797092021382 0.21929748343531047 10.500000000000002 4.3232142857142604 0.828478033272951 0.7528643102656899 10.935000000000175
decision_type=2 2 2 2 2 2 2 2 2 2 2 2 2 2
left_child=1 4 3 -3 -1 -6 -4 8 9 -2 13 -12 -10 -9
right_child=7 2 6 -5 5 -7 -8 10 12 -11 11 -13 -14 -15
leaf_value=-0.013314391510503976 -0.012197769139587132 0.00061375727872390673 0.010067312605847461 -0.012778886831806982 -0.0081700434857817483 0.01075500630259279 -0.0025068830475090949 0.0029523108168949242 -0.02167006837466259 0.0056057884288389275 -0.022096537826491292 0.0020375134887099552 -0.0017402686511972453 -0.005558993867781711
leaf_weight=4.7927337139844886 8.2844991981983203 33.331544995307922 26.537164777517319 50.0376316010952 6.7401440739631644 154.32505351305008 20.721245467662811 4.0764782875776282 10.931305661797522 18.1808712631464 34.6059410572052 2.7220291942358008 2.23939225077629 2.978983074426651
leaf_count=28 48 132 78 271 33 437 89 15 75 64 229 10 11 16
internal_value=-4.55852e-05 0.00365667 -0.00305717 -0.00744763 0.00896251 0.00982656 0.00452376 -0.0129785 -0.00738346 -0.000169267 -0.0172795 -0.0201318 -0.019452 -0.000247197
internal_weight=380.505 296.486 130.628 83.3692 165.858 161.065 47.2584 84.0195 39.6361 26.4654 44.3834 37.328 13.1707 7.05546
internal_count=1536 1068 570 403 498 470 167 468 198 112 270 239 86 31
is_linear=0
shrinkage=0.015


Tree=20
num_leaves=15
num_cat=0
split_feature=3 0 4 7 0 20 10 16 3 18 18 7 5 2
split_gain=79.9828 53.6013 17.0275 15.8822 11.5133 10.5858 9.66613 6.84499 6.74764 13.7435 6.27037 3.94788 1.58119 0.198771
threshold=0.57781274281276596 0.393794782917188 1.0472900214547567 16.670000000000304 0.18077021805506968 1.0000000180025095e-35 -0.00023993969111904461 0.0033739473533374201 0.81278797092021382 10.500000000000002 9.5000000000000018 15.069999999999938 1.7870947030717026 0.74067112225005383
decision_type=2 2 2 2 2 2 2 2 2 2 2 2 2 2
left_child=1 4 3 -3 11 12 -4 -6 9 -7 -10 -1 13 -2
right_child=5 2 6 -5 7 8 -8 -9 10 -11 -12 -13 -14 -15
leaf_value=0.0028139003135109622 -0.02187819914034838 0.0094138586040185719 -0.0022506200532703517 -0.003924533651964995 -0.0021632795335514059 -0.019159877826408281 -0.016699071815257701 0.0078026051470125053 0 0.0045079470629794376 -0.016333679386348901 0.016914962581471717 -0.0015860155309017591 -0.0055185342835987108
leaf_weight=7.4049038290977469 25.62879669666291 27.921796754002571 20.406795516610146 58.779347866773605 16.17856802046299 5.4526399075984981 24.805420607328415 96.735012248158455 6.7471138536930111 18.784364745020866 21.922373935580254 44.071081340312958 2.2325245440006247 3.095505714416503
leaf_count=25 173 83 92 261 67 37 147 301 29 68 133 92 11 17
internal_value=-5.09144e-05 0.00360176 -0.00345302 0.0004019 0.00928135 -0.012827 -0.0107081 0.0062966 -0.00800581 -0.00158543 -0.0127317 0.0152079 -0.0198533 -0.0208333
internal_weight=380.166 296.303 131.913 86.7011 164.39 83.8633 45.2122 112.914 52.9065 24.237 28.6695 51.476 30.9568 28.7243
internal_count=1536 1068 583 344 485 468 239 368 267 105 162 117 201 190
is_linear=0
shrinkage=0.015


Tree=21
num_leaves=14
num_cat=0
split_feature=1 8 8 1 7 8 20 13 13 5 5 7 15
split_gain=54.9434 26.861 24.2449 22.4441 18.6178 16.6487 15.6647 12.7763 10.5479 10.8533 3.52989 1.9679 2.04078
threshold=0.17370100309557254 0.89566105306048238 0.072218966611403423 0.54476242354889681 16.004999999999885 0.096289947048475322 1.0000000180025095e-35 0.69629322151344286 0.42016086844987233 0.61483764987308598 1.0087100693720517 12.435000000000175 11.77285714285714
decision_type=2 2 2 2 2 2 2 2 2 2 2 2 2
left_child=1 2 10 5 -4 7 -7 -2 -3 -10 -1 -5 -13
right_child=3 8 4 11 -6 6 -8 -9 9 -11 -12 12 -14
leaf_value=0.017438123343952179 0.0099245919324226009 -0.0098009279226912386 0.0051281561573498736 -0.004501837154752295 -0.0084255209301879672 -0.014009943011799073 -0.0020897507382975559 -0.0108504316152827 -0.0073013956862710977 0.01324663167483168 0.003661873082148541 -0.023102446740158083 -0.0064357876088894754
leaf_weight=14.597893595695497 26.536725670099258 3.4489093720912924 34.253725126385689 4.7679436653852489 58.37649530172348 39.027742698788643 69.6720070540905 6.5932033210992804 4.4797243028879157 85.517900824546814 9.4712184369564039 17.592246741056446 5.4602915048599234
leaf_count=28 78 19 118 24 291 219 303 36 22 217 31 121 29
internal_value=-5.48771e-05 0.00503076 0.000136088 -0.00638338 -0.0033318 -0.00376902 -0.00661314 0.0051943 0.0109339 0.0120058 0.0130017 -0.0183132 -0.020283
internal_weight=379.796 210.146 116.699 169.65 92.6302 141.83 108.7 33.1299 93.4465 89.9976 24.0691 27.8205 23.0525
internal_count=1536 726 468 810 409 636 522 114 258 239 59 174 150
is_linear=0
shrinkage=0.015


Tree=22
num_leaves=14
num_cat=0
split_feature=3 0 1 1 9 13 20 8 1 3 4 13 8
split_gain=76.9057 51.2489 16.2615 12.5781 11.4215 10.9348 10.2308 9.24523 7.80878 7.50792 6.19857 2.12089 2.15563
threshold=0.57781274281276596 0.47859349453096461 0.18401328590860394 0.54476242354889681 0.006222268214939825 0.37127008476972084 1.0000000180025095e-35 0.066471649888063658 0.45297890677662639 0.81278797092021382 2.1714905847058401 0.82744671282625593 0.82574309579351601
decision_type=2 2 2 2 2 2 2 2 2 2 2 2 2
left_child=1 2 5 7 -4 -1 11 -3 9 -8 -5 12 -2
right_child=6 3 4 10 -6 -7 8 -9 -10 -11 -12 -13 -14
leaf_value=-0.0079185985045519339 -0.022903122462436771 0.0092747457268196002 0.0035440540747310903 -0.021790064274647851 -0.015532560636881529 0.01139556840506681 0.0015995519100507219 -0.0049273706134739447 -0.020059081766799922 -0.010126922115738742 0 -0.0056062181095223752 -0.0015622769595238476
leaf_weight=5.1137096583843222 23.239717707037933 9.9246242046356183 56.607960775494576 11.790826097130774 5.9745690673589698 135.48025758564472 20.729745477437973 67.67354454100132 8.2586432993412 23.838115870952606 3.2946659177541724 5.3257630169391623 2.2323434799909583
leaf_count=26 162 29 205 81 36 368 81 309 57 129 14 28 11
internal_value=-5.79032e-05 0.00352428 0.00773324 -0.00559163 0.00118212 0.0105393 -0.0126054 -0.00282933 -0.00786266 -0.00467711 -0.0173672 -0.0195364 -0.0215557
internal_weight=379.484 295.86 203.176 92.6837 62.5825 140.594 83.6243 77.5982 52.8265 44.5679 15.0855 30.7978 25.4721
internal_count=1536 1068 635 433 241 394 468 338 267 210 95 201 173
is_linear=0
shrinkage=0.015


Tree=23
num_leaves=15
num_cat=0
split_feature=3 0 4 15 6 10 8 9 0 10 9 22 4 15
split_gain=74.945 50.0292 16.0184 15.6593 12.3878 9.41515 7.7066 14.9766 7.43333 4.18584 3.4474 2.42418 8.35056 2.69937
threshold=0.57781274281276596 0.393794782917188 1.0472900214547567 5.8732142857143286 1.1789942138375553 -0.00023993969111904461 0.68908059877157657 0.005825736404656179 0.18077021805506968 0.0074150320410321076 0.0049360786845375065 1.0000000180025095e-35 1.5614939523328257 4.3707142857143397
decision_type=2 2 2 2 2 2 2 2 2 2 2 2 2 2
left_child=1 4 3 -3 8 -4 11 10 -1 -6 -8 13 -13 -2
right_child=6 2 5 -5 9 -7 7 -9 -10 -11 -12 12 -14 -15
leaf_value=0.016020718573665774 -0.0037916224915582543 0.0084740179728053609 -0.0020595612522088472 -0.0043809866026382743 0.0037588904080161903 -0.016315254156545073 -0.0015590466489715077 -0.020279989923205014 0.0078797241689829572 -0.007648992616824557 0.011333285598115606 0.00051462200715254413 -0.017399295955609954 -0.020648010751016438
leaf_weight=45.178431183099747 4.6161021441221228 32.156305342912674 20.367251753807068 54.481041193008423 20.291526809334758 24.716010794043541 17.574917614459999 8.4130137562751752 89.733245655894279 8.7141182720661146 3.9561710655689231 9.4605292379856127 10.325116261839865 29.113732233643532
leaf_count=97 23 99 92 245 70 147 77 58 276 42 10 39 67 194
internal_value=-6.48299e-05 0.00347085 -0.00334613 0.000389209 0.00896835 -0.0103953 -0.0124651 -0.005453 0.0108549 0 0.00125301 -0.0159158 -0.00922858 -0.0188924
internal_weight=379.098 295.638 131.721 86.6373 163.917 45.0833 83.4596 29.9441 134.912 29.0056 21.5311 53.5155 19.7856 33.7298
internal_count=1536 1068 583 344 485 239 468 145 373 112 87 323 106 217
is_linear=0
shrinkage=0.015


Tree=24
num_leaves=14
num_cat=0
split_feature=3 1 2 20 13 5 20 1 3 18 13 5 6
split_gain=73.0362 42.1022 18.5691 21.157 14.535 12.3455 9.93596 7.68977 7.11692 5.83504 2.07405 2.20901 0.900058
threshold=0.57781274281276596 0.17195709305403797 0.37766439909295485 1.0000000180025095e-35 0.35881243873994495 0.57566437663098491 1.0000000180025095e-35 0.36872452961070251 0.81278797092021382 15.500000000000002 0.82744671282625593 1.7870947030717026 1.1949096797267311
decision_type=2 2 2 2 2 2 2 2 2 2 2 2 2
left_child=1 4 3 -3 -1 -6 10 8 -8 -4 11 -2 -9
right_child=6 2 9 -5 5 -7 7 12 -10 -11 -12 -13 -14
leaf_value=-0.013182112372909897 -0.022536084954754718 -0.015874417116243815 0.0077950938393317694 -0.00054574866189810532 -0.0082541378218669061 0.010181600321979895 0.0025005989175122998 -0.020199580619354392 -0.0093294701492552031 -0.0029818782807531723 -0.0054371883986424454 -0.0013131455203304425 -0.0025837806651412215
leaf_weight=4.7907276749610892 23.055079638957984 33.984846562147141 33.005697801709175 49.147979632019997 6.7311212271451941 153.55195714533329 18.49129655957222 8.8129151463508588 22.905276745557785 14.187902197241781 5.3124075382947913 2.2205978929996482 2.4959521591663352
leaf_count=28 162 197 105 206 33 437 70 61 123 62 28 11 13
internal_value=-6.81814e-05 0.00342177 -0.00288718 -0.00712595 0.00842253 0.00926899 -0.0123232 -0.00765272 -0.0040006 0.00441322 -0.0191771 -0.0211795 -0.0178477
internal_weight=378.694 295.4 130.326 83.1328 165.074 160.283 83.2935 52.7054 41.3966 47.1936 30.5881 25.2757 11.3089
internal_count=1536 1068 570 403 498 470 468 267 193 167 201 173 74
is_linear=0
shrinkage=0.015


Tree=25
num_leaves=13
num_cat=0
split_feature=1 1 13 4 6 13 16 4 4 2 6 7
split_gain=50.028 21.2129 14.7566 17.8976 13.0003 12.9024 12.4518 9.06953 6.38829 5.42538 3.38267 2.36073
threshold=0.17370100309557254 0.54476242354889681 0.44204786506226729 0.92236024844722475 1.3083048373654431 0.42016086844987233 0.0044661897039478321 1.0472900214547567 2.6816016068079658 0.096125221098951816 1.4573948284424094 21.565000000000058
decision_type=2 2 2 2 2 2 2 2 2 2 2 2
left_child=4 2 9 -4 5 6 -1 -7 -3 -2 11 -6
right_child=1 8 3 -5 10 7 -8 -9 -10 -11 -12 -13
leaf_value=0.0088833164696546264 -0.009869690729195758 -0.021261190876688336 0.0016342417814699331 -0.01005066115232927 -0.00078936971093906245 0.0094358688055129585 -0.014459777477693362 0.00210972731421484 -0.0015449135524627981 0.0099990872168430629 0.00044818108720885979 -0.019323200520997296
leaf_weight=6.2378847897052792 1.6056437790393854 21.813114568591121 45.300383850932121 75.265116572380066 3.4301766753196699 117.19486385583878 11.413176164031027 62.246353060007095 5.7690041959285727 19.299356669187546 4.1830524057149887 4.5523348152637482
leaf_count=17 11 147 175 391 15 345 65 237 27 59 16 31
internal_value=-7.57936e-05 -0.00612487 -0.00358525 -0.00564405 0.00478728 0.00576103 -0.00576416 0.00698711 -0.0177742 0.00741705 -0.00904499 -0.0138641
internal_weight=378.31 169.053 141.471 120.566 209.258 197.092 17.6511 179.441 27.5821 20.905 12.1656 7.98251
internal_count=1536 810 636 566 726 664 82 582 174 70 62 46
is_linear=0
shrinkage=0.015


Tree=26
num_leaves=15
num_cat=0
split_feature=0 4 8 8 6 4 13 16 18 13 10 16 5 10
split_gain=48.833 28.8798 22.8073 24.0855 18.3871 16.9128 13.0836 9.84368 9.73847 9.27329 8.07021 7.06777 6.82707 4.57523
threshold=0.393794782917188 1.0472900214547567 0.89746263509387869 0.10184647704341894 1.2945415533128872 1.4708560054652235 0.81767027847629203 0.0088971763439548348 17.500000000000004 0.43349456234193312 0.00017285696253256923 0.0039351338224080483 1.2389772937804098 0.0059092130229575013
decision_type=2 2 2 2 2 2 2 2 2 2 2 2 2 2
left_child=2 4 3 10 6 8 -2 -5 -4 12 -1 -11 -3 -7
right_child=1 9 5 7 -6 13 -8 -9 -10 11 -12 -13 -14 -15
leaf_value=0.011845972907450481 0.0033720767484238809 0.0082017699287909862 0.014880685721752905 -0.0026486418126123444 -0.020365744089361704 0.001547528262228283 -0.016169166468300369 -0.018042095198844567 0.00073145495176423631 -0.0072763320714907672 -0.0026006640892890969 -0.01905123157035038 -0.011349744027405588 -0.014237415161241364
leaf_weight=33.98885352909565 83.836642548441887 6.9694640636444074 68.496094703674316 55.016321837902069 7.4546796381473532 8.0098408758640272 6.4099945724010459 10.046766772866247 14.548706278204916 24.692254155874252 9.6040743291378003 39.006531536579132 5.2414007782936096 4.7425820976495734
leaf_count=89 309 22 159 245 51 29 39 65 53 127 40 248 32 28
internal_value=-7.8269e-05 -0.00591168 0.00484811 4.77151e-05 -0.000392035 0.0101038 0.00158234 -0.00560464 0.0125656 -0.0127272 0.00852423 -0.0149614 -7.89934e-05 -0.00494878
internal_weight=378.064 173.611 204.453 108.656 97.7013 95.7972 90.2466 65.0631 83.0448 75.9097 43.5929 63.6988 12.2109 12.7524
internal_count=1536 828 708 439 399 269 348 310 212 429 129 375 54 57
is_linear=0
shrinkage=0.015


Tree=27
num_leaves=15
num_cat=0
split_feature=1 8 8 1 16 8 20 13 18 12 15 4 10 6
split_gain=47.7908 23.859 21.9379 20.4213 16.8566 15.3067 14.6758 12.3718 12.065 12.0284 6.85015 6.30824 5.12588 2.45995
threshold=0.17370100309557254 0.89566105306048238 0.072218966611403423 0.54476242354889681 0.0047488528095671499 0.096289947048475322 1.0000000180025095e-35 0.69629322151344286 19.500000000000004 0.00053777735247773084 13.025714285714328 2.1714905847058401 -1.0000000180025095e-35 0.85653366378405338
decision_type=2 2 2 2 2 2 2 2 2 2 2 2 2 2
left_child=1 2 13 5 -4 7 -7 -2 9 -3 -10 -5 -13 -1
right_child=3 8 4 11 -6 6 -8 -9 10 -11 -12 12 -14 -15
leaf_value=0 0.0097419568431910269 -0.010113951674548797 0.0029375528162767527 -0.022352846822802693 -0.0095716451334874539 -0.013435739665761287 -0.0018725016812907037 -0.010708382894145078 -0.012737846970547315 0.013413830030448583 0.008378089549219531 0.0034272147206587567 -0.015303927528809155 0.014293153193402998
leaf_weight=3.890130206942561 26.499175444245338 3.425768479704856 46.573906257748604 18.313591420650486 45.679143846035004 38.753090649843216 69.47540619969368 6.5836744159460059 6.2399819195270521 79.356148570775986 3.7712605446577072 5.5175212919712067 3.6069571822881681 20.003473088145256
leaf_count=14 78 19 173 128 236 219 303 36 34 196 9 21 25 45
internal_value=-8.33995e-05 0.00467247 4.90591e-05 -0.00600164 -0.00324848 -0.00351099 -0.00624962 0.00507999 0.0102572 0.0121361 -0.00408846 -0.0174642 -0.00472331 0.012338
internal_weight=377.689 208.94 116.147 168.749 92.2531 141.311 108.228 33.0828 92.7932 82.7819 10.0112 27.4381 9.12448 23.8936
internal_count=1536 726 468 810 409 636 522 114 258 215 43 174 46 59
is_linear=0
shrinkage=0.015


Tree=28
num_leaves=16
num_cat=0
split_feature=0 4 8 8 15 4 9 14 18 5 13 16 5 17 5
split_gain=46.6339 27.6814 21.7938 22.8504 16.3791 16.2816 12.5204 10.2739 9.35501 9.13589 9.00573 6.8762 6.63207 5.6461 3.73845
threshold=0.393794782917188 1.0472900214547567 0.89746263509387869 0.055845886501678051 5.8732142857143286 1.4708560054652235 0.0033711032546792081 1.0000000180025095e-35 17.500000000000004 1.2042694193676984 0.43349456234193312 0.0039351338224080483 1.2389772937804098 0.87402636288184421 1.1743170993312928
decision_type=2 2 2 2 2 2 2 2 2 2 2 2 2 2 2
left_child=2 4 3 14 6 8 -2 -5 -4 -6 12 -12 -3 -7 -1
right_child=1 10 5 7 9 13 -8 -9 -10 -11 11 -13 -14 -15 -16
leaf_value=0.013637084356874447 0.011569832163152195 0.0081301890910149659 0.014578235274198522 0.00028860151353979092 -0.0023230763195213307 0.0012075716527560709 -0.0081679474999406705 -0.010446395588219488 0.00069591107658010208 -0.017935640774994977 -0.0071059237002570573 -0.01873145443331331 -0.011157891352892083 -0.017228773267208584 0.0011171150896577332
leaf_weight=22.269967719912533 29.416015490889549 6.9696636348962766 68.241042777895927 44.611863344907761 52.124662235379219 9.3377555310726148 7.3696760833263388 32.482770085334778 14.541402265429495 8.7259076535701734 24.642237156629562 38.816730424761772 5.2235637009143829 3.4077506810426703 9.1349515169858915
leaf_count=52 81 22 159 182 226 34 37 172 53 55 127 248 32 23 33
internal_value=-8.5806e-05 -0.00579168 0.00473318 3.74863e-05 -0.000388059 0.00987947 0.0072049 -0.0042894 0.0123021 -0.00518073 -0.0124794 -0.0146867 -1.23071e-05 -0.00488134 0.0105048
internal_weight=377.316 173.288 204.028 108.5 97.6363 95.528 36.7857 77.0946 82.7824 60.8506 75.6522 63.459 12.1932 12.7455 31.4049
internal_count=1536 828 708 439 399 269 118 354 212 281 429 375 54 57 85
is_linear=0
shrinkage=0.015


Tree=29
num_leaves=15
num_cat=0
split_feature=3 0 0 4 13 4 8 9 4 12 7 13 13 13
split_gain=67.397 44.5615 15.1271 13.0743 10.2807 11.2022 7.53773 14.437 7.46566 3.89158 3.8635 3.4336 4.44666 3.10331
threshold=0.57781274281276596 0.48902047370532503 0.18077021805506968 0.9647463042248835 0.44204786506226729 1.0429149397929858 0.68908059877157657 0.005825736404656179 1.0215523033366627 0.005432698228170608 15.069999999999938 0.78150076454937045 0.82744671282625593 0.55818767359011445
decision_type=2 2 2 2 2 2 2 2 2 2 2 2 2 2
left_child=1 2 10 -4 8 -6 11 9 -3 -8 -1 13 -13 -2
right_child=6 4 3 -5 5 -7 7 -9 -10 -11 -12 12 -14 -15
leaf_value=0.0021022143025215666 -0.0092442054730153961 -0.0052508759428653105 0.0083193284906937937 -0.00028938864945704355 -0.0030937473111111611 -0.015537670085219769 -0.0019045724395629576 -0.01966380180393772 0.013934493493550658 0.010993526754643171 0.015814996614988187 0.0064681216114800266 -0.013141419614681035 -0.020270921703287415
leaf_weight=7.3439582139253607 18.057815909385681 6.3171637505292875 88.106692090630531 67.801240816712379 47.783829912543297 25.669940412044525 16.300522685050971 8.3076955527067167 7.7992473095655441 5.1625852435827246 43.359108418226242 3.4636939167976371 2.7352585345506668 28.706589996814728
leaf_count=25 100 30 267 270 209 156 73 58 19 14 92 11 19 193
internal_value=-8.76289e-05 0.00326778 0.00706542 0.00457183 -0.00556625 -0.00783851 -0.0119026 -0.00499833 0.0052974 0.00155083 0.0141263 -0.015324 -0.00236471 -0.0167206
internal_weight=376.915 294.181 206.611 155.908 87.5702 73.4538 82.7342 29.7708 14.1164 21.4631 50.7031 52.9634 6.19895 46.7644
internal_count=1536 1068 654 537 414 365 468 145 49 87 117 323 30 293
is_linear=0
shrinkage=0.015


Tree=30
num_leaves=15
num_cat=0
split_feature=0 4 8 8 6 4 7 18 7 10 17 19 4 0
split_gain=44.3791 26.4615 20.6957 21.8697 17.6914 15.7804 10.3562 9.17953 8.50144 7.76027 5.52102 5.47639 10.252 3.49566
threshold=0.393794782917188 1.0472900214547567 0.89746263509387869 0.10184647704341894 1.2945415533128872 1.4708560054652235 16.670000000000304 17.500000000000004 12.125000000000002 0.00017285696253256923 0.87402636288184421 2.5000000000000004 1.3892692459316816 0.63374915569062862
decision_type=2 2 2 2 2 2 2 2 2 2 2 2 2 2
left_child=2 4 3 9 6 7 -2 -4 -5 -1 -7 12 -3 -13
right_child=1 11 5 8 -6 10 -8 -9 -10 -11 -12 13 -14 -15
leaf_value=0.011409402717165455 0.0084170492261826831 -0.00037446525040333082 0.014292987808010372 0.006278295509747284 -0.020018350825094049 0.0011414389483880853 -0.0020006702704801443 0.00055084669792043674 -0.0076733917990721798 -0.0027482326564879601 -0.017090336584144154 -0.021325567955657425 -0.014922887384439478 -0.0075102827971401942
leaf_weight=33.828281685709953 30.548814103007317 22.865093216300011 67.987710490822792 9.6930483579635602 7.4137405753135672 9.3295197933912259 59.616091772913933 14.520112529397009 55.189543977379799 9.585576266050337 3.4052161127328864 19.885835275053982 21.151303067803383 11.460272297263144
leaf_count=89 93 102 159 32 51 34 255 53 278 40 23 133 131 63
internal_value=-8.94821e-05 -0.00566116 0.00461714 3.63935e-05 -0.000379158 0.00964072 0.00155364 0.0120336 -0.00535155 0.00813495 -0.00488268 -0.0122167 -0.00787318 -0.0172529
internal_weight=376.48 172.941 203.539 108.296 97.5786 95.2426 90.1649 82.5078 64.8826 43.4139 12.7347 75.3625 44.0164 31.3461
internal_count=1536 828 708 439 399 269 348 212 310 129 57 429 233 196
is_linear=0
shrinkage=0.015


Tree=31
num_leaves=15
num_cat=0
split_feature=3 0 0 7 13 20 3 3 18 18 7 16 13 5
split_gain=64.4799 42.4541 14.6229 10.6619 9.98919 9.62673 8.79172 6.16475 13.2177 6.05852 3.79762 3.15342 2.17613 2.2665
threshold=0.57781274281276596 0.48902047370532503 0.18077021805506968 15.805000000000065 0.44204786506226729 1.0000000180025095e-35 0.54080448356248045 0.81278797092021382 10.500000000000002 9.5000000000000018 15.069999999999938 0.0069380170391304822 0.82744671282625593 1.7870947030717026
decision_type=2 2 2 2 2 2 2 2 2 2 2 2 2 2
left_child=1 2 10 -4 11 12 -6 8 -7 -9 -1 -3 13 -2
right_child=5 4 3 -5 6 7 -8 9 -10 -11 -12 -13 -14 -15
leaf_value=0.0019695057450262489 -0.021844112994345653 0.010312693862788299 0.010858269604568092 0.001939858070185157 -0.0092524164916418794 -0.018380656753929952 0.0077365924977081703 0 0.0049392702983481187 -0.015225353985263116 0.015537906308665686 -0.0021585161333509293 -0.004881245153757219 -0.00090314878827738314
leaf_weight=7.3324145525693885 22.637225553393371 8.5387678891420347 41.116767376661301 114.59513355791569 67.715773925185204 5.3851863890886333 5.6093726605176917 6.6907401382923153 18.694759741425514 21.558873668313026 43.148574411869049 5.5753064453601828 5.2636639028787604 2.2013480663299552
leaf_count=25 162 24 115 422 348 37 17 29 68 133 92 25 28 11
internal_value=-9.29285e-05 0.00318947 0.00690103 0.00445021 -0.00543763 -0.0116726 -0.00768228 -0.00709767 -0.000997991 -0.0116393 0.0138602 0.00526445 -0.0184544 -0.0204732
internal_weight=376.064 293.632 206.193 155.712 87.4392 82.4318 73.3251 52.3296 24.0799 28.2496 50.481 14.1141 30.1022 24.8386
internal_count=1536 1068 654 537 414 468 365 267 105 162 117 49 201 173
is_linear=0
shrinkage=0.015


Tree=32
num_leaves=15
num_cat=0
split_feature=3 0 1 3 13 13 4 22 3 1 5 2 4 4
split_gain=62.9269 41.2446 14.8027 11.7461 10.098 9.71421 10.7504 7.35938 16.3183 10.4103 7.3674 7.96039 7.34256 4.65765
threshold=0.57781274281276596 0.48902047370532503 0.097901855157798437 0.1593367524274828 0.35881243873994495 0.44204786506226729 1.0429149397929858 1.0000000180025095e-35 0.81278797092021382 0.17370100309557254 1.7870947030717026 0.81425206165747088 1.0215523033366627 1.5614939523328257
decision_type=2 2 2 2 2 2 2 2 2 2 2 2 2 2
left_child=1 2 4 -4 -1 12 -7 10 9 -9 11 -2 -3 -10
right_child=7 5 3 -5 -6 6 -8 8 13 -11 -12 -13 -14 -15
leaf_value=-0.0092344613121436141 -0.018099000477756789 -0.005255459659281707 0.007303934681235344 -0.0022890461008861565 0.012131536628642978 -0.0029299147401308364 -0.015136152236226516 0.015999608501587801 -0.0016895291431444684 -0.0070200264137344481 0.0012544056612255295 0.0046351018013355734 0.013766820658829766 -0.020016450385327299
leaf_weight=3.446102872490882 45.333836615085602 6.3156820833682996 60.089471206068993 50.438913777470589 92.035028263926506 47.750776872038841 25.527439206838608 8.1466852277517336 6.0582575350999859 5.7362818270921698 4.6061172783374777 2.4065419733524314 7.7984862476587296 9.947711229324339
leaf_count=19 294 30 188 211 236 209 156 17 29 31 19 8 19 70
internal_value=-9.26519e-05 0.00314902 0.00680959 0.00289671 0.0111098 -0.00535542 -0.00757092 -0.0115476 -0.0047738 0.00632968 -0.0149593 -0.0166619 0.00519365 -0.0144544
internal_weight=375.637 293.402 206.01 110.528 95.4811 87.3924 73.2782 82.2354 29.8889 13.883 52.3465 47.7404 14.1142 16.006
internal_count=1536 1068 654 399 255 414 365 468 147 48 321 302 49 99
is_linear=0
shrinkage=0.015


Tree=33
num_leaves=16
num_cat=0
split_feature=3 2 4 6 19 20 13 5 16 6 13 6 15 2 13
split_gain=61.256 25.3486 13.8871 19.6838 16.8718 9.35197 8.02474 6.02127 6.11248 5.4438 5.31176 2.22115 1.6661 1.36287 1.22655
threshold=0.57781274281276596 0.44462045442768527 1.0472900214547567 1.2945415533128872 2.5000000000000004 1.0000000180025095e-35 0.37127008476972084 1.2809083240729644 0.005533004010393929 1.2828022818335232 0.53943981404124597 0.74648216991080163 8.8203571428571372 0.42096402622719281 0.85138342643853748
decision_type=2 2 2 2 2 2 2 2 2 2 2 2 2 2 2
left_child=1 2 3 -1 -4 11 12 8 -7 -8 -9 13 -3 -2 -13
right_child=5 6 4 -5 -6 7 9 10 -10 -11 -12 14 -14 -15 -16
leaf_value=0.0044229194699625775 0.00017104061720929275 -0.010275852690872753 0.00019960178283824422 -0.015621951128165825 -0.015523396509708152 0.0045532743562091953 0.011056187686264327 -0.001014681367954403 -0.0094494435358864863 -0.0011123322876859733 -0.015888393418944782 -0.021533167480090508 0.0014597025066889545 -0.010815006691432373 -0.0031197873084573007
leaf_weight=118.51642213761806 3.3329516202211407 3.7434997260570517 37.027774661779404 10.055565714836119 23.118990018963814 14.891836419701578 90.592498376965523 9.3111421912908572 9.7852529436349851 7.4894835650920859 18.177797168493271 21.767904147505764 2.5828397125005722 2.1171512752771378 2.6371567249298087
leaf_count=411 15 21 153 60 138 55 246 43 55 30 114 157 9 15 14
internal_value=-9.41413e-05 0.00310339 -0.00015698 0.00258251 -0.00602834 -0.0114126 0.00895921 -0.00690508 -0.00101026 0.0100484 -0.0115152 -0.0181252 -0.00538409 -0.00484757 -0.0202145
internal_weight=375.148 293.127 188.719 128.572 60.1468 82.0212 104.408 52.166 24.6771 98.082 27.4889 29.8552 6.32634 5.4501 24.4051
internal_count=1536 1068 762 471 291 468 306 267 110 276 157 201 30 30 171
is_linear=0
shrinkage=0.015


Tree=34
num_leaves=15
num_cat=0
split_feature=3 0 16 6 4 13 20 0 0 4 13 10 13 5
split_gain=59.7311 39.6922 13.5988 11.2803 10.2913 9.75163 9.19174 6.49715 5.97612 9.79692 3.97332 3.91744 2.17836 2.16628
threshold=0.57781274281276596 0.393794782917188 0.0035758874421292805 1.1789942138375553 0.92236024844722475 0.6626384797852134 1.0000000180025095e-35 0.18077021805506968 0.17168739742598846 1.1220467269408296 0.75043422504879553 0.0074150320410321076 0.82744671282625593 1.7870947030717026
decision_type=2 2 2 2 2 2 2 2 2 2 2 2 2 2
left_child=1 3 4 7 -3 -4 12 -1 10 -10 -8 -5 13 -2
right_child=6 2 5 11 -6 -7 8 -9 9 -11 -12 -13 -14 -15
leaf_value=0.01468989175133604 -0.021338170565470684 0.011589661176733735 -0.0018959625842279095 0.0031137990244188814 -0.0041327246110348121 -0.011808649416320474 -0.005282050542265126 0.0070333006773513045 0.0004122303586233305 -0.014212224957847405 0.010300955213397507 -0.0079119868631556279 -0.0045742984405668574 -0.00081960480486134254
leaf_weight=44.18664276599884 22.293333664536483 19.455541178584099 60.399953186511993 20.169428497552875 14.3002483099699 36.721557170152664 5.0178623199462873 89.000851944088936 14.138272657990454 27.652192890644073 5.2959723174571991 8.6794984787702543 5.2352352887392035 2.1967148184776297
leaf_count=97 162 52 263 70 68 200 26 276 58 168 15 42 28 11
internal_value=-0.00010035 0.00305611 -0.00302354 0.00798937 0.0048607 -0.00588225 -0.0112919 0.0098087 -0.00682356 -0.00930045 0.00248394 -0.000258191 -0.0179639 -0.0199817
internal_weight=374.743 292.914 130.877 162.036 33.7558 97.1215 81.8296 133.187 52.1043 41.7905 10.3138 28.8489 29.7253 24.49
internal_count=1536 1068 583 485 120 463 468 373 267 226 41 112 201 173
is_linear=0
shrinkage=0.015


Tree=35
num_leaves=14
num_cat=0
split_feature=3 0 1 3 20 5 1 8 1 6 4 6 3
split_gain=58.2137 38.7262 14.1838 11.2811 9.05327 8.83035 8.64313 7.62638 7.32622 7.13603 6.33709 2.19377 1.3379
threshold=0.57781274281276596 0.48902047370532503 0.097901855157798437 0.1593367524274828 1.0000000180025095e-35 0.57566437663098491 0.54476242354889681 0.066471649888063658 0.45297890677662639 1.0762607230464758 2.1714905847058401 0.74648216991080163 0.88399439831679827
decision_type=2 2 2 2 2 2 2 2 2 2 2 2 2
left_child=1 2 5 -4 11 -1 7 -3 9 -6 -8 12 -2
right_child=4 6 3 -5 8 -7 10 -9 -10 -11 -12 -13 -14
leaf_value=-0.0070906943378727773 0.0002602460278049176 0.0087197341603677536 0.0070672561683136443 -0.0023398750489458183 -0.0088257869864076868 0.011816062441894332 -0.020110227150433698 -0.0047502072076683142 -0.01864094052703107 0.0027043186240631122 0.001075688348406688 -0.019885014627283034 -0.010618933207588305
leaf_weight=4.1303415596485129 3.3245401382446316 8.8287018239498121 59.944807559251785 50.401578828692436 24.684753149747849 90.932055413722992 10.857537671923636 64.446435689926147 7.9820556491613379 19.367134764790535 3.0982329845428458 24.162278577685356 2.1020045727491379
leaf_count=20 15 26 188 211 132 235 77 298 57 78 13 171 15
internal_value=-0.000101582 0.00301383 0.00656814 0.00273855 -0.0111658 0.0107881 -0.00523131 -0.00283906 -0.0067329 -0.00369649 -0.0153915 -0.0178041 -0.00466882
internal_weight=374.262 292.64 205.409 110.346 81.6228 95.0624 87.2309 73.2751 52.0339 44.0519 13.9558 29.5888 5.42654
internal_count=1536 1068 654 399 468 255 414 324 267 210 90 201 30
is_linear=0
shrinkage=0.015


Tree=36
num_leaves=15
num_cat=0
split_feature=0 4 4 15 9 0 10 5 4 13 16 5 15 4
split_gain=38.9484 24.0272 17.2106 15.1364 11.919 9.40026 9.35137 8.81395 8.56471 8.25668 6.72889 6.07683 4.54748 2.82748
threshold=0.393794782917188 1.0472900214547567 2.0802009215873558 5.8732142857143286 0.0033711032546792081 0.18077021805506968 -0.0040624746211262684 1.2042694193676984 1.0723853518395929 0.43349456234193312 0.0039351338224080483 1.2389772937804098 5.3475000000000179 1.5504953228671712
decision_type=2 2 2 2 2 2 2 2 2 2 2 2 2 2
left_child=2 3 5 4 -2 13 -4 -5 -7 11 -11 -3 -8 -1
right_child=1 9 6 7 -6 8 12 -9 -10 10 -12 -13 -14 -15
leaf_value=0.012218793993601996 0.011265017105882926 0.0080416596936679647 0.0054683503959067695 -0.0021274898721071311 -0.0079970499488381513 0.0063030532505803467 -0.0015036130822693125 -0.017490781122791978 -0.0016361636677190163 -0.0063353813524837273 -0.017773272464349968 -0.01050482649466117 -0.020768686796130531 0.0021088941019428652
leaf_weight=48.535418525338173 29.334061041474342 6.9502969831228238 5.810263559222224 51.981483995914459 7.3583831787109366 76.84013357758522 5.4783773124217978 8.659127324819563 46.778639957308769 24.361372545361519 38.102587312459946 5.1452343314886093 8.1427624076604825 10.317117616534231
leaf_count=124 81 22 19 226 37 246 25 55 199 127 248 32 57 38
internal_value=-0.000105366 -0.00533945 0.00432262 -0.00030848 0.00699463 0.00578996 -0.00836096 -0.00492941 0.00326085 -0.0116295 -0.0137637 0 -0.014685 0.0106973
internal_weight=373.795 171.893 201.903 97.3331 36.6924 182.471 19.4314 60.6406 123.619 74.5595 62.464 12.0955 13.6211 58.8525
internal_count=1536 828 708 399 118 607 101 281 445 429 375 54 82 162
is_linear=0
shrinkage=0.015


Tree=37
num_leaves=14
num_cat=0
split_feature=3 0 1 10 3 13 4 20 4 1 6 13 5
split_gain=56.2042 36.9609 13.5774 12.3708 9.89044 9.2092 9.84288 8.83825 7.1968 7.14164 6.97943 2.19479 2.47775
threshold=0.57781274281276596 0.48902047370532503 0.29207738145014889 0.0041728789846614718 0.054478488043760341 0.44204786506226729 1.0429149397929858 1.0000000180025095e-35 1.0215523033366627 0.45297890677662639 1.0762607230464758 0.82744671282625593 1.8287858025767922
decision_type=2 2 2 2 2 2 2 2 2 2 2 2 2
left_child=1 2 4 -4 -1 8 -7 11 -3 10 -9 12 -2
right_child=7 5 3 -5 -6 6 -8 9 -10 -11 -12 -13 -14
leaf_value=0.014648559973985877 -0.020980397709863673 -0.0051904733661277081 0.0035389263112969799 -0.015179580960436425 0.0058723355050094676 -0.0028310665100196772 -0.014561637131839476 -0.008705186848099079 0.01364336410692301 -0.018415344822259302 0.0027012532593255912 -0.0043177739591025504 0
leaf_weight=40.343661472201347 22.141252472996719 6.3101459294557554 23.871835649013519 9.3290612548589689 131.46064025163651 47.69173464179039 25.277207314968109 24.637942433357239 7.7939648628234863 7.9257323145866385 19.358496710658073 5.2095738798379889 2.0514079183340064
leaf_count=90 163 30 86 55 423 209 156 132 19 57 78 28 10
internal_value=-0.000107783 0.00295396 0.00643021 -0.00207131 0.0081212 -0.00510696 -0.00727476 -0.0110011 0.00515328 -0.00662027 -0.00362405 -0.017584 -0.0196066
internal_weight=373.403 292.078 205.005 33.2009 171.804 87.0731 72.9689 81.3244 14.1041 51.9222 43.9964 29.4022 24.1927
internal_count=1536 1068 654 141 513 414 365 468 49 267 210 201 173
is_linear=0
shrinkage=0.015


Tree=38
num_leaves=15
num_cat=0
split_feature=3 0 1 3 20 5 1 2 1 6 1 6 2 2
split_gain=54.8226 35.9384 13.4579 10.788 8.68963 8.62725 8.24127 7.73255 7.02316 6.79929 4.83066 2.21959 1.34466 0.807986
threshold=0.57781274281276596 0.48902047370532503 0.097901855157798437 0.1593367524274828 1.0000000180025095e-35 0.57566437663098491 0.54476242354889681 0.41612055370600992 0.45297890677662639 1.0762607230464758 1.0303301739629658 0.74648216991080163 0.42096402622719281 0.74067112225005383
decision_type=2 2 2 2 2 2 2 2 2 2 2 2 2 2
left_child=1 2 5 -4 11 -1 7 -3 9 -6 -8 12 -2 -13
right_child=4 6 3 -5 8 -7 10 -9 -10 -11 -12 13 -14 -15
leaf_value=-0.0071796641344673735 0.00049135983234741356 -0.0043484666435237096 0.0068531502968194047 -0.0023517818893360309 -0.0085937434839675995 0.011487139444720428 -0.01962035251775374 0.011020940642408187 -0.018263968487661618 0.0026639480891808825 0 -0.020818532399394907 -0.010425508738894532 -0.0038500108763048681
leaf_weight=4.1237697005271903 3.3053252846002605 67.064517572522163 59.793598249554634 50.366249352693558 24.609237238764763 90.508299440145493 10.079601928591726 6.1068404763936988 7.8884087949991217 19.363115817308426 3.747506469488143 20.99029336869717 2.0856470912694931 2.8784316331148139
leaf_count=20 15 308 188 211 132 235 72 16 57 78 18 155 15 16
internal_value=-0.000111228 0.00291214 0.0063422 0.0026108 -0.0108849 0.0104643 -0.00503894 -0.00270688 -0.00654213 -0.00357308 -0.0150045 -0.0174312 -0.00439565 -0.019518
internal_weight=372.911 291.79 204.792 110.16 81.1205 94.6321 86.9985 73.1714 51.8608 43.9724 13.8271 29.2597 5.39097 23.8687
internal_count=1536 1068 654 399 468 255 414 324 267 210 90 201 30 171
is_linear=0
shrinkage=0.015


Tree=39
num_leaves=14
num_cat=0
split_feature=3 1 2 8 3 7 8 20 1 3 13 5 18
split_gain=53.4854 31.0381 16.5305 14.8688 14.1935 21.0253 11.9867 8.55092 6.90772 6.41281 2.17432 2.41916 1.37797
threshold=0.57781274281276596 0.29207738145014889 0.35246759688726309 0.96627406848451947 0.052167991532987699 16.670000000000304 0.96115980722693894 1.0000000180025095e-35 0.45297890677662639 0.81278797092021382 0.82744671282625593 1.8287858025767922 9.5000000000000018
decision_type=2 2 2 2 2 2 2 2 2 2 2 2 2
left_child=1 4 6 -4 12 -6 -3 10 9 -9 11 -2 -1
right_child=7 2 3 -5 5 -7 -8 8 -10 -11 -12 -13 -14
leaf_value=0.0068486043319738272 -0.020673067567602097 -0.014863421521057617 0.0077934434403767973 -0.018413437587370129 0.011001404197134664 2.4973644721205937e-05 0.0015933804281270596 0.0022238206184174614 -0.018115664834425321 -0.0086587284254552206 -0.0041516608653178553 0 0.016191621459554897
leaf_weight=13.189697757363318 21.881814956665046 34.891734838485718 26.032289519906048 3.8367201089859 58.312493413686752 116.50358788669109 12.071657881140707 20.586589112877846 7.8503518253564826 23.361075162887573 5.1912294924259177 2.0478144884109488 26.674764797091484
leaf_count=38 163 208 84 26 160 449 49 81 57 129 28 10 54
internal_value=-0.00011571 0.00286999 -0.0051682 0.00324748 0.00580255 0.00381177 -0.0105878 -0.010772 -0.00646514 -0.00352284 -0.017284 -0.0193037 0.0137544
internal_weight=372.432 291.513 76.8324 29.869 214.681 174.816 46.9634 80.9189 51.798 43.9477 29.1209 23.9296 39.8645
internal_count=1536 1068 367 110 701 609 257 468 267 210 201 173 92
is_linear=0
shrinkage=0.015


Tree=40
num_leaves=15
num_cat=0
split_feature=0 4 8 8 6 4 13 14 18 13 16 7 5 17
split_gain=35.6715 22.3995 17.0841 18.1415 16.1628 14.558 12.299 9.326 9.01002 7.82922 6.5167 6.19982 5.78369 5.18824
threshold=0.393794782917188 1.0472900214547567 0.89746263509387869 0.055845886501678051 1.2945415533128872 1.4708560054652235 0.81767027847629203 1.0000000180025095e-35 17.500000000000004 0.43349456234193312 0.0039351338224080483 13.394999999999984 1.2389772937804098 0.87402636288184421
decision_type=2 2 2 2 2 2 2 2 2 2 2 2 2 2
left_child=2 4 3 11 6 8 -2 -5 -4 12 -11 -1 -3 -7
right_child=1 9 5 7 -6 13 -8 -9 -10 10 -12 -13 -14 -15
leaf_value=-0.010710406805354792 0.0032937799952513528 0.0079141019904849005 0.013313190693357988 0.00043767892866228015 -0.019211265999175074 0.00070333544718355085 -0.015684537014296378 -0.0098529799609805048 0 -0.0060326055781167627 -0.017300901207473938 0.011103511470151347 -0.010216990214526586 -0.016997045137163425
leaf_weight=1.3112109154462839 83.500806361436844 6.9405279755592328 66.90183213353157 44.112653464078903 7.2743450552225104 9.2713113725185377 6.3791424036025992 31.938371792435646 14.380326077342032 24.21532379090786 37.67327768355608 29.565882474184036 5.1020203828811646 3.3936537951230994
leaf_count=9 309 22 159 182 51 34 39 172 53 127 248 76 32 23
internal_value=-0.000116989 -0.00513798 0.00413091 0 -0.000282126 0.00872609 0.00155309 -0.00392963 0.0110587 -0.0112449 -0.0133362 0.00935386 0 -0.00519938
internal_weight=371.961 171.085 200.875 106.928 97.1543 93.9471 89.8799 76.051 81.2822 73.9311 61.8886 30.8771 12.0425 12.665
internal_count=1536 828 708 439 399 269 348 354 212 429 375 85 54 57
is_linear=0
shrinkage=0.015


Tree=41
num_leaves=15
num_cat=0
split_feature=3 0 1 3 5 1 3 22 1 6 4 9 12 7
split_gain=51.3203 33.6653 12.9624 10.2191 8.41385 7.78824 6.55096 15.7619 9.62494 6.42443 6.26684 3.55828 2.64477 4.96321
threshold=0.57781274281276596 0.48902047370532503 0.097901855157798437 0.20732157993755407 0.57566437663098491 0.54476242354889681 0.81278797092021382 1.0000000180025095e-35 0.17370100309557254 1.2945415533128872 2.1714905847058401 0.0014379981678400552 0.0080073636000846955 12.315000000000056
decision_type=2 2 2 2 2 2 2 2 2 2 2 2 2 2
left_child=1 2 4 -4 -1 9 7 11 -9 -3 -7 -2 13 -8
right_child=6 5 3 -5 -6 10 12 8 -10 -11 -12 -13 -14 -15
leaf_value=-0.0072164706605062573 -0.017480662675350169 -0.0011292344228232374 0.0058629197417695688 -0.0034285435883423293 0.011201624828784394 -0.019414794575104973 -0.0014247374195010877 0.015789812942940643 -0.0064103734405095937 -0.016977187781273589 0.0015682259805701369 -0.0042070174917727115 -0.00094497685453593695 -0.018208952917084673
leaf_weight=4.1181041151285163 13.004413865506651 68.563610315322876 70.575364917516708 39.358410611748695 90.092662155628204 10.629231467843054 6.0171505510807028 8.1376146525144559 5.6660579890012732 4.5091256350278845 3.0671284645795813 11.512128055095671 4.2691491693258277 31.960557192564011
leaf_count=20 90 293 229 170 235 77 29 17 31 31 13 60 22 219
internal_value=-0.000121112 0.00280357 0.00612988 0.00246757 0.0101853 -0.00489964 -0.0105846 -0.00534978 0.0065446 -0.00263331 -0.014637 -0.0123181 -0.0147069 -0.0159416
internal_weight=371.481 290.914 204.145 109.934 94.2108 86.7691 80.5671 38.3202 13.8037 73.0727 13.6964 24.5165 42.2469 37.9777
internal_count=1536 1068 654 399 255 414 468 198 48 324 90 150 270 248
is_linear=0
shrinkage=0.015


Tree=42
num_leaves=15
num_cat=0
split_feature=3 0 1 6 2 20 1 6 13 2 10 6 2 13
split_gain=50.0161 32.8872 13.8309 10.7675 10.6599 8.35788 6.7796 6.4546 6.12774 5.4322 3.7037 2.26186 1.33387 1.19281
threshold=0.57781274281276596 0.393794782917188 0.050961184742015379 1.1789942138375553 0.44462045442768527 1.0000000180025095e-35 0.45297890677662639 1.0762607230464758 0.37127008476972084 0.069624865344421846 0.0074150320410321076 0.74648216991080163 0.42096402622719281 0.85138342643853748
decision_type=2 2 2 2 2 2 2 2 2 2 2 2 2 2
left_child=1 3 9 8 -4 11 7 -7 -1 -3 -5 12 -2 -13
right_child=5 2 4 10 -6 6 -8 -9 -10 -11 -12 13 -14 -15
leaf_value=-0.0041095113476447365 0.00076661435293408505 -0.0097155918772433379 -0.006590275099436509 0.0025331880491554762 0.0067720977676394099 -0.008231998819626607 -0.017804977963633055 0.0027515308103147748 0.0097862516518560597 0.011116154250728059 -0.0081639122765653546 -0.020357594669478504 -0.010122806488680573 -0.0026409497640565447
leaf_weight=5.7233726084232321 3.2808803319931057 1.3371470570564294 98.229909673333168 20.054643377661709 13.319318965077398 24.48426765203476 7.7615214735269538 19.308996334671974 126.02183710038662 17.284376427531242 8.6517429053783399 20.836621627211574 2.0583079308271408 2.6085811257362357
leaf_count=26 15 9 484 70 44 132 57 78 347 46 42 157 15 14
internal_value=-0.000126346 0.00276011 -0.00277938 0.00727923 -0.00483754 -0.0104724 -0.00622148 -0.00331678 0.00907408 0.0084594 -0.000768288 -0.0169437 -0.00402402 -0.0190437
internal_weight=370.962 290.622 130.171 160.452 111.549 80.3392 51.5548 43.7933 131.745 18.6215 28.7064 28.7844 5.33919 23.4452
internal_count=1536 1068 583 485 528 468 267 210 373 55 112 201 30 171
is_linear=0
shrinkage=0.015


Tree=43
num_leaves=15
num_cat=0
split_feature=3 0 16 13 0 13 8 9 0 7 13 2 13 9
split_gain=48.8105 31.9426 12.4718 9.03587 8.80289 9.3519 7.14841 13.6967 6.61784 3.97009 3.31151 4.61013 4.24827 3.16406
threshold=0.57781274281276596 0.393794782917188 0.0035758874421292805 0.6626384797852134 0.18077021805506968 0.58712495773181994 0.68908059877157657 0.005825736404656179 0.49907362778982095 15.069999999999938 0.78150076454937045 0.41612055370600992 0.82744671282625593 0.0049360786845375065
decision_type=2 2 2 2 2 2 2 2 2 2 2 2 2 2
left_child=1 4 8 -4 9 -6 10 13 -3 -1 11 -2 -12 -8
right_child=6 2 3 -5 5 -7 7 -9 -10 -11 12 -13 -14 -15
leaf_value=0.00076698600353171452 -0.0092506303229845741 0.011055529797480344 -0.0016487887148671887 -0.01121571233855893 -0.0013722584975312323 0.007610960537074613 -0.00022044145284064661 -0.018339895344940321 -0.0014217244833924568 0.01419022615006163 0.0071340981095038914 -0.021135012510650843 -0.012222111476318954 0.012101791745902568
leaf_weight=7.2093835026025763 25.911817573010921 16.639156341552734 60.085641294717789 36.422479525208473 36.873723238706589 74.215692460536957 17.26312509179116 7.9872649759054175 16.954587981104851 41.931478127837181 3.4057023376226416 18.999226532876492 2.6543276757001877 3.905913993716239
leaf_count=25 154 46 263 200 146 222 77 58 74 92 11 139 19 10
internal_value=-0.00012961 0.00272124 -0.00273792 -0.00548992 0.00717925 0.00459132 -0.0103654 -0.00372123 0.00482156 0.0124746 -0.0137404 -0.0151248 -0.00134254 0.00257783
internal_weight=370.46 290.332 130.102 96.5081 160.23 111.089 80.1274 29.1563 33.5937 49.1409 50.9711 44.911 6.06003 21.169
internal_count=1536 1068 583 463 485 368 468 145 120 117 323 293 30 87
is_linear=0
shrinkage=0.015


Tree=44
num_leaves=15
num_cat=0
split_feature=3 0 1 15 13 1 20 13 1 6 4 6 3 13
split_gain=47.6091 31.1001 11.8117 10.1309 9.54499 9.32499 8.24094 7.41598 6.69264 6.26705 5.97587 2.19779 1.32042 1.19169
threshold=0.57781274281276596 0.47859349453096461 0.097901855157798437 5.5128571428571806 0.35881243873994495 0.54476242354889681 1.0000000180025095e-35 0.81767027847629203 0.45297890677662639 1.0762607230464758 2.1714905847058401 0.74648216991080163 0.88399439831679827 0.85138342643853748
decision_type=2 2 2 2 2 2 2 2 2 2 2 2 2 2
left_child=1 2 4 -4 -1 7 11 -3 9 -8 -7 12 -2 -13
right_child=6 5 3 -5 -6 10 8 -9 -10 -11 -12 13 -14 -15
leaf_value=-0.0097350229517426997 0.00080691099940176272 -0.00060542132712404311 0.0091355199895579702 -0.00060487862849133232 0.010942208473618521 -0.01941558416172599 -0.0080227106963110233 -0.0176287884601312 -0.017581455536038317 0.0028076100179180627 0.00088766634696702321 -0.020107801804328859 -0.01003049448157526 -0.0025266997147205326
leaf_weight=3.4372253715991965 3.2751654684543636 72.542737454175949 32.653251513838768 73.637603253126144 89.059597328305244 11.10810738801956 24.408984124660492 4.3962275236845008 7.6951497495174399 19.290114924311638 3.2069758474826804 20.602889679372314 2.0485010296106339 2.6006794273853293
leaf_count=19 15 308 94 290 232 81 132 30 57 78 14 157 15 14
internal_value=-0.000130401 0.00268461 0.00601026 0.00243164 0.00990469 -0.00445307 -0.010254 -0.00209513 -0.00604095 -0.00316412 -0.0148562 -0.0167054 -0.00393954 -0.0187917
internal_weight=369.963 290.042 198.788 106.291 92.4968 91.254 79.9215 76.939 51.3942 43.6991 14.3151 28.5272 5.32367 23.2036
internal_count=1536 1068 635 384 251 433 468 338 267 210 95 201 30 171
is_linear=0
shrinkage=0.015


Tree=45
num_leaves=15
num_cat=0
split_feature=3 0 1 6 2 20 1 6 12 2 3 2 12 2
split_gain=46.4393 30.4062 13.2154 10.4565 10.1932 8.11418 6.58592 6.10567 6.04382 5.28795 3.16547 2.26541 3.35924 0.355204
threshold=0.57781274281276596 0.393794782917188 0.050961184742015379 1.1789942138375553 0.44462045442768527 1.0000000180025095e-35 0.45297890677662639 1.0762607230464758 0.00053777735247773084 0.069624865344421846 0.24032791286329042 0.19649072826400879 0.002422547720925317 0.74067112225005383
decision_type=2 2 2 2 2 2 2 2 2 2 2 2 2 2
left_child=1 3 9 8 -4 11 7 -7 -1 -3 -5 12 -2 -13
right_child=5 2 4 10 -6 6 -8 -9 -10 -11 -12 13 -14 -15
leaf_value=0.003790397687167909 -0.012097554452625345 -0.009600096111330501 -0.0064159925815736509 0.0021254542146736614 0.0066496080322803013 -0.0079209024273871349 -0.017446475355882826 0.0027688045452310653 0.011120968185432289 0.010937961150623196 -0.0077391493136538432 -0.020065582029467621 0.0053919608156037255 -0.0047303927447376951
leaf_weight=44.621988728642464 3.1238168925046947 1.3365983814001108 98.052256539463997 19.992400333285335 13.313154458999632 24.377817571163177 7.6541479080915442 19.295057624578476 86.5069340467453 17.253126904368401 8.6696689128875715 19.587416492402557 2.4425029382109642 3.2248158752918235
leaf_count=149 24 9 484 70 44 132 57 78 224 46 42 149 9 19
internal_value=-0.000136486 0.00264312 -0.00268311 0.00700081 -0.00469815 -0.0101501 -0.0059708 -0.00311945 0.0087772 0.00830794 -0.000923953 -0.0165713 -0.00403523 -0.0187561
internal_weight=369.452 289.746 129.955 159.791 111.365 79.7056 51.327 43.6729 131.129 18.5897 28.6621 28.3786 5.56632 22.8122
internal_count=1536 1068 583 485 528 468 267 210 373 55 112 201 33 168
is_linear=0
shrinkage=0.015


Tree=46
num_leaves=14
num_cat=0
split_feature=3 1 0 3 9 0 8 10 1 4 13 0 1
split_gain=45.3759 25.8595 20.2196 19.7894 12.9594 9.82055 8.72968 8.04919 6.66602 2.87131 1.81584 1.38554 0.994323
threshold=0.23107850077521494 0.39448946073540825 0.57410710950048849 0.81278797092021382 0.0069409389502197638 0.18077021805506968 0.97745980913418451 0.0039239789957991504 0.26228559553601433 1.536369288520961 0.79792827714947878 0.80662388864302248 1.2425401963468825
decision_type=2 2 2 2 2 2 2 2 2 2 2 2 2
left_child=2 3 5 4 -2 9 -7 11 -5 -1 -9 -4 -3
right_child=1 12 7 8 -6 6 -8 10 -10 -11 -12 -13 -14
leaf_value=0.015367741322766942 0.0016535214604644893 -0.0178711922899089 -0.019877494622471313 -0.015699800857865119 -0.013086716293839283 0.0067519473450466504 -0.0041772675890659854 -0.0031472481978575134 0 0.0028454467835310072 0.0084166937739881421 -0.001224240320157291 -0.002091603428587318
leaf_weight=35.209314107894897 126.64185950905085 28.798098221421245 7.0645684003829974 26.364666841924191 12.975493304431437 86.313829094171524 17.877082407474518 4.4187568277120581 7.5101605355739585 7.5434027463197699 3.2762982249259949 2.2981389164924622 2.6493985354900351
leaf_count=72 499 198 49 174 73 274 77 22 37 24 10 12 15
internal_value=-0.000138155 -0.00484319 0.0056837 -0.00243387 6.51901e-05 0.00751786 0.00476273 -0.00885389 -0.0123724 0.0135518 0.00172331 -0.0169804 -0.0169706
internal_weight=368.941 204.94 164.001 173.492 139.617 146.944 104.191 17.0578 33.8748 42.7527 7.69506 9.36271 31.4475
internal_count=1536 996 540 783 572 447 351 93 211 96 32 61 213
is_linear=0
shrinkage=0.015


Tree=47
num_leaves=15
num_cat=0
split_feature=3 2 4 6 13 13 8 9 6 12 13 2 13 15
split_gain=44.3094 19.4638 11.1874 17.7436 7.28477 7.15681 6.99276 13.2951 5.08002 3.4283 3.2953 4.58281 4.20643 1.59113
threshold=0.57781274281276596 0.44462045442768527 1.0472900214547567 1.2945415533128872 0.37127008476972084 0.42866909365166422 0.68908059877157657 0.005825736404656179 1.2828022818335232 0.005432698228170608 0.78150076454937045 0.41612055370600992 0.82744671282625593 8.8203571428571372
decision_type=2 2 2 2 2 2 2 2 2 2 2 2 2 2
left_child=1 2 3 -1 13 -4 10 9 -6 -8 11 -2 -12 -3
right_child=6 4 5 -5 8 -7 7 -9 -10 -11 12 -13 -14 -15
leaf_value=0.0039355502352159486 -0.008866439228927674 -0.010519332288647177 0.0065409891834274161 -0.015177355618382628 0.0098185941817633907 -0.0076260357014869161 -0.00056299638862629549 -0.017924019280712293 -0.0018650601528940225 0.011532861970300179 0.0073481641015584751 -0.020695374831201294 -0.011978974800642823 0.00098531658557581979
leaf_weight=117.42197179794312 25.639755807816982 3.7378765344619742 7.278570443391799 9.9526863098144513 88.872348785400391 51.914460703730583 16.001731500029571 7.8645427897572509 7.4216289520263663 5.0999243110418311 3.3891131281852713 18.676948972046375 2.6282688304781914 2.5719111412763596
leaf_count=411 154 21 24 60 246 267 73 58 30 14 11 139 19 9
internal_value=-0.00014025 0.00257385 -0.000288393 0.00217261 0.00775606 -0.0056046 -0.00994941 -0.00339288 0.00882218 0.00278108 -0.0133054 -0.014692 -0.00104047 -0.0058189
internal_weight=368.472 289.171 186.568 127.375 102.604 59.193 79.3003 28.9662 96.294 21.1017 50.3341 44.3167 6.01738 6.30979
internal_count=1536 1068 762 471 306 291 468 145 276 87 323 293 30 30
is_linear=0
shrinkage=0.015


Tree=48
num_leaves=13
num_cat=0
split_feature=3 1 3 1 9 16 15 6 6 3 19 1
split_gain=43.3818 25.1111 18.8902 17.8297 12.5624 8.457 7.59278 7.29277 1.18181 1.32906 1.13333 2.01107
threshold=0.23107850077521494 0.39448946073540825 0.81278797092021382 0.54156539872755383 0.0069409389502197638 0.0023905703462532902 4.5260714285714787 1.2945415533128872 0.89067220241927503 0.16554144146538632 3.5000000000000004 0.45842613562899331
decision_type=2 2 2 2 2 2 2 2 2 2 2 2
left_child=3 2 4 5 -2 -1 -4 -7 -5 -10 -3 -12
right_child=1 10 6 8 -6 7 -8 -9 9 -11 11 -13
leaf_value=-0.011515660200926066 0.0016229568335131104 -0.019360334262654641 0.001208507614117226 -0.0010505223088928498 -0.012899453829329348 0.0084962721052259105 -0.01541292730465427 -0.0036530390199305497 -0.017249627005028488 0 0.00014743644570033317 -0.011773369928246829
leaf_weight=3.3789342641830435 126.56536577641964 21.583164490759373 6.4647478908300391 3.8742698132991773 12.954531587660311 138.78096729516983 27.198376767337322 10.077076584100721 5.351784735918045 2.1431323736906052 3.1038622111082095 6.550942674279213
leaf_count=19 499 156 28 19 73 409 183 44 38 11 13 44
internal_value=-0.000143436 -0.00475025 -0.00237781 0.0055552 5.8301e-05 0.00697014 -0.0121218 0.00758657 -0.0110386 -0.014103 -0.0167429 -0.00792986
internal_weight=368.027 204.421 173.183 163.606 139.52 152.237 33.6631 148.858 11.3692 7.49492 31.238 9.6548
internal_count=1536 996 783 540 572 472 211 453 68 49 213 57
is_linear=0
shrinkage=0.015


Tree=49
num_leaves=14
num_cat=0
split_feature=3 0 1 15 6 20 1 6 0 15 13 5 0
split_gain=42.1871 28.3603 12.5915 12.0261 9.85252 8.05632 6.3954 5.84313 5.76907 3.77828 2.23248 2.40672 2.07984
threshold=0.57781274281276596 0.393794782917188 0.050961184742015379 5.9825000000000417 1.1789942138375553 1.0000000180025095e-35 0.45297890677662639 1.0762607230464758 0.16372772955691448 7.2085714285714184 0.82744671282625593 1.8287858025767922 0.47583848859776551
decision_type=2 2 2 2 2 2 2 2 2 2 2 2 2
left_child=1 4 12 -4 8 10 7 -7 -1 -6 11 -2 -3
right_child=5 2 3 -5 9 6 -8 -9 -10 -11 -12 -13 -14
leaf_value=0.013872256187516715 -0.019638330170968669 0.013268331290270739 0.0016312475136130865 -0.0083363320324396327 -0.0065338286354840389 -0.0075405830775366871 -0.016987926461715885 0.0029381922053605554 0.0061941722512871685 0.0036144325483355344 -0.0033682209869871638 0 0.0020903748872897407
leaf_weight=34.346572771668434 20.820481382310398 7.9807492196559933 41.116484239697456 69.995789840817451 13.273358151316645 24.218761131167412 7.5029649585485449 19.234135568141937 96.054337918758392 15.34977877140045 5.0888417959213248 2.0154493004083625 10.573115080595015
leaf_count=75 163 17 163 365 61 132 57 78 298 51 28 10 38
internal_value=-0.000149334 0.002497 -0.00264788 -0.00461795 0.00671943 -0.00974947 -0.00560373 -0.00281203 0.00845217 -0.000966064 -0.0161837 -0.0182363 0.00808658
internal_weight=367.571 288.69 129.666 111.112 159.024 78.8806 50.9559 43.4529 130.401 28.6231 27.9248 22.8359 18.5539
internal_count=1536 1068 583 528 485 468 267 210 373 112 201 173 55
is_linear=0
shrinkage=0.015


Tree=50
num_leaves=15
num_cat=0
split_feature=3 1 0 3 13 0 8 12 15 13 0 19 1 12
split_gain=41.348 24.3418 19.1234 18.1614 10.4574 9.3624 8.48949 8.06095 7.41557 1.71506 1.15241 1.12561 1.94763 0.702518
threshold=0.23107850077521494 0.39448946073540825 0.57410710950048849 0.81278797092021382 0.69370523241889503 0.18077021805506968 0.97745980913418451 0.0036747035721566017 4.5260714285714787 0.79792827714947878 0.78230640239616955 3.5000000000000004 0.45842613562899331 -4.7576096500578917e-05
decision_type=2 2 2 2 2 2 2 2 2 2 2 2 2 2
left_child=2 3 5 4 -2 13 -7 10 -5 -9 -4 -3 -13 -1
right_child=1 11 7 8 -6 6 -8 9 -10 -11 -12 12 -14 -15
leaf_value=0.0057627250795509663 0.0027896663923707593 -0.019115847327819277 -0.019627313989139299 0.0012410895132378304 -0.0060180302831781838 0.0064965591748029159 -0.0042883637050456546 -0.0028916311062281096 -0.015179492576490816 0.0083262079849914586 -0.001551485646843206 0.0001434490740723843 -0.011569768316674407 0.014606301874569913
leaf_weight=9.4965604245662671 97.856698997318745 21.385916106402874 7.0246208906173724 6.4622621089220038 41.526684276759624 86.05860261619091 17.837993279099464 4.389401674270629 26.999415822327137 3.2771721035242081 2.3166182488203049 3.1035035401582736 6.5063618645071983 32.78762911260128
leaf_count=27 373 156 49 28 199 274 77 22 183 10 12 13 44 69
internal_value=-0.000148459 -0.0046531 0.00542115 -0.00231961 6.45194e-05 0.00721332 0.00452805 -0.00872605 -0.0119056 0.00185826 -0.01687 -0.016509 -0.00776792 0.0131395
internal_weight=367.029 203.841 163.189 172.845 139.383 146.181 103.897 17.0078 33.4617 7.66657 9.34124 30.9958 9.60987 42.2842
internal_count=1536 996 540 783 572 447 351 93 211 32 61 213 57 96
is_linear=0
shrinkage=0.015


Tree=51
num_leaves=14
num_cat=0
split_feature=1 6 4 0 13 17 1 4 16 15 0 7 0
split_gain=31.1064 14.7301 17.3601 18.7459 9.07351 6.66863 5.68388 6.22399 4.19684 5.22884 2.91608 1.55641 0.713384
threshold=0.39448946073540825 1.2945415533128872 1.0472900214547567 0.24220017256256146 0.83071354379425943 -0.99752765352583739 0.54476242354889681 2.1714905847058401 0.0063075901109522587 10.207857142857183 0.29269538326335615 31.56999999999994 0.73428269950294867
decision_type=2 2 2 2 2 2 2 2 2 2 2 2 2
left_child=1 2 4 -4 -1 -3 8 -8 9 -2 -7 -9 -10
right_child=6 5 3 -5 -6 10 7 11 12 -11 -12 -13 -14
leaf_value=0.0067929499506429293 -0.0049153282786977993 0.0020864939344136719 0.0049880035967000812 -0.0070067713026800826 -0.0055772603896092126 -0.0040132808635182388 -0.020109203698858349 -0.0067380668881732901 -0.014841652250341725 0.0098238284313962362 -0.019714056121258341 0.0038036325781259433 -0.0003722156236910173
leaf_weight=156.84261491894722 20.743915863335136 6.4838862717151668 50.102532252669334 64.316614232957363 12.409804224967955 7.1643363609910002 16.941653788089756 6.1639866232871992 7.1324706301093084 4.9750883877277365 8.5727005079388601 2.5238456055521965 2.1574962735176086
leaf_count=502 103 24 177 333 57 33 128 36 47 13 62 10 11
internal_value=-0.000149804 0.00179074 0.00275269 -0.00169455 0.00578761 -0.00939305 -0.00980331 -0.0151542 -0.00507607 -0.00129051 -0.0142476 -0.00283523 -0.0128068
internal_weight=366.531 305.892 283.672 114.419 169.252 22.2209 60.6385 25.6295 35.009 25.719 15.737 8.68783 9.28997
internal_count=1536 1188 1069 510 559 119 348 174 174 116 95 46 58
is_linear=0
shrinkage=0.015


Tree=52
num_leaves=16
num_cat=0
split_feature=3 1 0 3 9 0 8 12 15 4 19 10 0 10 15
split_gain=39.9078 23.4459 18.4276 17.592 12.075 9.11148 8.23469 7.91151 7.27249 2.90727 1.13098 4.46073 1.11853 0.797805 0.0189524
threshold=0.23107850077521494 0.39448946073540825 0.57410710950048849 0.81278797092021382 0.0069409389502197638 0.18077021805506968 0.97745980913418451 0.0036747035721566017 4.5260714285714787 1.536369288520961 3.5000000000000004 -0.0023772824239194834 0.78230640239616955 0.01068449509874453 4.6507142857142965
decision_type=2 2 2 2 2 2 2 2 2 2 2 2 2 2 2
left_child=2 3 5 4 -2 9 -7 12 -5 -1 14 -12 -4 -9 -3
right_child=1 10 7 8 -6 6 -8 13 -10 -11 11 -13 -14 -15 -16
leaf_value=0.014776549166851095 0.001582583163067957 -0.0056042854396123254 -0.01939948546612575 0.0012485721198091727 -0.012669194839398323 0.0063802041332106556 -0.0042410973862571505 -0.0013108765384284217 -0.01501038276782049 0.0023595391851929997 0.0015516062479766764 -0.015627587113545057 -0.0015129599211328711 0.006037968889205581 -0.020252774485385115
leaf_weight=34.60089322924614 126.37577471137047 3.4651539400219944 6.9876033365726489 6.4599753469228736 12.925428554415701 85.937011212110519 17.832476183772087 4.0718821734189978 26.858007609844208 7.465933993458747 4.79245924949646 4.7704917564988154 2.3116427361965179 3.5848011076450348 17.724629856646061
leaf_count=72 499 21 49 28 73 274 77 20 183 24 22 35 12 12 135
internal_value=-0.000153222 -0.00458392 0.00532487 -0.00229662 4.65118e-05 0.00708632 0.00443837 -0.00857868 -0.0117534 0.0129501 -0.0162696 -0.00759038 -0.0166718 0.00189106 -0.0188707
internal_weight=366.164 203.372 162.792 172.619 139.301 145.836 103.769 16.9559 33.318 42.0668 30.7527 9.56295 9.29925 7.65668 21.1898
internal_count=1536 996 540 783 572 447 351 93 211 96 213 57 61 32 156
is_linear=0
shrinkage=0.015


Tree=53
num_leaves=14
num_cat=0
split_feature=1 0 1 8 20 8 10 18 16 19 4 6 10
split_gain=29.9325 14.4523 14.408 11.0099 13.3082 10.1385 11.6036 9.98282 7.46812 7.29447 6.12681 4.88697 4.74563
threshold=0.17370100309557254 0.52260155797035646 0.54476242354889681 0.096289947048475322 1.0000000180025095e-35 0.89566105306048238 0.0040968113397053486 19.500000000000004 0.0035212462055834153 2.5000000000000004 2.1714905847058401 0.86464003431149594 -1.0000000180025095e-35
decision_type=2 2 2 2 2 2 2 2 2 2 2 2 2
left_child=1 5 3 9 -5 6 -1 -7 -3 -2 -4 -10 -12
right_child=2 8 10 4 -6 7 -8 -9 11 -11 12 -13 -14
leaf_value=0.0047885899155612035 0.0089047222641492462 0.0061512011532351861 -0.019881208183177936 -0.012173413735146936 -0.0010391830922707342 0.010894732432322243 -0.0073063129572334112 -0.0043701089968443529 0 -0.0053948901498021987 0.0048960493165591933 -0.014644059773358715 -0.013460408381994559
leaf_weight=67.563539810478687 23.204186037182808 6.8734715133905437 16.765402346849445 37.31293698400259 68.163227200508118 74.246158927679062 21.764286316931248 9.186808764934538 8.3302329331636447 9.493299871683119 5.292071096599102 14.100444383919237 3.3641900494694692
leaf_count=239 70 22 128 219 303 192 112 39 36 44 21 86 25
internal_value=-0.000156516 0.00366839 -0.00491339 -0.00282902 -0.00520101 0.00534317 0.00166414 0.00906317 -0.00567612 0.0044652 -0.0149364 -0.00981424 -0.00272158
internal_weight=365.66 202.065 163.595 138.174 105.476 172.761 89.3278 83.433 29.3041 32.6975 25.4217 22.4307 8.65626
internal_count=1536 726 810 636 522 582 351 231 144 114 174 122 46
is_linear=0
shrinkage=0.015


Tree=54
num_leaves=14
num_cat=0
split_feature=1 6 0 13 8 8 1 8 8 1 9 7 15
split_gain=29.1683 14.2474 14.2547 14.4247 9.93644 6.81791 5.41177 5.29336 6.50827 4.32416 3.14113 2.30386 2.4408
threshold=0.39448946073540825 1.2945415533128872 0.18077021805506968 0.83071354379425943 0.096289947048475322 0.88292398106997494 0.54476242354889681 0.95210368501408349 0.14739278525461733 0.49120061817829824 0.0095798235115976214 12.435000000000175 11.77285714285714
decision_type=2 2 2 2 2 2 2 2 2 2 2 2 2
left_child=1 2 5 -4 -3 -1 7 8 -2 -9 -6 -8 -13
right_child=6 4 3 -5 10 -7 11 9 -10 -11 -12 12 -14
leaf_value=0.0025755174982783867 0 0.0038071556127766437 0.0019765052889268173 -0.01232444781425086 -0.018775949221579651 0.013499153897865677 -0.0018857931473698524 -0.0051633430092250503 -0.014780201094841888 0.011691716947950388 0 -0.019743273728690239 -0.0036589220071726633
leaf_weight=25.144708529114723 11.990983381867411 7.1503620147705105 209.48854966461658 15.089199006557463 11.890496395528315 33.179640218615532 4.4874485582113293 4.3382491469383222 13.555185422301291 4.9973114132881165 3.0940061137080184 15.798666752874853 5.0158155411481848
leaf_count=97 49 24 814 84 82 74 24 21 91 13 13 121 29
internal_value=-0.000158641 0.0017189 0.00266653 0.000882228 -0.00929923 0.00915562 -0.00954464 -0.0049269 -0.00837853 0.00366846 -0.0157068 -0.0148088 -0.0168566
internal_weight=365.221 305.037 282.902 224.578 22.1349 58.3243 60.1837 34.8817 25.5462 9.33556 14.9845 25.3019 20.8145
internal_count=1536 1188 1069 898 119 171 348 174 140 34 95 174 150
is_linear=0
shrinkage=0.015


Tree=55
num_leaves=14
num_cat=0
split_feature=3 0 1 15 6 20 1 12 6 15 6 1 3
split_gain=38.2185 25.3608 11.6894 11.4414 9.1781 7.82163 5.95243 5.79536 5.70133 3.58753 2.21851 2.04145 1.22643
threshold=0.57781274281276596 0.393794782917188 0.050961184742015379 5.9825000000000417 1.1789942138375553 1.0000000180025095e-35 0.45297890677662639 0.00053777735247773084 1.0762607230464758 7.2085714285714184 0.74648216991080163 0.01230009077574014 0.88399439831679827
decision_type=2 2 2 2 2 2 2 2 2 2 2 2 2
left_child=1 4 11 -4 7 10 8 -1 -7 -6 12 -3 -2
right_child=5 2 3 -5 9 6 -8 -9 -10 -11 -12 -13 -14
leaf_value=0.0031967777375510468 0.0011515182783276132 -0.00085990571425559304 0.0016775309424030317 -0.0080613048856650465 -0.0064653661688586312 -0.0072977356822092878 -0.016407498494885514 0.010361048110213452 0.0030729854114676033 0.0034256891347002306 -0.017867848427346192 0.0099361018796909825 -0.0093291342928583307
leaf_weight=44.23978865146637 3.2336480170488384 3.1309151947498348 40.980223193764687 69.580001853406429 13.249794244766237 24.087566509842873 7.2850686162710181 85.099173545837402 19.179075464606285 15.294119387865065 22.167632065713406 15.367849245667456 1.975820258259773
leaf_count=149 15 13 163 365 61 132 57 224 78 51 171 42 15
internal_value=-0.000160533 0.00235907 -0.00251239 -0.00441921 0.0063697 -0.0093587 -0.00528321 0.00805364 -0.0026023 -0.0010428 -0.0157568 0.00783738 -0.00326852
internal_weight=364.871 286.942 129.059 110.56 157.883 77.9288 50.5517 129.339 43.2666 28.5439 27.3771 18.4988 5.20947
internal_count=1536 1068 583 528 485 468 267 373 210 112 201 55 30
is_linear=0
shrinkage=0.015


Tree=56
num_leaves=14
num_cat=0
split_feature=1 1 0 13 4 13 6 15 10 4 6 10 0
split_gain=28.0922 13.705 13.7032 12.5024 13.8297 9.65667 9.14734 6.24074 9.86652 6.08781 4.91945 4.64489 3.10486
threshold=0.17370100309557254 0.54476242354889681 0.52260155797035646 0.44204786506226729 1.3892692459316816 0.35881243873994495 1.2945415533128872 7.0667857142857597 0.0037908454755110092 2.1714905847058401 1.0812948907608393 -1.0000000180025095e-35 0.64342085696683726
decision_type=2 2 2 2 2 2 2 2 2 2 2 2 2
left_child=2 3 5 10 -5 -1 -7 8 -4 -3 -2 -11 -9
right_child=1 9 7 4 -6 6 -8 12 -10 11 -12 -13 -14
leaf_value=-0.012817818502198999 0.011203808692938173 -0.019577301766456296 -0.0096620529993829297 -0.0015026650476792503 -0.013267466093551873 0.0068312508494746639 -0.0059634227961491782 -0.019212791516357811 0.011006281954204191 0.005015608767983834 -0.0038697495621416098 -0.013197412861117261 -0.0025136482516721491
leaf_weight=4.3994433581829062 15.934446759521963 16.51988405734301 8.4723276570439392 87.839667193591595 29.442623287439346 156.18242943286896 11.518062792718409 6.1613048166036588 8.2634595185518247 5.2724289372563362 4.6603485420346251 3.3246610909700376 6.3419866189360619
leaf_count=26 46 128 46 387 179 500 56 43 23 21 24 25 32
internal_value=-0.000160829 -0.00477816 0.00355048 -0.00274886 -0.00469192 0.00518635 0.00584836 -0.00555368 0.000228351 -0.0146169 0.0074203 -0.00248144 -0.0127744
internal_weight=364.333 162.994 201.339 137.877 117.282 172.1 167.7 29.2391 16.7358 25.117 20.5948 8.59709 12.5033
internal_count=1536 810 726 636 566 582 556 144 69 174 70 46 75
is_linear=0
shrinkage=0.015


Tree=57
num_leaves=13
num_cat=0
split_feature=3 1 3 1 9 16 4 15 5 19 10 15
split_gain=37.0916 21.6371 16.6977 15.2458 11.6006 8.13132 7.13454 7.03258 5.02 1.20865 4.37456 0.0530371
threshold=0.23107850077521494 0.39448946073540825 0.81278797092021382 0.54156539872755383 0.0069409389502197638 0.0023905703462532902 2.1714905847058401 4.5260714285714787 0.3710928666518219 3.5000000000000004 -0.0023772824239194834 4.6507142857142965
decision_type=2 2 2 2 2 2 2 2 2 2 2 2
left_child=3 2 4 5 -2 -1 -5 -4 -7 11 -11 -3
right_child=1 9 7 6 -6 8 -8 -9 -10 10 -12 -13
leaf_value=-0.01166287232952359 0.0015288475161275147 -0.0053268464506068605 0.0012469216149840949 -0.017602799559619048 -0.012466604486593796 -0.008324648966502108 0.0039433378939468244 -0.014740938759245335 0.0075008108350629087 0.0018256448289214265 -0.015216520317276133 -0.019794574330675569
leaf_weight=3.3657020777463904 126.1124434992671 3.4269362390041378 6.4561621248722068 7.4210474863648397 12.868120610713957 2.6254935115575782 3.7204920053482056 26.594060823321342 144.6232081502676 4.7511748895049095 4.691132031381132 17.309356108307838
leaf_count=19 499 21 28 55 73 14 13 183 439 22 35 135
internal_value=-0.0001657 -0.0044492 -0.00225793 0.0051322 2.13463e-05 0.00644571 -0.010332 -0.0115109 0.00706061 -0.0157906 -0.00716556 -0.0184124
internal_weight=363.965 202.209 172.031 161.756 138.981 150.614 11.1415 33.0502 147.249 30.1786 9.44231 20.7363
internal_count=1536 996 783 540 572 472 68 211 453 213 57 156
is_linear=0
shrinkage=0.015


Tree=58
num_leaves=15
num_cat=0
split_feature=3 0 16 1 17 6 20 1 12 6 15 2 12 13
split_gain=36.2176 23.9664 11.5405 9.96503 8.92459 8.79322 7.70998 5.73756 5.58856 5.54529 3.47968 2.35952 3.12309 1.08382
threshold=0.57781274281276596 0.393794782917188 0.0035758874421292805 0.24533874201222358 0.93887916895468615 1.1789942138375553 1.0000000180025095e-35 0.45297890677662639 0.00053777735247773084 1.0762607230464758 7.2085714285714184 0.19649072826400879 0.002422547720925317 0.85138342643853748
decision_type=2 2 2 2 2 2 2 2 2 2 2 2 2 2
left_child=1 5 3 -3 -4 8 11 9 -1 -8 -7 12 -2 -13
right_child=6 2 4 -5 -6 10 7 -9 -10 -11 -12 13 -14 -15
leaf_value=0.0030716769271645224 -0.011279492492957141 0.011641619430354423 -0.0030345356699430916 -0.0038857572199871046 -0.016168436708022121 -0.0064020421248628502 -0.0071372129201872931 -0.016115826782146233 0.010115654681116835 0.0031008705331733223 0.0033391665082429067 -0.019133780684312745 0.0057256875172082052 -0.0024194493733060308
leaf_weight=44.144396275281906 2.9673011228442219 18.805617198348045 83.003707818686962 14.468232423067091 12.480203919112681 13.243469536304476 24.004781693220139 7.1660980880260459 84.660012021660805 19.150759786367416 15.272345423698424 19.030380621552471 2.404895156621933 2.6802115887403479
leaf_count=149 24 49 384 71 79 61 132 57 224 78 51 153 9 15
internal_value=-0.000171437 0.00228098 -0.00245759 0.00483983 -0.00512463 0.00618848 -0.0091589 -0.0051171 0.00784273 -0.00249174 -0.00106221 -0.0155426 -0.00316155 -0.0177648
internal_weight=363.482 286.078 128.758 33.2738 95.4839 157.32 77.4044 50.3216 128.804 43.1555 28.5158 27.0828 5.3722 21.7106
internal_count=1536 1068 583 120 463 485 468 267 373 210 112 201 33 168
is_linear=0
shrinkage=0.015


Tree=59
num_leaves=15
num_cat=0
split_feature=1 0 4 1 7 13 4 16 4 8 8 10 2 20
split_gain=26.5169 13.0894 16.0843 12.9879 12.9388 12.0878 13.3101 6.03411 5.96496 5.54991 6.02121 4.51799 3.41592 0.456933
threshold=0.17370100309557254 0.21993441451073223 1.0472900214547567 0.54476242354889681 15.414999999999965 0.44204786506226729 1.3892692459316816 0.0040832553756458253 2.1714905847058401 0.97745980913418451 0.054326275200454542 -1.0000000180025095e-35 0.55327608296150343 1.0000000180025095e-35
decision_type=2 2 2 2 2 2 2 2 2 2 2 2 2 2
left_child=1 9 4 5 -3 12 -7 -4 -5 10 -1 -10 -2 -11
right_child=3 2 7 8 -6 6 -8 -9 11 13 -12 -13 -14 -15
leaf_value=0.013537018438100144 0.01009984119961582 0.011969316488535029 -0.00056443732595531015 -0.019265495494277113 0 -0.0014829347981725584 -0.013054697951606921 -0.014084029472308243 0.0050475872672455938 0.0076150254526414036 0.0018865071971053519 -0.012963060917547953 -0.0030701782595654093 0.018158828500858312
leaf_weight=12.642889425158499 16.812492206692699 26.800205804407597 14.453480437397959 16.258489564061168 67.487146086990833 87.716960072517395 29.258422166109085 17.035386152565479 5.2583194896578789 9.7933466136455536 40.729023620486259 3.2838008329272252 3.7484232485294333 11.668018013238907
leaf_count=26 53 68 63 128 265 387 179 106 21 26 154 25 17 18
internal_value=-0.000173764 0.00343745 0.000388406 -0.00466952 0.00355198 -0.0026965 -0.00461115 -0.00850676 -0.0143137 0.00832102 0.00517103 -0.00231047 0.00730708 0.0147264
internal_weight=362.946 200.609 125.776 162.337 94.2874 137.536 116.975 31.4889 24.8006 74.8333 53.3719 8.54212 20.5609 21.4614
internal_count=1536 726 502 810 333 636 566 169 174 224 180 46 70 44
is_linear=0
shrinkage=0.015


Tree=60
num_leaves=15
num_cat=0
split_feature=3 1 0 3 9 0 12 1 16 7 19 1 0 17
split_gain=35.0999 20.7441 16.2523 15.8843 11.2098 8.11248 7.7562 6.66139 5.06093 1.2864 1.22292 1.80581 1.18031 0.907462
threshold=0.23107850077521494 0.39448946073540825 0.57410710950048849 0.81278797092021382 0.0069409389502197638 0.18077021805506968 0.0036747035721566017 0.26228559553601433 0.010040949100862605 15.414999999999965 3.5000000000000004 0.45842613562899331 0.78230640239616955 0.95331840153827663
decision_type=2 2 2 2 2 2 2 2 2 2 2 2 2 2
left_child=2 3 5 4 -2 9 12 -5 -7 -1 -3 -12 -4 -8
right_child=1 10 6 7 -6 8 13 -9 -10 -11 11 -13 -14 -15
leaf_value=0.00384980253799943 0.001497229048762758 -0.018144507222170606 -0.01896340312401858 -0.014672702582420724 -0.012273366461864626 0.0055439851996069538 0.0056326495537463977 0.00038525319059023127 -0.003283765509120809 0.013712603346435809 0.00047390126794234506 -0.010730626739063644 -0.0011831395604224258 -0.0024395404284419204
leaf_weight=7.8895588517189017 125.94017712771893 20.453065730631351 6.8855448514223117 25.473660439252853 12.839991025626658 88.256135329604149 5.0587558150291434 7.3171551674604407 14.929258808493612 33.284859657287598 3.0820041596889514 6.295724019408226 2.2819162681698799 2.5381720513105392
leaf_count=24 499 156 49 174 73 289 18 37 62 72 13 44 12 14
internal_value=-0.000170865 -0.00434664 0.00499208 -0.00220431 1.36319e-05 0.00665625 -0.00812059 -0.011268 0.0041573 0.0122624 -0.0155199 -0.00695305 -0.0162137 0.00220784
internal_weight=362.526 201.402 161.124 171.571 138.78 144.36 16.7644 32.7908 103.185 41.1744 29.8308 9.37773 9.16746 7.59693
internal_count=1536 996 540 783 572 447 93 211 351 96 213 57 61 32
is_linear=0
shrinkage=0.015


Tree=61
num_leaves=14
num_cat=0
split_feature=3 1 3 1 9 4 1 6 5 2 19 10 15
split_gain=34.162 20.3336 15.4888 14.1789 10.9227 6.84022 6.53158 5.75253 5.00835 4.50538 1.20026 4.28991 0.127474
threshold=0.23107850077521494 0.39448946073540825 0.81278797092021382 0.54156539872755383 0.0069409389502197638 2.1714905847058401 0.26228559553601433 1.2945415533128872 0.3710928666518219 0.47198767046516193 3.5000000000000004 -0.0023772824239194834 4.6507142857142965
decision_type=2 2 2 2 2 2 2 2 2 2 2 2 2
left_child=3 2 4 7 -2 -5 -4 8 -1 -9 12 -12 -3
right_child=1 10 6 5 -6 -7 -8 9 -10 -11 11 -13 -14
leaf_value=-0.0083596412445839999 0.0014751316971094374 -0.0050057244719426564 -0.014527376269091499 -0.017242312672479929 -0.012122070238447549 0.0038750606518485947 0.00038068397305859723 -0.012515105421618324 0.007463865277613467 0.0042676446430436809 0.0019780266383608927 -0.01492364854086675 -0.019399876621554839
leaf_weight=2.6199174225330344 125.93931422382593 3.3868176490068462 25.363401859998703 7.3118391558527929 12.830278649926184 3.7172096520662308 7.3179034218192092 4.6906911134719831 137.21137309074402 5.3357679545879364 4.7267493829131126 4.6288071051239985 16.937527544796467
leaf_count=14 499 21 174 55 73 13 37 28 414 16 22 35 135
internal_value=-0.000172755 -0.00429521 -0.00217651 0.0049243 1.03265e-05 -0.010047 -0.0111435 0.00619333 0.00700081 -0.00373578 -0.0153874 -0.00687948 -0.0180006
internal_weight=362.018 201.131 171.451 160.887 138.77 11.029 32.6813 149.858 139.831 10.0265 29.6799 9.35556 20.3243
internal_count=1536 996 783 540 572 68 211 472 428 44 213 57 156
is_linear=0
shrinkage=0.015


Tree=62
num_leaves=14
num_cat=0
split_feature=1 0 1 13 4 13 6 4 7 6 19 6 10
split_gain=25.3071 12.7551 12.2204 11.7032 12.7733 9.43666 8.6991 5.83038 5.63541 5.92256 4.8696 4.64947 4.39237
threshold=0.17370100309557254 0.52260155797035646 0.54476242354889681 0.44204786506226729 1.3892692459316816 0.35881243873994495 1.2828022818335232 2.1714905847058401 16.004999999999885 0.86289541279176663 3.5000000000000004 1.0812948907608393 -1.0000000180025095e-35
decision_type=2 2 2 2 2 2 2 2 2 2 2 2 2
left_child=1 5 3 11 -5 -1 -7 -4 10 -10 -3 -2 -9
right_child=2 8 7 4 -6 6 -8 12 9 -11 -12 -13 -14
leaf_value=-0.012864850926903195 0.010864201840523573 -0.0066148188687115824 -0.018951112833295626 -0.0014913333065990212 -0.012859082207739478 0.0066150156140264166 -0.0054312213184960099 0.0050772433124628476 0.00076517344159529133 -0.01549740425471194 0.010573955187810548 -0.0037844037577716033 -0.01273338930324769
leaf_weight=4.3829685226082793 15.892966143786909 4.7090559303760546 15.971616812050344 87.612153962254524 29.072689384222031 153.77437028288841 12.590898521244524 5.2406323105096817 6.2007005363702801 12.31493419408798 5.8736306205391884 4.6434976533055297 3.2413900792598707
leaf_count=26 46 24 128 387 179 496 60 21 26 79 15 24 25
internal_value=-0.000177768 0.00335599 -0.0045793 -0.0026681 -0.00455583 0.00494412 0.0056051 -0.0140079 -0.00544059 -0.010142 0.0024936 0.00717731 -0.00214445
internal_weight=361.522 199.847 161.675 137.221 116.685 170.748 166.365 24.4536 29.0983 18.5156 10.5827 20.5365 8.48202
internal_count=1536 726 810 636 566 582 556 174 144 105 39 70 46
is_linear=0
shrinkage=0.015


Tree=63
num_leaves=14
num_cat=0
split_feature=3 0 1 13 3 13 4 4 8 9 6 6 1
split_gain=33.1611 22.0137 10.0168 8.80437 8.235 7.1553 7.39455 7.12171 6.64971 12.2013 3.42834 5.49942 3.36989
threshold=0.57781274281276596 0.48902047370532503 0.097901855157798437 0.35881243873994495 0.1593367524274828 0.44204786506226729 1.0429149397929858 1.0215523033366627 0.68908059877157657 0.005825736404656179 0.9732566564770847 1.1186299847159697 0.20894269870425838
decision_type=2 2 2 2 2 2 2 2 2 2 2 2 2
left_child=1 2 3 -1 -4 7 -7 -3 10 12 -2 -12 -10
right_child=8 5 4 -5 -6 6 -8 -9 9 -11 11 -13 -14
leaf_value=-0.010222198928265003 -0.01906639412898721 -0.0053669392467341585 0.0054547046672773561 0.0095546072507453599 -0.0026476448643562825 -0.0022342631932048712 -0.012597208675954616 0.013408359118760317 0.0069814494945457783 -0.016815985650492696 -0.0028482600314721769 -0.015549465491616845 -0.0047945400939428803
leaf_weight=3.415706291794776 13.399422883987425 6.2778012752532941 58.413795113563538 87.681555286049843 49.927542224526405 47.230438560247421 23.917312003672123 7.7295189052820206 15.254306159913545 7.4537043198943129 21.719104424118996 13.131438143551348 5.5810814574360839
leaf_count=19 104 30 188 236 211 209 156 19 55 58 118 101 32
internal_value=-0.000180926 0.00216549 0.00489512 0.00852884 0.00167257 -0.00410704 -0.00606963 0.00490591 -0.00883403 -0.00247155 -0.0121683 -0.00842169 0.00335498
internal_weight=361.133 284.594 199.439 91.0973 108.341 85.1551 71.1478 14.0073 76.5391 28.2891 48.25 34.8505 20.8354
internal_count=1536 1068 654 255 399 414 365 49 468 145 323 219 87
is_linear=0
shrinkage=0.015


Tree=64
num_leaves=15
num_cat=0
split_feature=3 0 16 1 17 6 20 1 5 6 5 2 6 2
split_gain=32.3925 21.4873 11.0932 9.165 8.53456 8.24708 7.62501 5.45314 5.34427 5.27999 3.42925 2.37918 1.62213 0.588034
threshold=0.57781274281276596 0.393794782917188 0.0035758874421292805 0.24533874201222358 0.93887916895468615 1.1789942138375553 1.0000000180025095e-35 0.45297890677662639 0.57566437663098491 1.0762607230464758 1.1859367342284608 0.19649072826400879 1.00704305871176 0.74067112225005383
decision_type=2 2 2 2 2 2 2 2 2 2 2 2 2 2
left_child=1 5 3 -3 -4 8 11 9 -1 -8 -7 12 -2 -13
right_child=6 2 4 -5 -6 10 7 -9 -10 -11 -12 13 -14 -15
leaf_value=-0.0069720112067317404 0.0025604279129997159 0.011335220604064302 -0.0029342977276640794 -0.0035858470562982318 -0.015825510420113719 -0.006421955711206539 -0.006773912961487754 -0.015601028877257343 0.0080433624508169377 0.0032457895429363528 0.0032475274438066885 -0.018767892738952477 -0.0095399661447673773 -0.0036665906078667591
leaf_weight=3.564266934990882 2.993952780961993 18.735000893473625 82.650750637054443 14.362306982278822 12.370432212948797 13.337211713194849 23.804276868700981 6.938878320157527 124.13358443975449 19.06901815533638 15.10124312341213 18.118658401072029 2.2964169383049011 3.0962409675121298
leaf_count=17 14 49 384 71 79 59 132 57 356 78 53 149 19 19
internal_value=-0.000184787 0.0021339 -0.00235898 0.00481128 -0.00498149 0.00585119 -0.00875077 -0.00474533 0.00746538 -0.00220421 -0.00116491 -0.0151541 -0.0028395 -0.0173927
internal_weight=360.572 284.255 128.118 33.0973 95.0212 156.136 76.3174 49.8122 127.698 42.8733 28.4385 26.5053 5.29037 21.2149
internal_count=1536 1068 583 120 463 485 468 267 373 210 112 201 33 168
is_linear=0
shrinkage=0.015


Tree=65
num_leaves=15
num_cat=0
split_feature=1 0 4 7 1 13 4 5 4 6 7 15 13 7
split_gain=23.752 12.1507 15.1608 12.3554 11.7749 11.1875 12.429 8.76052 5.77259 4.47011 3.3411 5.91074 2.23588 1.59509
threshold=0.17370100309557254 0.21993441451073223 1.0472900214547567 15.365000000000238 0.54476242354889681 0.44204786506226729 1.3892692459316816 1.230127131411878 2.1714905847058401 1.0812948907608393 15.069999999999938 4.8021428571428109 0.82415625788256519 32.01499999999988
decision_type=2 2 2 2 2 2 2 2 2 2 2 2 2 2
left_child=1 10 3 -3 5 9 -7 -4 -6 -2 11 -1 -12 -10
right_child=4 2 7 -5 8 6 -8 -9 13 -11 12 -13 -14 -15
leaf_value=0.0076181192397908265 0.010659110555015458 0.011880535754778397 -0.016925287723870065 0 -0.018727735757842916 -0.001418682007270224 -0.012657771763221451 -0.0008699959509092754 -0.0060805570239527524 -0.0037004746769784239 0.010252766680977009 -0.012288959724442522 0.00048774822137875846 0.004823667470618619
leaf_weight=6.762786924839018 15.870165832340719 25.452859058976173 12.952795878052713 68.380885899066925 15.740143008530142 87.465528160333633 28.887283511459827 18.308274619281292 6.0817383825778943 4.6335734575986853 55.90271233767271 3.4388071149587631 7.8309207558631888 2.3453351035714149
leaf_count=19 46 64 86 269 128 387 179 83 37 24 153 20 32 9
internal_value=-0.00018867 0.00324111 0.000300429 0.00338014 -0.00446173 -0.00258868 -0.00443916 -0.00836559 -0.0137735 0.00704028 0.00797886 0 0.00921839 -0.0019834
internal_weight=360.054 199.03 125.095 93.8337 161.024 136.857 116.353 31.2611 24.1672 20.5037 73.9352 10.2016 63.7336 8.42707
internal_count=1536 726 502 333 810 636 566 169 174 70 224 39 185 46
is_linear=0
shrinkage=0.015


Tree=66
num_leaves=15
num_cat=0
split_feature=3 1 0 3 10 12 0 8 1 4 13 1 15 0
split_gain=31.6001 18.9786 14.6815 14.361 10.1968 7.63591 7.60505 7.84279 6.54258 2.91771 1.59821 1.23562 1.94991 1.20618
threshold=0.23107850077521494 0.39448946073540825 0.57410710950048849 0.81278797092021382 0.0083266135561805808 0.0036747035721566017 0.18077021805506968 0.97745980913418451 0.26228559553601433 1.536369288520961 0.79792827714947878 1.2425401963468825 5.2814285714285925 0.78230640239616955
decision_type=2 2 2 2 2 2 2 2 2 2 2 2 2 2
left_child=2 3 6 4 -2 13 9 -8 -5 -1 -7 12 -3 -4
right_child=1 11 5 8 -6 10 7 -9 -10 -11 -12 -13 -14 -15
leaf_value=0.013636084517181799 0.0020224260776452122 -0.00658164945524392 -0.01863328291689078 -0.014228951540027752 -0.0080549935615700612 -0.0022455067061507056 0.0058141522263280756 -0.0045952317950083673 0.00070603092054194417 0.0014663078876409044 0.008558900102410727 -0.00063925394447431787 -0.019247832697966771 -0.00096837354053362634
leaf_weight=33.220884099602699 112.18037093430758 9.1041038632392937 6.7975270450115222 25.058775812387466 26.162251338362694 4.2978666871786109 85.080775827169418 17.641221821308136 7.2546762377023688 7.3011940121650687 3.2520217597484589 2.4983888640999785 17.513721086084843 2.2600460946559906
leaf_count=72 439 56 49 174 133 22 274 77 37 24 10 15 142 12
internal_value=-0.00018873 -0.00416789 0.00472789 -0.00212509 0 -0.00777873 0.00631667 0.00390123 -0.0108116 0.0117918 0.00244083 -0.014994 -0.0159404 -0.0158762
internal_weight=359.624 199.772 159.852 170.656 138.343 16.6075 143.244 102.722 32.3135 40.5221 7.54989 29.1162 26.6178 9.05757
internal_count=1536 996 540 783 572 93 447 351 211 96 32 213 198 61
is_linear=0
shrinkage=0.015


Tree=67
num_leaves=15
num_cat=0
split_feature=3 1 0 3 10 12 0 8 1 4 13 19 10 0
split_gain=30.7601 18.6252 14.3353 14.007 9.91315 7.49628 7.4662 7.63155 6.41613 2.85319 1.5685 1.28419 4.22799 1.17497
threshold=0.23107850077521494 0.39448946073540825 0.57410710950048849 0.81278797092021382 0.0083266135561805808 0.0036747035721566017 0.18077021805506968 0.97745980913418451 0.26228559553601433 1.536369288520961 0.79792827714947878 3.5000000000000004 -0.0023772824239194834 0.78230640239616955
decision_type=2 2 2 2 2 2 2 2 2 2 2 2 2 2
left_child=2 3 6 4 -2 13 9 -8 -5 -1 -7 -3 -13 -4
right_child=1 11 5 8 -6 10 7 -9 -10 -11 -12 12 -14 -15
leaf_value=0.013505436695002851 0.0019926494816254561 -0.017518858553905819 -0.018473722791659292 -0.014090091666913376 -0.0079445877498886697 -0.0022230239213741924 0.0057334312580401342 -0.0045313728262508408 0.00069762152688338831 0.0014494990042238556 0.0084734345559167538 0.0023116574916700588 -0.014517007507002855 -0.00096075981084226014
leaf_weight=33.05968502163887 112.17875079810619 19.758680187165737 6.7708693668246287 24.94670458137989 26.155781835317612 4.2964509874582282 85.013120472431183 17.649606749415398 7.256093554198741 7.2982899546623221 3.2556947320699692 4.6773819774389267 4.5333458334207553 2.2596387341618538
leaf_count=72 439 156 49 174 133 22 274 77 37 24 10 22 35 12
internal_value=-0.000190403 -0.00411891 0.00466409 -0.00209747 0 -0.0077 0.00623579 0.0038442 -0.0106928 0.0116737 0.00241167 -0.0148726 -0.00641429 -0.0157403
internal_weight=359.11 199.507 159.603 170.537 138.335 16.5827 143.021 102.663 32.2028 40.358 7.55215 28.9694 9.21073 9.03051
internal_count=1536 996 540 783 572 93 447 351 211 96 32 213 57 61
is_linear=0
shrinkage=0.015


Tree=68
num_leaves=15
num_cat=0
split_feature=3 1 0 3 9 10 0 10 1 13 0 10 19 10
split_gain=29.9392 18.2721 13.9979 13.6621 10.1007 7.41183 7.3301 7.59841 6.29258 1.52966 1.47418 1.37119 1.25836 4.16187
threshold=0.23107850077521494 0.39448946073540825 0.57410710950048849 0.81278797092021382 0.0069409389502197638 0.0039239789957991504 0.18077021805506968 0.014653960712679789 0.26228559553601433 0.79792827714947878 0.80662388864302248 0.0062977667989780536 3.5000000000000004 -0.0023772824239194834
decision_type=2 2 2 2 2 2 2 2 2 2 2 2 2 2
left_child=2 3 6 4 -2 10 11 -8 -5 -7 -4 -1 -3 -14
right_child=1 12 5 8 -6 9 7 -9 -10 -11 -12 -13 13 -15
leaf_value=0.013303473172882359 0.0013842766262369412 -0.01738613072569889 -0.018557331027717599 -0.013953171743200527 -0.011724002117666839 -0.002158207814450008 0.004956329508548853 -0.0097055277559684201 0.00068931323485361929 0.0083890236337944412 -0.00038722093658416192 0.0041125903255037179 0.0022865085953773178 -0.014415647552587105
leaf_weight=30.465250596404076 125.5698824301362 19.627137921750546 6.7742353975772875 24.834105953574181 12.755737036466597 4.3075831830501548 96.103035740554333 6.4998301714658728 7.2574928030371657 3.2592243999242783 2.2159691974520683 9.7283795624971372 4.679873913526535 4.5109737217426318
leaf_count=67 499 156 49 174 73 22 318 33 37 10 12 29 22 35
internal_value=-0.000191699 -0.00407008 0.00460119 -0.00207023 0 -0.00762258 0.00615602 0.003788 -0.0105756 0.00240484 -0.0156466 0.0115571 -0.0147511 -0.00635218
internal_weight=358.589 199.235 159.354 170.417 138.326 16.557 142.796 102.603 32.0916 7.56681 8.9902 40.1936 28.818 9.19085
internal_count=1536 996 540 783 572 93 447 351 211 32 61 96 213 57
is_linear=0
shrinkage=0.015


Tree=69
num_leaves=13
num_cat=0
split_feature=1 8 9 1 13 4 8 13 5 4 6 10
split_gain=22.2107 11.3662 12.5538 11.0802 10.8244 11.9975 8.97412 8.88908 9.15058 5.69981 4.28934 4.22392
threshold=0.17370100309557254 0.89566105306048238 0.0059723812127480827 0.54476242354889681 0.44204786506226729 0.92236024844722475 0.054326275200454542 0.42016086844987233 0.61483764987308598 2.1714905847058401 1.0812948907608393 -1.0000000180025095e-35
decision_type=2 2 2 2 2 2 2 2 2 2 2 2
left_child=1 2 6 4 10 -6 -1 -3 -9 -5 -2 -11
right_child=3 7 -4 9 5 -7 -8 8 -10 11 -12 -13
leaf_value=0.010428914684792694 0.010501900757860335 -0.011654401954534575 -0.01796633865907608 -0.018431224875850756 0.001573986872918431 -0.0081065502177501726 -0.00068169467334212787 -0.0093452620663488951 0.009469557660285375 0.0052684211760469207 -0.003574029460797845 -0.012319393372150258
leaf_weight=17.848923414945602 15.833399996161463 3.3648537546396247 6.190126195549964 15.403744429349901 44.678626403212547 71.265864804387093 86.84520211070776 4.2995168417692176 79.384553700685501 5.1865683943033218 4.6134316921234122 3.1584459319710714
leaf_count=44 46 19 46 128 175 391 378 22 217 21 24 25
internal_value=-0.000193576 0.00313141 -6.28213e-06 -0.00433744 -0.0025241 -0.00434918 0.0013022 0.00712284 0.00821979 -0.0134554 0.00695635 -0.00175805
internal_weight=358.073 197.933 110.884 160.14 136.391 115.944 104.694 87.0489 83.6841 23.7488 20.4468 8.34501
internal_count=1536 726 468 810 636 566 422 258 239 174 70 46
is_linear=0
shrinkage=0.015


Tree=70
num_leaves=14
num_cat=0
split_feature=3 0 0 15 2 2 8 9 8 6 6 12 3
split_gain=28.7746 19.2328 8.12978 8.56335 6.57798 7.26885 6.49366 11.6667 5.84297 3.56609 5.45894 3.23233 3.06506
threshold=0.57781274281276596 0.48902047370532503 0.18077021805506968 5.5128571428571806 0.35246759688726309 0.1539532101292759 0.68908059877157657 0.005825736404656179 0.8387772595091485 0.9732566564770847 1.1186299847159697 0.005432698228170608 0.1030890387609896
decision_type=2 2 2 2 2 2 2 2 2 2 2 2 2
left_child=1 2 12 -4 5 -3 9 11 -6 -2 -11 -8 -1
right_child=6 4 3 -5 8 -7 7 -9 -10 10 -12 -13 -14
leaf_value=0.012712766121976461 -0.018647549015284377 -0.0014215997325736829 0.0087152593026124416 0.00056303705579216555 0.011066399218836625 -0.011280355063210708 0 -0.016309375094007948 -0.0077709918025449 -0.0023834250785606656 -0.015069458930230864 0.01204873868298444 0.0031095094953718537
leaf_weight=31.040546871721745 13.078787878155707 42.922100588679314 38.159821525216103 113.84663067758083 9.3314337506890279 28.946642763912678 15.684215866029268 7.2423473075032225 3.353931561112403 21.432647965848446 12.755837723612784 5.0301236808300009 14.776722788810728
leaf_count=70 104 201 110 427 26 168 73 58 19 118 101 14 47
internal_value=-0.000195309 0.00198952 0.00455368 0.00274488 -0.00388956 -0.00569186 -0.00833303 -0.00205679 0.00519516 -0.0116588 -0.00789512 0.00359343 0.010032
internal_weight=357.602 282.378 197.824 152.006 84.5541 71.8687 75.224 27.9567 12.6854 47.2673 34.1885 20.7143 45.8173
internal_count=1536 1068 654 537 414 369 468 145 45 323 219 87 117
is_linear=0
shrinkage=0.015


Tree=71
num_leaves=15
num_cat=0
split_feature=0 4 13 4 6 15 10 8 8 16 15 8 9 13
split_gain=19.9762 15.1076 11.3095 11.0524 8.89781 8.36066 7.80992 6.86104 6.38482 4.6057 4.13946 3.25329 6.21222 5.05846
threshold=0.393794782917188 1.3892692459316816 0.66930613541586303 2.0802009215873558 1.2828022818335232 5.9239285714286014 -0.0040624746211262684 0.89746263509387869 0.096289947048475322 0.0034324548872749889 5.3475000000000179 0.83227466764239433 0.0030495443062302043 0.39212427453826204
decision_type=2 2 2 2 2 2 2 2 2 2 2 2 2 2
left_child=3 2 5 4 7 -2 -5 -1 -6 -4 -8 13 -13 -3
right_child=1 11 9 6 8 -7 10 -9 -10 -11 -12 12 -14 -15
leaf_value=0.0020246235117898441 0.0069539442008220995 0 0.0025729403643961956 0.0053251608640875088 0.0045522105001700487 -0.0022310974493727665 -0.00079365536892556392 0.0084718888297843492 -0.012474651331520255 -0.0096375304891730407 -0.019368382496922076 0.0063523051845505267 -0.014008468159352789 -0.018019835884951704
leaf_weight=78.292623050510883 35.625927872955799 3.7033208385109928 6.4563251063227645 5.5906870663166073 6.3142143189907101 51.441606238484383 5.2540736123919469 79.418928436934948 9.8151745125651342 37.195289477705956 7.5080939754843712 5.0672094225883466 4.2108148634433746 21.216719605028629
leaf_count=309 121 19 24 19 19 236 25 221 58 209 57 19 33 167
internal_value=-0.000194873 -0.00401865 -0.0015527 0.0030552 0.00426688 0.00151475 -0.00734501 0.00538367 -0.00562855 -0.00763364 -0.0133729 -0.0126307 -0.00306888 -0.0154196
internal_weight=357.111 164.917 130.719 192.194 173.841 87.0675 18.3529 157.712 16.1294 43.6516 12.7622 34.1981 9.27802 24.92
internal_count=1536 828 590 708 607 357 101 530 77 233 82 238 52 186
is_linear=0
shrinkage=0.015


Tree=72
num_leaves=12
num_cat=0
split_feature=3 1 3 13 20 16 3 7 7 12 0
split_gain=27.8827 22.8108 12.5199 11.2578 10.4932 11.679 10.1412 8.07653 3.84169 4.00716 1.96765
threshold=0.81278797092021382 0.21710613946557569 0.22276068163009491 0.42603963641854126 1.0000000180025095e-35 0.0054779217923761917 0.28409416618764843 29.06999999999994 12.315000000000056 0.0080073636000846955 0.78230640239616955
decision_type=2 2 2 2 2 2 2 2 2 2 2
left_child=1 4 7 -4 6 -6 -1 -3 -2 10 -10
right_child=8 2 3 -5 5 -7 -8 -9 9 -11 -12
leaf_value=0.0044831123575969599 0 0.0041500069274336502 0.0048523330575623086 -0.011828867370802298 0.012091292736509081 0.00065378072836035691 -0.0047443432875005093 -0.0077006183627167336 -0.016708768203606023 0 0
leaf_weight=72.292585924267769 5.7722901925444594 43.984316095709801 9.2902115136384946 47.269926987588406 57.034613519906998 32.990181662142277 39.499957345426083 15.861173957586287 26.591226749122146 3.9230949729681006 2.1403928771615019
leaf_count=234 29 164 35 293 145 124 190 81 207 22 12
internal_value=-0.000195168 0.00126669 -0.00394602 -0.0088887 0.00431932 0.00808674 0.00113076 0.000740444 -0.0119504 -0.0138399 -0.0156631
internal_weight=356.65 318.223 116.406 56.5601 201.817 90.0248 111.793 59.8455 38.427 32.6547 28.7316
internal_count=1536 1266 573 328 693 269 424 245 270 241 219
is_linear=0
shrinkage=0.015


Tree=73
num_leaves=13
num_cat=0
split_feature=3 0 15 0 6 15 2 0 0 10 13 9
split_gain=27.227 20.6025 13.7744 10.451 8.15539 7.85555 7.55326 6.7393 6.60468 5.96326 0.995574 0.75209
threshold=0.81278797092021382 0.393794782917188 6.0714285714285561 0.72985739750445744 1.2828022818335232 4.3232142857142604 0.828478033272951 0.52260155797035646 0.18077021805506968 -0.0050923594782094697 0.42016086844987233 0.00023850759544392095
decision_type=2 2 2 2 2 2 2 2 2 2 2 2
left_child=1 4 3 -3 8 11 10 -4 -1 -6 -7 -2
right_child=5 2 7 -5 9 6 -8 -9 -10 -11 -12 -13
leaf_value=0.010624851439051076 0.0053513219758966977 0.0049312563456758727 -0.0016876101164968382 -0.013272621682500155 0.0047071530759920594 -0.0028190101506444503 0.0048287049987758273 -0.010253579385591767 0.0036239922736103132 -0.01202964616700368 -0.018100797659964273 -0.0021744917315498283
leaf_weight=46.283056028187275 3.9682416990399352 54.35178305208683 41.161184392869473 6.0169663056731215 6.2651075869798669 3.0876395553350511 2.580365687608718 47.596289083361626 107.32062190771103 8.8872906938195193 25.957743108272552 2.6594279929995537
leaf_count=118 16 203 185 39 19 20 10 283 370 49 209 15
internal_value=-0.000193401 0.00124956 -0.00276193 0.00262918 0.00482918 -0.0118369 -0.0148185 -0.00648849 0.0058911 -0.00493022 -0.0170041 0.00165816
internal_weight=356.136 317.882 149.126 60.3687 168.756 38.2534 31.6257 88.7575 153.604 15.1524 29.0454 6.62767
internal_count=1536 1266 710 242 556 270 239 468 488 68 229 31
is_linear=0
shrinkage=0.015


Tree=74
num_leaves=16
num_cat=0
split_feature=3 1 2 8 3 7 8 8 17 1 22 13 2 13 18
split_gain=26.6853 16.2251 11.3072 14.1043 10.3346 18.2479 10.0789 6.23318 7.72561 8.20075 4.58204 3.5097 5.1785 3.99643 1.90609
threshold=0.57781274281276596 0.29207738145014889 0.35246759688726309 0.96627406848451947 0.052167991532987699 16.670000000000304 0.96115980722693894 0.68908059877157657 0.63040576423812056 0.23027104385882 1.0000000180025095e-35 0.78150076454937045 0.41612055370600992 0.82744671282625593 9.5000000000000018
decision_type=2 2 2 2 2 2 2 2 2 2 2 2 2 2 2
left_child=1 4 6 -4 14 -6 -3 11 9 -9 -10 12 -2 -13 -1
right_child=7 2 3 -5 5 -7 -8 8 10 -11 -12 13 -14 -15 -16
leaf_value=0.0042949588763836807 -0.0068656575454957612 -0.012738762014645686 0.0074211828586149501 -0.018248536077962646 0.0092111479614471106 -0.0010392225131385631 0.002482621557858116 0.010011375189735827 -0.016718369340152573 -0.012086649487035087 0 0.0086936794985737215 -0.019169990761724622 -0.010632785949221629 0.013673200534774771
leaf_weight=12.371157042682169 23.851797357201576 32.934028394520283 25.627676859498028 3.7731409519910803 56.495299227535725 113.62262290716171 11.746154747903345 12.747154876589777 7.0107134431600553 2.9805062413215628 5.0517608225345612 3.2468001097440711 17.086579725146294 2.4459615349769592 24.623846590518951
leaf_count=38 154 208 84 26 160 449 49 43 55 23 24 11 139 19 54
internal_value=-0.000193038 0.00190928 -0.00399194 0.00293555 0.00407391 0.00238878 -0.00864156 -0.00807668 -0.00191983 0.00450943 -0.0102851 -0.0113618 -0.0128295 0 0.0111106
internal_weight=355.615 281.194 74.081 29.4008 207.113 170.118 44.6802 74.4213 27.7901 15.7277 12.0625 46.6311 40.9384 5.69276 36.995
internal_count=1536 1068 367 110 701 609 257 468 145 66 79 323 293 30 92
is_linear=0
shrinkage=0.015


Tree=75
num_leaves=15
num_cat=0
split_feature=3 1 0 3 9 15 12 0 10 4 13 1 15 0
split_gain=26.099 16.9376 12.4712 11.9251 9.52705 7.32144 7.22173 6.54821 7.28811 2.9074 1.5071 1.28283 2.06751 1.22546
threshold=0.23107850077521494 0.39448946073540825 0.57410710950048849 0.81278797092021382 0.0069409389502197638 4.4471428571428744 0.0036747035721566017 0.18077021805506968 0.014653960712679789 1.536369288520961 0.79792827714947878 1.2425401963468825 5.2814285714285925 0.78230640239616955
decision_type=2 2 2 2 2 2 2 2 2 2 2 2 2 2
left_child=2 3 7 4 -2 -5 13 9 -9 -1 -8 12 -3 -4
right_child=1 11 6 5 -6 -7 10 8 -10 -11 -12 -13 -14 -15
leaf_value=0.012812443751136304 0.0013531642444197681 -0.0059168361201230616 -0.01800242812542354 0.0031261137069298235 -0.011417446315558683 -0.013364006935974965 -0.0019694261066607838 0.0046943194710114379 -0.0096760339131583967 0.00083462912783789894 0.0084986943523437178 -0.00015169182336194985 -0.018600804456700065 -0.00064300858298227642
leaf_weight=32.136724971234798 125.12884199619293 8.8901017978787475 6.6627488508820552 6.0571486800909069 12.658136278390883 25.320466741919518 4.2683790177106848 95.628179982304573 6.4831892922520629 7.1849389225244513 3.2518427446484566 2.4400068968534461 16.745649136602879 2.236776240170002
leaf_count=72 499 56 49 26 73 185 22 318 33 24 10 15 142 12
internal_value=-0.000193729 -0.00383481 0.00430001 -0.00191486 0 -0.00995947 -0.00726862 0.00577799 0.00354154 0.0109517 0.00260379 -0.0142571 -0.0152201 -0.0152461
internal_weight=355.093 197.24 157.853 169.165 137.787 31.3776 16.4197 141.433 102.111 39.3217 7.52022 28.0758 25.6358 8.89953
internal_count=1536 996 540 783 572 211 93 447 351 96 32 213 198 61
is_linear=0
shrinkage=0.015


Tree=76
num_leaves=15
num_cat=0
split_feature=3 0 1 15 20 20 1 6 1 6 0 2 12 2
split_gain=25.4964 16.8576 8.85429 8.24549 7.48321 6.96167 6.85044 5.30171 5.14242 4.89832 4.74141 2.43569 2.89527 0.725904
threshold=0.57781274281276596 0.48902047370532503 0.097901855157798437 5.5128571428571806 1.0000000180025095e-35 1.0000000180025095e-35 0.17195709305403797 1.2074946218649383 0.45297890677662639 1.0762607230464758 0.5409798457430709 0.19649072826400879 0.002422547720925317 0.74067112225005383
decision_type=2 2 2 2 2 2 2 2 2 2 2 2 2 2
left_child=1 2 7 -4 11 6 -3 -1 9 -6 -7 12 -2 -13
right_child=4 5 3 -5 8 10 -8 -9 -10 -11 -12 13 -14 -15
leaf_value=0.0090531565229097916 -0.010432843887999114 0 0.0074077375681562176 -0.001413611954410894 -0.0060456538370577658 -0.0083328335230890421 -0.012508920507964398 -0.0014432943043662938 -0.01475581029928519 0.0036880906443449999 0.0032392668029206061 -0.018105484108462338 0.0061654202394261981 -0.0030397109140141705
leaf_weight=78.624279141426086 2.7784288749098804 17.079034477472305 32.05585241317749 75.281865850090981 23.328240729868412 8.1514688655734044 25.139368109405041 10.540679052472113 6.518316537141799 18.839006878435612 33.698974795639515 17.172902382910255 2.3474907204508781 3.0039050802588454
leaf_count=214 24 70 96 303 132 44 160 41 57 78 140 149 9 19
internal_value=-0.000195866 0.00185801 0.00426863 0.00123956 -0.00792698 -0.00365771 -0.00782169 0.0077256 -0.00398465 -0.00155703 0.000537007 -0.0143903 -0.00218196 -0.0166771
internal_weight=354.56 280.572 196.503 107.338 73.9883 84.0688 42.2184 89.165 48.6856 42.1672 41.8504 25.3027 5.12592 20.1768
internal_count=1536 1068 654 399 468 414 230 255 267 210 184 201 33 168
is_linear=0
shrinkage=0.015


Tree=77
num_leaves=15
num_cat=0
split_feature=3 1 0 3 9 10 0 8 1 4 0 13 19 10
split_gain=25.0631 16.4216 11.9922 11.4311 9.27131 7.11168 6.34945 7.32088 6.22317 2.86015 1.52114 1.47768 1.34088 4.09612
threshold=0.23107850077521494 0.39448946073540825 0.57410710950048849 0.81278797092021382 0.0069409389502197638 0.0039239789957991504 0.18077021805506968 0.97745980913418451 0.26228559553601433 1.536369288520961 0.80662388864302248 0.79792827714947878 3.5000000000000004 -0.0023772824239194834
decision_type=2 2 2 2 2 2 2 2 2 2 2 2 2 2
left_child=2 3 6 4 -2 10 9 -8 -5 -1 -4 -7 -3 -14
right_child=1 12 5 8 -6 11 7 -9 -10 -11 -12 -13 13 -15
leaf_value=0.012631795883032851 0.0013225001244056046 -0.016758898222550913 -0.018032635620957759 -0.013230333097506403 -0.011287085911451561 -0.0018984203039710274 0.0053262902409207226 -0.0047512326369302822 0.0013790468314213719 0.00075585316261885308 -3.9268268852780361e-05 0.0084541484667340367 0.002737368443855141 -0.013923479706185064
leaf_weight=31.887654379010201 125.0052657648921 18.838921442627907 6.6558666452765483 24.059331908822063 12.63057768344879 4.2768712341785422 84.435467191040516 17.550557374954224 7.1113191172480574 7.1701096147298804 2.1897104829549789 3.2518378421664238 4.5998824089765549 4.3778557479381579
leaf_count=72 499 156 49 174 73 22 274 77 37 24 12 10 22 35
internal_value=-0.0001984 -0.00377274 0.00421041 -0.00188448 0 -0.00714417 0.00566249 0.00346192 -0.00978904 0.0107773 -0.0150986 0.00262194 -0.0140852 -0.00576035
internal_weight=354.041 196.623 157.418 168.806 137.636 16.3743 141.044 101.986 31.1707 39.0578 8.84558 7.52871 27.8167 8.97774
internal_count=1536 996 540 783 572 93 447 351 211 96 61 32 213 57
is_linear=0
shrinkage=0.015


Tree=78
num_leaves=13
num_cat=0
split_feature=3 1 3 5 6 7 15 3 12 12 9 0
split_gain=24.4594 20.3903 11.4451 10.3603 10.1723 7.72841 7.56614 5.41586 4.81359 4.65464 3.26351 0.299089
threshold=0.81278797092021382 0.21710613946557569 0.22276068163009491 0.57566437663098491 1.2945415533128872 29.06999999999994 4.3232142857142604 0.28242599693878218 -0.0006356197925994066 0.0080073636000846955 0.0034479303115834375 0.11283110140998999
decision_type=2 2 2 2 2 2 2 2 2 2 2 2
left_child=1 3 5 10 -5 -3 8 -4 -2 11 -1 -8
right_child=6 2 7 4 -6 -7 9 -9 -10 -11 -12 -13
leaf_value=0 0.010235806005807077 0.0040398508664058188 -0.019352912778969961 0.0057715295639858616 -0.0067920564030886192 -0.0075709724952638113 -0.003803806910105352 -0.0059264968559696709 -0.01026202904783508 0 -0.019050568348894719 -0.01738407419556294
leaf_weight=4.015562877058982 4.4415643140673637 43.833022676408291 7.836048685014247 179.54706744849682 13.564564555883406 15.806483335793017 3.207347244024283 48.145097993314266 2.1524582654237738 3.8479711115360251 3.3031168878078461 23.812170974910259
leaf_count=16 15 164 57 588 66 81 20 271 16 22 23 197
internal_value=-0.000199756 0.001162 -0.00378075 0.00405951 0.00479002 0.000695109 -0.0113551 -0.00853796 0.00184104 -0.0143428 -0.0113021 -0.0164037
internal_weight=353.512 316.051 115.621 200.43 193.112 59.6395 37.4615 55.9811 6.59402 30.8675 7.31868 27.0195
internal_count=1536 1266 573 693 654 245 270 328 31 239 39 217
is_linear=0
shrinkage=0.015


Tree=79
num_leaves=11
num_cat=0
split_feature=1 6 4 2 8 16 4 9 7 15
split_gain=19.1308 12.8966 13.5977 13.1592 8.56778 7.58884 5.71993 3.14407 1.33725 1.67275
threshold=0.54476242354889681 1.2945415533128872 0.93750610133090251 0.05318231933446161 0.096289947048475322 0.014889570690491112 2.1714905847058401 0.0095798235115976214 31.56999999999994 5.5128571428571806
decision_type=2 2 2 2 2 2 2 2 2 2
left_child=1 2 5 -4 -3 -1 -2 -6 9 -8
right_child=6 4 3 -5 7 -7 8 -9 -10 -11
leaf_value=0.0058933219177865134 -0.017958068162134407 0.0024237880975845161 -0.018988391809049182 -0.00025546316051236939 -0.018369988486373463 -0.0071279797668927763 0.00069953375419319467 0 0.0047997578138587963 -0.011316005410159527
leaf_weight=133.60239949077368 14.792080670595171 7.4838791787624386 6.9790272042155257 157.82742597907782 12.470481745898722 8.7047583609819394 3.1815135255455953 3.0533089414238921 2.3722213432192802 2.6019598543643951
leaf_count=436 128 27 51 703 90 42 15 13 10 21
internal_value=-0.000204249 0.000727133 0.001582 -0.00131186 -0.00959792 0.0049571 -0.0128877 -0.0154366 -0.00122744 -0.0052613
internal_weight=353.069 330.121 307.114 164.806 23.0077 142.307 22.9478 15.5238 8.15569 5.78347
internal_count=1536 1362 1232 754 130 478 174 103 46 36
is_linear=0
shrinkage=0.015


Tree=80
num_leaves=16
num_cat=0
split_feature=3 1 0 3 10 15 10 0 8 7 0 13 19 10 15
split_gain=23.8757 15.6613 11.5466 10.7265 9.0369 7.87318 6.96697 6.20553 7.06079 3.60494 1.50424 1.44849 1.3671 4.03152 0.400664
threshold=0.23107850077521494 0.39448946073540825 0.57410710950048849 0.81278797092021382 0.0083266135561805808 4.3707142857143397 0.0039239789957991504 0.18077021805506968 0.97745980913418451 15.165000000000193 0.80662388864302248 0.79792827714947878 3.5000000000000004 -0.0023772824239194834 4.6507142857142965
decision_type=2 2 2 2 2 2 2 2 2 2 2 2 2 2 2
left_child=2 3 7 4 -2 -5 10 9 -9 -1 -4 -8 14 -14 -3
right_child=1 12 6 5 -6 -7 11 8 -10 -11 -12 -13 13 -15 -16
leaf_value=0 0.0018587613882966368 -0.0037884131420470048 -0.017877540231322875 0.0042286632955235142 -0.0076649594350352629 -0.013073696698545674 -0.0018713818204287803 0.0051927936463599389 -0.0047056081173514914 0.012498473224650952 0 0.0083743418350119246 0.0028460005727389656 -0.01371436633560527 -0.018019388691701492
leaf_weight=6.230582430958747 111.57114023715258 3.2116095349192646 6.6135343015193957 5.7627038285136249 25.929719962179661 25.130280412733555 4.2675516307353965 84.255851201713085 17.539342306554317 32.554687164723873 2.1812222823500633 3.2521293461322784 4.5799487978219986 4.3250346183776873 15.349761486053465
leaf_count=22 439 21 49 24 133 187 22 274 77 74 12 10 22 35 135
internal_value=-0.000207032 -0.00370332 0.00410204 -0.00186242 0 -0.00955727 -0.00705393 0.00553008 0.00335723 0.0106047 -0.0149557 0.00260031 -0.0138427 -0.00554951 -0.0165298
internal_weight=352.755 195.86 156.895 168.394 137.501 30.893 16.3144 140.58 101.795 38.7853 8.79476 7.51968 27.4664 8.90498 18.5614
internal_count=1536 996 540 783 572 211 93 447 351 96 61 32 213 57 156
is_linear=0
shrinkage=0.015


Tree=81
num_leaves=16
num_cat=0
split_feature=3 1 0 3 9 15 12 0 10 7 7 19 10 0 15
split_gain=23.2423 15.3946 11.2741 10.4619 8.86661 7.72163 6.89229 6.0882 7.01569 3.53439 2.1086 1.34768 3.96906 1.21572 0.390611
threshold=0.23107850077521494 0.39448946073540825 0.57410710950048849 0.81278797092021382 0.0069409389502197638 4.3707142857143397 0.0036747035721566017 0.18077021805506968 0.014653960712679789 15.165000000000193 29.394999999999985 3.5000000000000004 -0.0023772824239194834 0.78230640239616955 4.6507142857142965
decision_type=2 2 2 2 2 2 2 2 2 2 2 2 2 2 2
left_child=2 3 7 4 -2 -5 13 9 -9 -1 -8 14 -13 -4 -3
right_child=1 11 6 5 -6 -7 10 8 -10 -11 -12 12 -14 -15 -16
leaf_value=0 0.0012518949149508652 -0.0037562938799521545 -0.017591681528535588 0.0041789790356668594 -0.011090191903118503 -0.012953352398886038 0.0082499465469512596 0.0044463467426740372 -0.0096619149642280695 0.012381064008260475 -0.0043592193174777968 0.0028149084910582081 -0.013623661163899098 -0.00047085353134113399 -0.017910741063183955
leaf_weight=6.230582430958747 124.8859074562788 3.2076174691319492 6.5628039091825503 5.767490670084956 12.603562235832213 25.00284381955862 4.5470769107341757 95.265388578176498 6.4696627035737029 32.390657208859921 2.9547930210828781 4.5831448584794998 4.3020122945308703 2.2221323698759079 15.224308639764784
leaf_count=22 499 21 49 24 73 187 15 318 33 74 17 22 35 12 135
internal_value=-0.000208765 -0.00366092 0.00404596 -0.00183793 0 -0.0094542 -0.00698362 0.00545864 0.00330787 0.0104977 0.00262201 -0.0137424 -0.00549606 -0.0148468 -0.0164234
internal_weight=352.22 195.577 156.643 168.26 137.489 30.7703 16.2868 140.356 101.735 38.6212 7.50187 27.3171 8.88516 8.78494 18.4319
internal_count=1536 996 540 783 572 211 93 447 351 96 32 213 57 61 156
is_linear=0
shrinkage=0.015


Tree=82
num_leaves=14
num_cat=0
split_feature=3 0 16 17 1 20 0 13 1 5 16 13 5
split_gain=22.6813 15.3122 9.7132 8.1853 7.51768 7.38743 5.10741 9.27936 4.90959 4.49215 4.13104 2.60469 2.70594
threshold=0.57781274281276596 0.393794782917188 0.0035758874421292805 0.93887916895468615 0.24533874201222358 1.0000000180025095e-35 0.15986753856474009 0.58712495773181994 0.45297890677662639 0.95576749306436204 0.0069380170391304822 0.82744671282625593 1.8532445631312122
decision_type=2 2 2 2 2 2 2 2 2 2 2 2 2
left_child=1 6 4 -4 -3 11 9 -8 10 -1 -7 12 -2
right_child=5 2 3 -5 -6 8 7 -9 -10 -11 -12 -13 -14
leaf_value=0 -0.017880703368012802 0.010590885977310465 -0.0025520494348560772 -0.015256423602156363 -0.0029984606353470182 0.0010244997602839739 -0.0025557561482502061 0.0061548323066048828 -0.01432540664760232 0.012747877175508186 -0.0095871872065352998 -0.0014081917686128605 0
leaf_weight=8.3112479448318464 18.197963826358325 18.512558802962303 81.572086356580257 12.113090477883814 14.085971526801584 33.326538220047951 38.913162849843502 78.742774859070778 6.289326846599578 26.584100119769573 8.5199825689196569 4.7484986931085578 1.7637672275304783
leaf_count=29 164 49 384 79 71 154 155 241 57 60 56 28 9
internal_value=-0.000211539 0.00172343 -0.00208197 -0.00455761 0.0046682 -0.00756642 0.00490828 0.00321667 -0.00365832 0.00992503 -0.00130375 -0.0140547 -0.0163193
internal_weight=351.681 278.835 126.284 93.6852 32.5985 72.8461 152.551 117.656 48.1358 34.8953 41.8465 24.7102 19.9617
internal_count=1536 1068 583 463 120 468 485 396 267 89 210 201 173
is_linear=0
shrinkage=0.015


Tree=83
num_leaves=13
num_cat=0
split_feature=3 1 3 13 5 6 7 15 2 2 13 9
split_gain=22.315 18.6498 10.6786 10.7875 10.0643 9.63994 7.4575 7.12296 7.41482 3.46585 1.18675 0.726987
threshold=0.81278797092021382 0.21710613946557569 0.22276068163009491 0.42603963641854126 0.57566437663098491 1.2945415533128872 29.06999999999994 4.3232142857142604 0.828478033272951 0.18976429506766565 0.42016086844987233 0.00023850759544392095
decision_type=2 2 2 2 2 2 2 2 2 2 2 2
left_child=1 4 6 -4 9 -6 -3 11 10 -1 -9 -2
right_child=7 2 3 -5 5 -7 -8 8 -10 -11 -12 -13
leaf_value=0 0.0053873284274352411 0.0039568688076727452 0.0051543537209095911 -0.011210095933707408 0.0055468217525636689 -0.0066953762643810625 -0.0074660325737313012 -0.0020210685572288334 0.005390442410253952 -0.018991890957646616 -0.01734715981366242 -0.0019861349465160566
leaf_weight=3.8531647473573676 3.9500890225172034 43.704847104847431 9.2229309603571874 46.287441357970238 178.60254848003387 13.522429093718527 15.750809088349341 2.9731380864977899 2.5404907763004294 3.4471434876322746 24.664367862045765 2.6378220990300179
leaf_count=15 16 164 35 293 588 66 81 20 10 24 209 15
internal_value=-0.000212535 0.00108323 -0.0036561 -0.00827607 0.0038618 0.00458644 0.000664218 -0.0109705 -0.0139265 -0.0112875 -0.0161991 0.00178667
internal_weight=351.157 314.391 114.966 55.5104 199.425 192.125 59.4557 36.7659 30.178 7.30031 27.6375 6.58791
internal_count=1536 1266 573 328 693 654 245 270 239 39 229 31
is_linear=0
shrinkage=0.015


Tree=84
num_leaves=12
num_cat=0
split_feature=3 1 1 3 10 16 1 4 6 19 10
split_gain=21.8752 14.7187 10.4276 9.75618 8.62996 7.62276 6.08601 5.98861 5.26521 1.3832 3.92908
threshold=0.23107850077521494 0.39448946073540825 0.54156539872755383 0.81278797092021382 0.0083266135561805808 0.0023905703462532902 0.26228559553601433 2.1714905847058401 1.2945415533128872 3.5000000000000004 -0.0023772824239194834
decision_type=2 2 2 2 2 2 2 2 2 2 2
left_child=2 3 5 4 -2 -1 -5 -4 -7 -3 -11
right_child=1 9 7 6 -6 8 -8 -9 -10 10 -12
leaf_value=-0.012521247495604335 0.0017947584778729591 -0.016203503551037026 -0.016139390409428547 -0.012669307285616452 -0.0075221967938419064 0.0064718329348210611 0.0018242819615086946 0.0037413483474430594 -0.0038322487874291331 0.0029515900332747645 -0.013436938175694566
leaf_weight=3.3032821118831626 111.40307278931141 18.131964899599552 6.8811612352728826 23.415923625230793 25.860637009143829 132.24593325704336 7.0075103193521491 3.6790417283773422 9.9348898380994779 4.5659032315015793 4.2477719336748141
leaf_count=19 439 156 55 174 133 409 37 13 44 22 35
internal_value=-0.000213523 -0.0035721 0.00392034 -0.00179219 0 0.00502885 -0.00919304 -0.0091232 0.00565665 -0.0135005 -0.00527768
internal_weight=350.677 194.633 156.044 167.687 137.264 145.484 30.4234 10.5602 142.181 26.9456 8.81368
internal_count=1536 996 540 783 572 472 211 68 453 213 57
is_linear=0
shrinkage=0.015


Tree=85
num_leaves=15
num_cat=0
split_feature=3 1 0 3 10 15 10 10 15 10 1 15 0 0
split_gain=21.2606 14.449 10.6556 9.5157 8.39109 7.39357 6.79002 5.87364 8.56429 6.12827 2.31622 2.11275 1.4773 1.22746
threshold=0.23107850077521494 0.39448946073540825 0.57410710950048849 0.81278797092021382 0.0083266135561805808 4.3707142857143397 0.0039239789957991504 0.00017285696253256923 15.801071428571456 -0.011401215118831349 1.4139003964349646 5.2814285714285925 0.80662388864302248 0.70136356955334678
decision_type=2 2 2 2 2 2 2 2 2 2 2 2 2 2
left_child=2 3 7 4 -2 -5 12 9 -9 -1 11 -3 -4 -8
right_child=1 10 6 5 -6 -7 13 8 -10 -11 -12 -13 -14 -15
leaf_value=-0.0023654986951720937 0.0017683599076897235 -0.0053551624210038274 -0.017627780846768356 0.0041929160768213137 -0.0074199849560456837 -0.0125754244468427 -0.0014588348494921106 0.000180334615262348 0.012804669575617543 0.010875257615158894 0 -0.017922030199080327 0 0.00790073688593604
leaf_weight=7.5007174536585799 111.40001534670591 8.7607352137565666 6.5451173484325427 5.7644299492239979 25.851240359246731 24.550044797360897 4.2338972687721244 70.338745944201946 12.952398985624312 48.814087353646755 1.803272709250449 16.22991931438446 2.1702904626727104 3.2677317932248116
leaf_count=30 439 57 49 24 133 187 22 260 29 128 10 146 12 10
internal_value=-0.000216589 -0.00353017 0.00386132 -0.00176891 0 -0.0090926 -0.00687509 0.00524094 0.00248567 0.00896243 -0.0133965 -0.0145177 -0.0147235 0.00263373
internal_weight=350.183 194.36 155.823 167.566 137.251 30.3145 16.217 139.606 83.2911 56.3148 26.7939 24.9907 8.71541 7.50163
internal_count=1536 996 540 783 572 211 93 447 289 158 213 203 61 32
is_linear=0
shrinkage=0.015


Tree=86
num_leaves=13
num_cat=0
split_feature=3 1 13 3 20 16 3 15 2 6 12 12
split_gain=20.7811 17.6921 10.0939 11.8158 9.64058 11.3144 8.52946 6.87743 7.35336 6.76346 4.71296 2.96609
threshold=0.81278797092021382 0.21710613946557569 0.44204786506226729 0.22276068163009491 1.0000000180025095e-35 0.0054779217923761917 0.28409416618764843 4.3232142857142604 0.828478033272951 1.0204557807838859 -0.0006356197925994066 0.0099533542668964765
decision_type=2 2 2 2 2 2 2 2 2 2 2 2
left_child=1 4 9 -4 6 -6 -1 10 11 -3 -2 -9
right_child=7 2 3 -5 5 -7 -8 8 -10 -11 -12 -13
leaf_value=0.0037989693347641024 0.010131188593503034 0.011352529596910179 -0.00035106066256900546 -0.010932336873248259 0.011347909022930291 5.2678353855427679e-05 -0.004707468956083604 -0.017176011335827662 0.0055655641619726769 -0.0063832738511561066 -0.010168646068573978 0
leaf_weight=71.137441143393517 4.4402233585715294 13.247185446321966 50.578057825565338 45.716246880590916 56.025342896580696 32.490859113633633 39.287963531911373 25.314154319465167 2.528087466955184 4.9578335136175147 2.1389251500368109 1.8394269049167622
leaf_count=234 15 37 218 291 145 124 190 218 10 27 16 11
internal_value=-0.00021604 0.0010298 -0.00359597 -0.00557111 0.00373874 0.0073775 0.000675871 -0.0106721 -0.0136193 0.00599754 0.00182534 -0.015922
internal_weight=349.702 313.441 114.499 96.2943 198.942 88.5162 110.425 36.2608 29.6817 18.205 6.57915 27.1536
internal_count=1536 1266 573 509 693 269 424 270 239 64 31 229
is_linear=0
shrinkage=0.015


Tree=87
num_leaves=14
num_cat=0
split_feature=3 0 16 17 20 1 6 12 1 6 15 13 8
split_gain=20.3332 14.0919 9.36829 7.89992 7.23653 6.97559 6.77747 5.45063 4.73546 4.6156 3.45679 2.62227 2.95316
threshold=0.57781274281276596 0.393794782917188 0.0035758874421292805 0.93887916895468615 1.0000000180025095e-35 0.24533874201222358 1.1789942138375553 0.00078061946087004685 0.45297890677662639 1.0762607230464758 7.2085714285714184 0.82744671282625593 0.83227466764239433
decision_type=2 2 2 2 2 2 2 2 2 2 2 2 2
left_child=1 6 5 -4 11 -3 7 -1 9 -6 -8 12 -2
right_child=4 2 3 -5 8 -7 10 -9 -10 -11 -12 -13 -14
leaf_value=0.0018022909106505767 -0.017671290995449253 0.010315785884402162 -0.0025028258820821562 -0.015024818550402878 -0.0055094062021073713 -0.0027934271665674701 -0.0069656343290039171 0.0086133959207936005 -0.013971436319497335 0.0040207081230714007 0.0027710638874547059 -0.0011527501154695375 0
leaf_weight=46.33539105206728 17.763242214918144 18.431850075721741 81.297816216945648 12.022394396364687 22.890383213758469 14.013002723455427 13.060435086488726 77.232916884124279 6.0926467254757872 18.613377384841442 15.03359818458557 4.7000325769186011 1.6762131080031384
leaf_count=160 164 49 384 79 132 71 61 213 57 78 51 28 9
internal_value=-0.000213297 0.00161491 -0.00203987 -0.00447611 -0.00723735 0.0046027 0.00468153 0.0061885 -0.00337357 -0.00107464 -0.00166825 -0.0137277 -0.0160271
internal_weight=349.163 277.427 125.765 93.3202 71.7359 32.4449 151.662 123.568 47.5964 41.5038 28.094 24.1395 19.4395
internal_count=1536 1068 583 463 468 120 485 373 267 210 112 201 173
is_linear=0
shrinkage=0.015


Tree=88
num_leaves=13
num_cat=0
split_feature=3 1 20 16 1 10 9 4 7 10 17 9
split_gain=19.9461 16.9777 12.7834 10.8361 10.3413 7.05682 8.29674 5.47503 3.29821 3.73118 3.0153 2.09565
threshold=0.81278797092021382 0.29207738145014889 1.0000000180025095e-35 0.0054779217923761917 0.18401328590860394 0.0059624333540031051 0.0024882595837401795 0.82049211774060182 12.315000000000056 0.0076758036160172191 -0.60152306176808756 0.0060409562592269959
decision_type=2 2 2 2 2 2 2 2 2 2 2 2
left_child=1 2 4 -4 -1 6 -3 -7 -2 10 -10 -11
right_child=8 5 3 -5 -6 7 -8 -9 9 11 -12 -13
leaf_value=0.0017162756745781789 0 -0.0054224972219464361 0.010333966899169112 0.00040520624709642944 -0.0095942094155931027 0.00075155847023582027 0.0062834956016448442 -0.016191000526546494 -0.0024969062398033461 0.0033373099281523446 -0.018108021859490907 -0.0095945194784729775
leaf_weight=102.27669480443001 5.6757952570915213 44.684047646820545 68.522975727915764 40.842026226222515 19.9935617223382 4.4088622778654125 16.915857449173927 15.058073088526724 5.4605623632669511 4.85168832540512 17.467135392129421 2.4779941067099571
leaf_count=381 29 243 187 157 107 18 65 108 37 27 155 22
internal_value=-0.000214116 0.00100394 0.00308857 0.00676731 -0.000197499 -0.00479321 -0.0019935 -0.012292 -0.0105058 -0.0123611 -0.0151895 -0.00135031
internal_weight=348.635 312.702 231.635 109.365 122.27 81.0668 61.5999 19.4669 35.9332 30.2574 22.9277 7.32968
internal_count=1536 1266 832 344 488 434 308 126 270 241 192 49
is_linear=0
shrinkage=0.015


Tree=89
num_leaves=12
num_cat=0
split_feature=3 1 1 3 9 15 7 10 10 1 15
split_gain=19.7562 13.6232 9.78511 8.59965 8.18569 7.74128 4.78532 9.35904 3.63419 2.29648 2.16262
threshold=0.23107850077521494 0.39448946073540825 0.54156539872755383 0.81278797092021382 0.0069409389502197638 4.3232142857142604 67.420000000000087 -0.011401215118831349 -0.00016194219349084448 1.4139003964349646 5.2814285714285925
decision_type=2 2 2 2 2 2 2 2 2 2 2
left_child=2 3 6 4 -2 -5 7 -1 -4 10 -3
right_child=1 9 8 5 -6 -7 -8 -9 -10 -11 -12
leaf_value=-0.013206135484795913 0.0011468743241542182 -0.0050829899887172465 0 0.0050690308900575212 -0.010741703265343716 -0.012293399437974388 0.01359112868412974 0.0046766213973012376 -0.015566564812965018 0 -0.017675409264423479
leaf_weight=4.8382007405161849 124.39391230791807 8.6728320196270996 4.9726700559258461 5.504281714558604 12.52209836989641 24.331442683935165 11.658349715173243 128.16783453524113 5.4979718104004842 1.7870073169469822 15.863359451293944
leaf_count=27 499 57 25 22 73 189 25 420 43 10 146
internal_value=-0.00021419 -0.00342154 0.00372256 -0.00171375 -2.54408e-05 -0.00873746 0.00480056 0.00378457 -0.00895121 -0.0130903 -0.0142256
internal_weight=348.21 193.075 155.135 166.752 136.916 29.8357 144.664 133.006 10.4706 26.3232 24.5362
internal_count=1536 996 540 783 572 211 472 447 68 213 203
is_linear=0
shrinkage=0.015


Tree=90
num_leaves=11
num_cat=0
split_feature=1 6 0 10 13 8 7 10 8 8
split_gain=16.4014 11.7304 11.4173 10.8255 10.8093 4.14355 3.6321 2.94363 4.21258 2.28324
threshold=0.54476242354889681 1.2945415533128872 0.18077021805506968 -0.0062170910561582509 0.83071354379425943 0.97964826111474923 41.390000000000107 -0.00016194219349084448 0.5535391797710113 0.029725409584602434
decision_type=2 2 2 2 2 2 2 2 2 2
left_child=1 2 5 -3 -4 -1 -5 8 9 -2
right_child=7 3 4 6 -6 -7 -8 -9 -10 -11
leaf_value=0.0041010994263057446 0 0.0047866074452097181 0.00095256812944178454 -0.018764928024042948 -0.010955730739236284 0.013608434066621834 0 -0.017228069078210589 0.0086120644265728404 -0.013822252316245818
leaf_weight=37.314593248069286 3.1508592814207095 6.840569473803046 232.44987042248249 12.688490539789198 16.496113650500774 16.85147937387228 3.1260561347007743 11.538323543965815 2.0757350325584403 5.2003296762704849
leaf_count=137 16 23 966 93 93 36 14 102 7 49
internal_value=-0.000215448 0.000639923 0.00146164 -0.00927667 5.25652e-05 0.00757169 -0.0156352 -0.0122091 -0.00417286 -0.00912516
internal_weight=347.732 325.767 303.112 22.6551 248.946 54.1661 15.8145 21.9652 10.4269 8.35119
internal_count=1536 1362 1232 130 1059 173 107 174 72 65
is_linear=0
shrinkage=0.015


Tree=91
num_leaves=12
num_cat=0
split_feature=3 1 6 1 10 4 20 1 6 13 8
split_gain=19.0697 12.0838 8.76709 9.13023 8.72213 8.66335 7.03163 4.56689 4.47021 2.62552 2.91937
threshold=0.57781274281276596 0.54476242354889681 1.2945415533128872 0.048379121090643594 -0.0062170910561582509 2.1714905847058401 1.0000000180025095e-35 0.45297890677662639 1.0762607230464758 0.82744671282625593 0.83227466764239433
decision_type=2 2 2 2 2 2 2 2 2 2 2
left_child=1 2 3 -1 -4 -3 9 8 -8 10 -2
right_child=6 5 4 -5 -6 -7 7 -9 -10 -11 -12
leaf_value=0.0084648606886459782 -0.017489835520463175 -0.017018842692235917 0.0049865845831440353 0.0015136634452469413 -0.014149214139627072 0.0034416933337247458 -0.0053764719680825003 -0.013744448251192485 0.0040209307685148696 -0.00099161831733716641 0
leaf_weight=55.27585331350565 17.412123858928688 10.945964738726618 6.7434886544942882 186.19666339457035 11.680793382227419 5.5366289541125289 22.772334560751915 5.9596639350056639 18.560419745743275 4.6690003350377074 1.66624455153942
leaf_count=155 164 95 22 704 69 23 132 57 78 28 9
internal_value=-0.000214171 0.00155486 0.00239494 0.00319214 -0.00697563 -0.0101115 -0.00705335 -0.00324425 -0.000992684 -0.0135066 -0.0158288
internal_weight=347.419 276.379 259.897 241.473 18.4243 16.4826 71.0398 47.2924 41.3328 23.7474 19.0784
internal_count=1536 1068 950 859 91 118 468 267 210 201 173
is_linear=0
shrinkage=0.015


Tree=92
num_leaves=15
num_cat=0
split_feature=3 0 3 0 18 15 9 0 8 0 4 7 0 9
split_gain=18.8491 9.75945 9.68094 8.48302 9.51105 6.53919 5.97263 5.49418 6.68864 3.92502 3.86982 3.74182 1.01166 0.710144
threshold=0.23107850077521494 0.57410710950048849 0.81278797092021382 0.72985739750445744 16.500000000000004 4.3232142857142604 0.0044380827487281883 0.18077021805506968 0.97745980913418451 0.11000233426704382 0.75556629966366728 15.069999999999938 0.72301225738107788 0.00023850759544392095
decision_type=2 2 2 2 2 2 2 2 2 2 2 2 2 2
left_child=1 7 3 4 -2 13 12 11 -9 -7 -5 -1 -3 -4
right_child=2 6 5 10 -6 9 -8 8 -10 -11 -12 -13 -14 -15
leaf_value=-0.0003911260113328298 0.0013394280971112734 -0.01692276187165704 0.005421108943147096 0 -0.0079804018531588316 0 0.0039766873833245323 0.0047315136792010753 -0.0049348674372700716 -0.015245664543575191 -0.017787828053029468 0.011673904467397089 -0.0032639398100778399 -0.0018488923549272794
leaf_weight=5.385327845811843 116.93331018835306 5.6184533312916773 3.9329172968864432 3.0425349175930005 28.931750789284706 3.9461528733372715 5.6730774939060202 83.550811663269997 17.408147498965263 24.942998744547367 7.9961669147014618 32.166232638061047 4.7939460352063179 2.6211717873811722
leaf_count=20 486 42 16 13 162 22 24 274 77 217 65 76 27 15
internal_value=-0.000215064 0.00363602 -0.00335447 -0.00163887 -0.000541339 -0.0102558 -0.00666761 0.00496385 0.00292843 -0.0131965 -0.0132588 0.00982173 -0.0127776 0.00188436
internal_weight=346.943 154.596 192.347 156.904 145.865 35.4432 16.0855 138.511 100.959 28.8892 11.0387 37.5516 10.4124 6.55409
internal_count=1536 540 996 726 648 270 93 447 351 239 78 96 69 31
is_linear=0
shrinkage=0.015


Tree=93
num_leaves=13
num_cat=0
split_feature=0 4 6 4 9 10 6 10 17 15 4 5
split_gain=14.1417 11.5801 8.97846 8.46793 7.70376 7.42379 6.96121 7.11138 7.02686 3.96068 2.79617 1.46199
threshold=0.393794782917188 1.3892692459316816 1.3229643394197164 2.0802009215873558 0.0069409389502197638 -0.004250907473510937 1.2828022818335232 -0.0059738904951050012 0.71814882659917034 5.3475000000000179 2.7512082697541547 1.9088402961825357
decision_type=2 2 2 2 2 2 2 2 2 2 2 2
left_child=3 2 4 6 -2 -5 8 -8 -1 -7 11 -3
right_child=1 10 -4 5 -6 9 7 -9 -10 -11 -12 -13
leaf_value=0.0017853255693977936 0.00097147999553167394 -0.013713684110609105 -0.016290545367325049 0.0058119740332068471 -0.011199871679209307 -0.00037824664063257048 0.0060600154566435227 -0.012210245130957129 0.0084559984424061024 -0.018688822765865309 0 0
leaf_weight=89.969140030443668 110.97851169854403 26.159530103206642 6.4610161557793608 5.2994970008730915 11.020900934934614 5.0876297876238805 5.7789383828639993 10.0032360330224 62.844069056212902 7.1495851948857307 3.6856391578912726 2.0084284022450438
leaf_count=349 471 205 52 18 67 25 16 61 181 58 21 12
internal_value=-0.000216032 -0.00347856 -0.00133305 0.00256119 -0.000230453 -0.00671819 0.00363781 -0.00516933 0.00465087 -0.0127255 -0.0113196 -0.0128312
internal_weight=346.446 160.314 128.46 186.132 121.999 17.5367 168.595 15.7822 152.813 12.2372 31.8536 28.168
internal_count=1536 828 590 708 538 101 607 77 530 83 238 217
is_linear=0
shrinkage=0.015


Tree=94
num_leaves=15
num_cat=0
split_feature=3 1 0 3 18 15 10 18 10 16 4 8 0 0
split_gain=18.1025 13.4155 8.92289 8.06438 7.65342 7.27943 7.09673 7.56176 6.74519 5.3185 2.18715 2.79892 1.45864 1.38264
threshold=0.22276068163009491 0.37389640883097847 0.57410710950048849 0.81278797092021382 10.500000000000002 4.3232142857142604 0.00017285696253256923 17.500000000000004 0.0039239789957991504 0.0074652516962205309 2.7512082697541547 0.14356174567361155 0.80662388864302248 0.70136356955334678
decision_type=2 2 2 2 2 2 2 2 2 2 2 2 2 2
left_child=2 3 6 4 -2 -5 9 -8 12 -1 11 -3 -4 -10
right_child=1 10 8 5 -6 -7 7 -9 13 -11 -12 -13 -14 -15
leaf_value=0.011695100744685006 -0.0039324205893693813 -0.0029816790538733807 -0.017163730452842016 0.0049857872824623879 0.0031344214919193361 -0.011870843615099375 0.0040730268035781758 -0.0075133520262389789 -0.0012288215909256272 0.00048814186511225211 -0.00014134507923373559 -0.01652558264550591 0 0.0088291081781089534
leaf_weight=40.843374811112881 57.760474063456059 7.0712006613612237 6.2972895354032499 5.507126800715926 79.325847685337067 23.572031944990158 65.046448320150375 13.388814195990561 4.1941605359315863 14.321749664843081 4.3097645267844191 19.136865891516209 2.147939495742321 3.1152334585785866
leaf_count=103 265 42 48 22 303 186 214 63 22 51 28 168 12 9
internal_value=-0.000217219 -0.00321348 0.00366928 -0.00141959 8.91976e-05 -0.00832174 0.00497038 0.00186436 -0.00625871 0.00903566 -0.0120623 -0.0136077 -0.0142335 0.00322808
internal_weight=346.038 196.683 149.355 166.165 137.086 29.0792 133.6 78.4353 15.7546 55.1651 30.5178 26.2081 8.44523 7.30939
internal_count=1536 1014 522 776 568 208 431 277 91 154 238 210 60 31
is_linear=0
shrinkage=0.015


Tree=95
num_leaves=13
num_cat=0
split_feature=3 1 13 4 5 13 15 5 12 12 9 13
split_gain=17.6827 15.3147 9.77963 13.3747 9.63351 9.6036 6.27528 5.49995 4.67533 4.6069 3.00674 1.21416
threshold=0.81278797092021382 0.21710613946557569 0.44204786506226729 0.75556629966366728 0.57566437663098491 0.42016086844987233 4.3232142857142604 1.2651395090495157 0.0080073636000846955 -0.0006356197925994066 0.0034479303115834375 0.41481030207422837
decision_type=2 2 2 2 2 2 2 2 2 2 2 2
left_child=1 4 7 -4 10 -6 9 -3 11 -2 -1 -8
right_child=6 2 3 -5 5 -7 8 -9 -10 -11 -12 -13
leaf_value=0 0.010038702052741868 0.011488141703215646 0.0050973546331541828 -0.0082158323523476972 -0.0059992045771605834 0.0052511631997750764 -0.0013840841300206972 -0.0039316205804161416 0.00076760869810111069 -0.010055134560349474 -0.018851416531924955 -0.016378926814159093
leaf_weight=3.9626979455351821 4.4320261403918266 12.018035613000395 19.511002384126186 75.736845552921295 16.644987501204014 173.30198538303375 2.8723543807864251 6.0835175216197959 3.6469097882509223 2.1229424253106108 3.2848188728094101 21.948383659124374
leaf_count=16 15 33 72 437 76 578 20 31 22 16 23 197
internal_value=-0.000217331 0.000923098 -0.00340066 -0.00536283 0.00345528 0.00417399 -0.0100356 0.00605724 -0.0129533 0.00182496 -0.0113989 -0.0151559
internal_weight=345.567 310.544 113.349 95.2478 197.194 189.947 35.0226 18.1016 28.4676 6.55497 7.24752 24.8207
internal_count=1536 1266 573 509 693 654 270 64 239 31 39 217
is_linear=0
shrinkage=0.015


Tree=96
num_leaves=15
num_cat=0
split_feature=3 4 6 0 12 0 10 18 10 16 16 0 0 4
split_gain=17.4915 9.69499 8.87416 8.62609 7.35375 7.65514 6.96822 7.35488 6.63141 5.98086 5.21159 1.83615 1.36693 1.05813
threshold=0.22276068163009491 0.92869766240725193 1.2892608204126665 0.57410710950048849 -0.0049035968054189629 0.17168739742598846 0.00017285696253256923 17.500000000000004 0.0039239789957991504 0.0035212462055834153 0.0074652516962205309 0.82518583410674629 0.70136356955334678 0.81012574356916234
decision_type=2 2 2 2 2 2 2 2 2 2 2 2 2 2
left_child=3 2 9 6 -3 -6 10 -8 11 -2 -1 -5 -10 -4
right_child=1 4 13 8 5 -7 7 -9 12 -11 -12 -13 -14 -15
leaf_value=0.011560608196933725 0.0099388971962234372 -0.017670639254548821 -0.015949158458703736 -0.0170994371094699 0.0047597898407987106 -0.005987168632183606 0.0039923722144522356 -0.0074348164097586163 -0.001205694450304927 0 0.00045877314444459668 0 0.0087913595521919505 0
leaf_weight=40.693443976342678 17.415652543306351 9.2696561291813833 4.8389219641685477 6.4872051626443845 15.221613116562365 97.326944872736931 64.911484189331532 13.392775788903235 4.188529670238494 50.057335399091244 14.31245946139097 1.9153536781668661 3.1154401004314423 1.9954803735017774
leaf_count=103 47 79 37 50 64 574 214 63 22 202 51 10 9 11
internal_value=-0.000217746 -0.00316794 0.00100524 0.00360597 -0.00574922 -0.0044105 0.00488684 0.00180804 -0.00616592 0.00286994 0.00892093 -0.0141011 0.00322553 -0.0130372
internal_weight=345.142 196.126 74.3074 149.017 121.818 112.549 133.31 78.3043 15.7065 67.473 55.0059 8.40256 7.30397 6.8344
internal_count=1536 1014 297 522 717 638 431 277 91 249 154 60 31 48
is_linear=0
shrinkage=0.015


Tree=97
num_leaves=13
num_cat=0
split_feature=3 1 13 4 5 13 15 2 5 12 2 17
split_gain=17.0883 14.7545 9.521 12.9796 9.40494 9.30621 6.14385 7.12435 5.34896 4.52283 3.26317 3.18794
threshold=0.81278797092021382 0.21710613946557569 0.44204786506226729 0.75556629966366728 0.57566437663098491 0.42016086844987233 4.3232142857142604 0.828478033272951 1.2651395090495157 -0.0006356197925994066 0.18976429506766565 1.0077589985615847
decision_type=2 2 2 2 2 2 2 2 2 2 2 2
left_child=1 4 8 -4 10 -6 9 11 -3 -2 -1 -8
right_child=6 2 3 -5 5 -7 7 -9 -10 -11 -12 -13
leaf_value=0 0.0099477838667672968 0.011348498025086676 0.0050165660931096407 -0.0081035608635945788 -0.0059086157821971038 0.0051648220639802086 -0.016507890018940236 0.0059418802984347232 -0.0038581370175570389 -0.0099693444518076241 -0.018757444461787506 0.00068586706152783767
leaf_weight=3.8145561665296546 4.4365712031722069 12.001113660633566 19.495809398591518 75.515429094433784 16.644271686673164 172.9597886800766 24.131512992084033 2.4951452612876883 6.0775147378444663 2.1136895939707747 3.4330556616187096 1.5927418544888485
leaf_count=15 15 33 72 437 76 578 220 10 31 16 24 9
internal_value=-0.000216729 0.000902545 -0.00334598 -0.00528615 0.00339011 0.00410208 -0.00990446 -0.012813 0.00598783 0.00181501 -0.0112834 -0.0152001
internal_weight=344.711 309.942 113.09 95.0112 196.852 189.604 34.7697 28.2194 18.0786 6.55026 7.24761 25.7243
internal_count=1536 1266 573 509 693 654 270 239 64 31 39 229
is_linear=0
shrinkage=0.015


Tree=98
num_leaves=12
num_cat=0
split_feature=3 1 1 3 19 16 1 4 6 1 1
split_gain=16.8748 12.667 8.35091 7.32477 8.92095 6.70629 5.9596 5.47702 4.78387 2.26681 0.604257
threshold=0.22276068163009491 0.39448946073540825 0.54156539872755383 0.81278797092021382 2.5000000000000004 0.0023905703462532902 0.26228559553601433 2.1714905847058401 1.2945415533128872 1.4139003964349646 0.45297890677662639
decision_type=2 2 2 2 2 2 2 2 2 2 2
left_child=2 3 5 4 -2 -1 -5 -4 -7 10 -3
right_child=1 9 7 6 -6 8 -8 -9 -10 -11 -12
leaf_value=-0.012123952683624829 0.0028629640117313255 -0.0046347852220574607 -0.015341729408405565 -0.011715097209956945 -0.0047860033475593056 0.0059969499204324652 0.0027617429468856942 0.0037899783669685418 -0.00384815630149009 7.9387017706216095e-05 -0.015600520947010739
leaf_weight=3.1349965557456008 87.489414609968662 5.8481871634721818 6.4498838260769826 22.189072117209438 53.608140803873539 125.56867400556803 6.768879882991313 3.6552796736359596 9.8663113266229612 1.754870481789111 17.931492254137993
leaf_count=18 340 39 54 174 249 393 37 13 44 10 165
internal_value=-0.000215769 -0.00311814 0.00354339 -0.00152041 -1.70218e-05 0.00456785 -0.00812909 -0.00831897 0.00517961 -0.012603 -0.0137634
internal_weight=344.265 195.59 148.675 170.056 141.098 138.57 28.958 10.1052 135.435 25.5345 23.7797
internal_count=1536 1014 522 800 589 455 211 67 437 214 204
is_linear=0
shrinkage=0.015


Tree=99
num_leaves=11
num_cat=0
split_feature=1 0 4 15 19 4 8 7 10 5
split_gain=14.4094 9.57986 9.75309 10.7097 9.34752 5.61277 4.09565 4.89264 3.72416 1.74428
threshold=0.54476242354889681 0.18077021805506968 1.0472900214547567 5.8732142857143286 2.5000000000000004 2.1714905847058401 0.97964826111474923 15.165000000000193 -1.0000000180025095e-35 0.86893233868020714
decision_type=2 2 2 2 2 2 2 2 2 2
left_child=1 6 3 -3 -4 -2 7 -1 -7 -8
right_child=5 2 4 -5 -6 8 9 -9 -10 -11
leaf_value=-0.0069358044480245405 -0.016932868165469274 0.0071727638573862882 -0.00049017081895119652 -0.00093600426026735546 -0.0097465483057137155 0.0061775262067920115 0.00066285670465759201 0.0054641892135039961 -0.010906199128412059 0.014498664110336878
leaf_weight=6.7612401396036139 13.390704005956652 51.921367138624191 65.883857376873493 109.53583107143641 39.207175225019455 4.9583351612091064 3.9717409610748318 32.460622154176235 2.8158053010702124 12.890013255178927
leaf_count=33 128 161 319 456 235 21 13 119 25 26
internal_value=-0.000217769 0.00057709 -0.000595927 0.00168159 -0.00413109 -0.0116619 0.00610976 0.00291188 -0.00020839 0.0120532
internal_weight=343.797 322.632 266.548 161.457 105.091 21.1648 56.0836 39.2219 7.77414 16.8618
internal_count=1536 1362 1171 617 554 174 191 152 46 39
is_linear=0
shrinkage=0.015


Tree=100
num_leaves=15
num_cat=0
split_feature=3 1 0 3 19 10 18 15 10 16 4 8 0 0
split_gain=16.2604 12.2977 8.127 7.08391 7.44349 6.88097 7.11497 6.84817 6.47609 5.1148 2.18781 2.83014 1.81603 1.0063
threshold=0.22276068163009491 0.37389640883097847 0.57410710950048849 0.81278797092021382 2.5000000000000004 0.00017285696253256923 17.500000000000004 4.3232142857142604 0.0039239789957991504 0.0074652516962205309 2.7512082697541547 0.14356174567361155 0.82518583410674629 0.68726145038163178
decision_type=2 2 2 2 2 2 2 2 2 2 2 2 2 2
left_child=2 3 5 4 -2 9 -7 -5 12 -1 11 -3 -4 -10
right_child=1 10 8 7 -6 6 -8 -9 13 -11 -12 -13 -14 -15
leaf_value=0.011364914676920652 0.0028316694458698872 -0.0026350512047155221 -0.016922261498055494 0.0049479021144818386 -0.0042503076607451132 0.0038260229039366479 -0.0074258196205468146 -0.011415404185362696 -0.00059380315414895592 0.00036263969351100589 0 -0.016164281490122761 0 0.0078203765344762345
leaf_weight=40.449341557919979 84.503592550754547 6.9793825298547807 6.4112957045435888 5.5010076984763172 52.329884275794029 64.591589450836182 13.372792042791842 23.002192087471485 4.0265358537435523 14.275575317442415 4.2515235841274253 18.598619371652603 1.9033573269844053 3.2543490380048752
leaf_count=103 328 42 50 22 240 214 63 186 21 51 28 168 10 10
internal_value=-0.000215779 -0.00306788 0.003479 -0.00135514 4.70409e-05 0.0047254 0.00166481 -0.00789412 -0.00603104 0.00874105 -0.0116438 -0.0132034 -0.013925 0.00323379
internal_weight=343.451 195.166 148.285 165.337 136.833 132.689 77.9644 28.5032 15.5955 54.7249 29.8295 25.578 8.31465 7.28088
internal_count=1536 1014 522 776 568 431 277 208 91 154 238 210 60 31
is_linear=0
shrinkage=0.015


Tree=101
num_leaves=13
num_cat=0
split_feature=3 0 15 4 8 15 2 3 12 12 12 16
split_gain=15.8465 13.5753 11.7156 11.5852 8.32802 5.90871 7.01909 4.66315 4.95694 4.44083 2.90033 0.309111
threshold=0.81278797092021382 0.23560009630431292 5.9239285714286014 0.91924777635842159 0.97745980913418451 4.3232142857142604 0.828478033272951 0.054478488043760341 0.00078061946087004685 -0.0006356197925994066 0.0099533542668964765 0.0040719264019383984
decision_type=2 2 2 2 2 2 2 2 2 2 2 2
left_child=1 7 3 -3 -4 9 10 11 -9 -2 -7 -1
right_child=5 2 4 -5 -6 6 -8 8 -10 -11 -12 -13
leaf_value=0.0024628432672714898 0.0098894282145031744 0.0088623219520195563 -0.0023607168570381025 -0.0018180291707772741 -0.016214436925073961 -0.016255521535266212 0.0060433050931118417 -0.0029623840571082116 0.0065953734740009616 -0.0098613146771989856 0 0.012481247178120913
leaf_weight=3.924967102706435 4.4349255561828613 42.381548516452312 139.74513330310583 44.077642664313316 8.9320881962776166 23.436089672148235 2.4875676929950705 16.395873889327049 31.760358408093452 2.1003116667270652 1.7739436700940121 21.531176708638668
leaf_count=12 15 123 659 206 55 218 10 66 96 16 11 49
internal_value=-0.000215681 0.000858032 -0.000884827 0.0034146 -0.00344696 -0.00961941 -0.0125176 0.0064005 0.00320332 0.00183982 -0.0149343 0.0115016
internal_weight=342.982 308.749 235.136 86.4592 148.677 34.2328 27.6976 73.6124 48.1562 6.53524 25.21 25.4561
internal_count=1536 1266 1043 329 714 270 239 223 162 31 229 61
is_linear=0
shrinkage=0.015


Tree=102
num_leaves=15
num_cat=0
split_feature=3 1 0 3 18 10 18 10 10 1 1 7 0 13
split_gain=15.6346 12.0306 7.86304 7.10138 7.96864 6.68206 6.87017 6.34637 4.91327 4.73096 2.664 1.85048 1.79098 1.18099
threshold=0.22276068163009491 0.45297890677662639 0.57410710950048849 0.81278797092021382 10.500000000000002 0.00017285696253256923 17.500000000000004 0.0039239789957991504 -0.011401215118831349 0.26228559553601433 1.4139003964349646 11.819999999999938 0.82518583410674629 0.79792827714947878
decision_type=2 2 2 2 2 2 2 2 2 2 2 2 2 2
left_child=2 3 5 4 -2 8 -7 12 -1 -5 11 -3 -4 -9
right_child=1 10 7 9 -6 6 -8 13 -10 -11 -12 -13 -14 -15
leaf_value=-0.0017633739915948407 -0.0043040503101286738 0 -0.01677522236230335 -0.011450951671293895 0.0026926794697963896 0.0037535250092455806 -0.0073039514415420819 -0.00097295765312584062 0.010322241917983952 0.0011135380443241536 0.00011713550867604058 -0.017071242410025535 0 0.0082400020351361403
leaf_weight=7.1044618710875502 61.119781889021397 2.308656379580504 6.3735678866505605 21.854071527719501 84.869273401796818 64.459194839000702 13.372533425688742 4.0407561138272277 47.422959044575691 7.4990848153829566 1.7496971115469921 15.241310119628904 1.9016097784042356 3.2363643944263458
leaf_count=28 287 15 50 174 333 214 63 21 126 45 10 150 10 10
internal_value=-0.000212371 -0.00301332 0.0034145 -0.00165124 -0.000204472 0.00464261 0.00162437 -0.00594819 0.00860823 -0.00813552 -0.0137191 -0.015353 -0.0137881 0.003209
internal_weight=342.553 194.642 147.911 175.342 145.989 132.359 77.8317 15.5523 54.5274 29.3532 19.2997 17.55 8.27518 7.27712
internal_count=1536 1014 522 839 620 431 277 91 154 219 175 165 60 31
is_linear=0
shrinkage=0.015


Tree=103
num_leaves=12
num_cat=0
split_feature=3 1 1 6 10 16 15 4 4 8 6
split_gain=15.1989 11.8556 7.77824 6.66831 8.24264 6.55508 5.3627 5.21557 2.17961 2.80197 1.8243
threshold=0.22276068163009491 0.37389640883097847 0.54156539872755383 1.3394282250703242 -0.0084683699274552306 0.0023905703462532902 6.1567857142857596 2.1714905847058401 2.7512082697541547 0.14356174567361155 1.5754552677909099
decision_type=2 2 2 2 2 2 2 2 2 2 2
left_child=2 3 5 4 -2 -1 -7 -4 9 -3 -5
right_child=1 8 7 10 -6 6 -8 -9 -10 -11 -12
leaf_value=-0.012136404497639355 -0.011973100203518543 -0.0025195374314164812 -0.015079101686516189 -0.016593573982492203 0.00046233133745812223 0.0091286947420695565 0.0026062812967637189 0.0036384149257181397 0 -0.015982927821465025 0
leaf_weight=3.1338874995708457 10.992866672575472 6.9463177248835626 6.3221983239054662 5.8163195028901091 146.27631551772356 45.504409477114677 89.098747700452805 3.645456351339817 4.2215222343802443 18.317707598209381 1.8236545100808141
leaf_count=18 69 42 54 48 649 126 311 13 28 168 10
internal_value=-0.000212735 -0.00297628 0.00336546 -0.00129765 -0.000499231 0.00435658 0.00496754 -0.00814285 -0.0114477 -0.0130126 -0.0134417
internal_weight=342.099 194.395 147.705 164.909 157.269 137.737 134.603 9.96765 29.4855 25.264 7.63997
internal_count=1536 1014 522 776 718 455 437 67 238 210 58
is_linear=0
shrinkage=0.015


Tree=104
num_leaves=10
num_cat=0
split_feature=1 6 10 0 4 4 4 7 10
split_gain=13.4804 10.4532 9.7964 9.7452 11.1649 5.42361 3.68994 3.59315 3.57829
threshold=0.54476242354889681 1.2945415533128872 -0.0062170910561582509 0.18077021805506968 1.0472900214547567 2.1714905847058401 1.5270471866016035 41.390000000000107 6.8315770991907605e-05
decision_type=2 2 2 2 2 2 2 2 2
left_child=1 3 -3 6 -5 -2 -1 -4 -7
right_child=5 2 7 4 -6 8 -8 -9 -10
leaf_value=0.0094628975715703601 -0.016673717610592817 0.0045088871263083705 -0.018183218906446853 0.002672773309195727 -0.0037813165051187409 0.00610608822845796 0.00014615176463963177 0 -0.010708753802759005
leaf_weight=37.702822141349316 13.005984205752613 6.7584484219551113 12.36958736181259 146.85700009018183 99.334790609776974 4.9360498636960974 14.873724125325678 3.1096783429384223 2.7669153362512589
leaf_count=107 128 23 93 537 522 21 66 14 25
internal_value=-0.000215501 0.000548999 -0.008892 0.0013311 2.89377e-05 -0.0114008 0.00706659 -0.0150185 -0.000123219
internal_weight=341.715 321.006 22.2377 298.768 246.192 20.7089 52.5765 15.4793 7.70297
internal_count=1536 1362 130 1232 1059 174 173 107 46
is_linear=0
shrinkage=0.015


Tree=105
num_leaves=13
num_cat=0
split_feature=3 1 13 4 20 16 15 6 15 2 12 12
split_gain=14.8804 13.0732 9.25235 12.1153 8.48047 10.6467 7.53649 6.31048 5.77086 6.90221 4.37999 2.8776
threshold=0.81278797092021382 0.21710613946557569 0.44204786506226729 0.75556629966366728 1.0000000180025095e-35 0.0054779217923761917 21.701071428571471 1.0204557807838859 4.3232142857142604 0.828478033272951 -0.0006356197925994066 0.0099533542668964765
decision_type=2 2 2 2 2 2 2 2 2 2 2 2
left_child=1 4 7 -4 6 -6 -1 -3 10 11 -2 -10
right_child=8 2 3 -5 5 -7 -8 -9 9 -11 -12 -13
leaf_value=-0.00090935670654502079 0.0098864404258827455 0.011186279580686643 0.0048266386353778895 -0.0078754542355961785 0.010521768943828792 -7.0126438233450748e-05 0.012248176326558682 -0.006051478024986282 -0.016065685392671215 0.0060669607402725739 -0.0097438255096073765 1.1633546161636089e-06
leaf_weight=100.07300174236298 4.4309390261769295 13.128064066171648 19.430864460766315 74.560526192188263 54.739030033349991 31.962285034358501 8.8022541478276235 4.8505319878458968 23.015986900776632 2.4850457161664954 2.0864256769418708 1.7594429552555073
leaf_count=404 15 37 72 437 145 124 20 27 218 10 16 11
internal_value=-0.00021426 0.000823338 -0.00319592 -0.00512556 0.00317143 0.00661899 0.000288497 0.00601999 -0.00938912 -0.0122925 0.00190924 -0.0147297
internal_weight=341.324 307.547 111.97 93.9914 195.577 86.7013 108.875 17.9786 33.7778 27.2605 6.51736 24.7754
internal_count=1536 1266 573 509 693 269 424 64 270 239 31 229
is_linear=0
shrinkage=0.015


Tree=106
num_leaves=16
num_cat=0
split_feature=3 1 2 13 2 6 20 2 2 18 6 2 12 13 19
split_gain=14.63 10.1103 13.3458 11.2648 9.17434 7.7454 6.95186 5.1096 5.58827 4.04751 3.05183 2.68242 2.47018 1.30757 0.848614
threshold=0.57781274281276596 0.097901855157798437 0.44462045442768527 0.42016086844987233 0.15954912023458181 1.1410488708528062 1.0000000180025095e-35 0.18019467591420965 0.41612055370600992 15.500000000000002 1.0007813258987441 0.19649072826400879 0.002422547720925317 0.85138342643853748 3.5000000000000004
decision_type=2 2 2 2 2 2 2 2 2 2 2 2 2 2 2
left_child=1 3 4 10 -3 -5 11 14 -9 -4 -1 12 -2 -13 -8
right_child=6 2 9 5 -6 -7 7 8 -10 -11 -12 13 -14 -15 -16
leaf_value=-0.015969469323294967 -0.0090976116449268118 0.00075252365007214049 0.0075075758658696805 0.0086034832474280367 -0.0074090789954192665 -0.0026431249810336724 -0.015178701157460492 0.0051468177799158946 -0.0056853951465749546 -0.0012005729234476131 0 -0.016915548720454306 0.0066889785690862737 -0.00075961887200024013 0
leaf_weight=4.6331998109817496 2.4344762638211277 54.62212435901165 40.439461536705494 76.412084400653839 64.427087709307671 14.586349636316298 5.1672178208827964 19.853524520993233 18.989782050251961 14.132030285894869 3.1588170230388641 15.348085962235929 2.2783400863409042 2.4775626361370078 1.9144754931330679
leaf_count=28 24 245 120 214 333 59 43 92 121 58 11 153 9 15 11
internal_value=-0.000209486 0.00133476 -0.00081314 0.00512526 -0.00365185 0.00670202 -0.00632385 -0.00254609 0 0.00515719 -0.0101307 -0.012881 -0.000629455 -0.0153515 -0.0126807
internal_weight=340.875 272.411 173.621 98.7905 119.049 90.9984 68.4635 45.925 38.8433 54.5715 7.79202 22.5385 4.71282 17.8256 7.08169
internal_count=1536 1068 756 312 578 273 468 267 213 178 39 201 33 168 54
is_linear=0
shrinkage=0.015


Tree=107
num_leaves=15
num_cat=0
split_feature=3 1 16 5 0 10 15 15 10 16 1 0 13 13
split_gain=14.3747 11.3532 7.82868 12.0974 7.34994 6.61506 6.74666 6.4133 6.19966 4.97818 2.61297 1.76782 1.74945 1.14754
threshold=0.22276068163009491 0.45297890677662639 0.0050880679265184513 0.9637194004567865 0.57410710950048849 0.00017285696253256923 15.801071428571456 6.0532142857142466 0.0039239789957991504 0.0074652516962205309 1.4139003964349646 0.82518583410674629 0.41279408902218484 0.79792827714947878
decision_type=2 2 2 2 2 2 2 2 2 2 2 2 2 2
left_child=4 2 3 -2 5 9 -7 -4 11 -1 12 -6 -3 -10
right_child=1 10 7 -5 8 6 -8 -9 13 -11 -12 -13 -14 -15
leaf_value=0.011023607021576769 -0.010948140549524726 0 -0.014992374475044009 0.003745671975894471 -0.016592641901929554 -0.00035870233290988409 0.01133683034886394 -0.0029450503548115355 -0.00089552273929770622 0.00016414262456404186 0.00020160823375537813 0 -0.016743180281728835 0.0081789594087865423
leaf_weight=39.997711636126041 12.856912098824976 2.1903396397829118 10.536954358220099 77.880473807454109 6.2921442836523038 66.342369891703129 11.062882810831068 73.272130332887173 4.0217722430825225 14.189904056489466 1.7391595318913449 1.8894667997956274 14.912870422005652 3.2311805784702301
leaf_count=103 73 13 71 319 50 251 26 376 21 51 10 10 152 10
internal_value=-0.000211657 -0.00290715 -0.00158932 0.00139157 0.0032749 0.00446656 0.00146183 -0.00486124 -0.00580174 0.00842043 -0.0134311 -0.0136072 -0.015086 0.00323064
internal_weight=340.416 193.389 174.546 90.7374 147.027 131.593 77.4053 83.8091 15.4346 54.1876 18.8424 8.18161 17.1032 7.25295
internal_count=1536 1014 839 392 522 431 277 447 91 154 175 60 165 31
is_linear=0
shrinkage=0.015


Tree=108
num_leaves=11
num_cat=0
split_feature=3 1 5 8 10 5 10 7 12 17
split_gain=14.177 12.3913 9.11499 12.2901 9.16154 8.70007 8.13715 3.49058 3.99146 2.67658
threshold=0.81278797092021382 0.21710613946557569 0.96114386095066784 0.074115566037713715 -0.0081628163990719333 0.76445668852160853 -0.00023993969111904461 11.819999999999938 0.0080073636000846955 -0.60152306176808756
decision_type=2 2 2 2 2 2 2 2 2 2
left_child=1 2 3 -1 -4 -3 -7 -2 9 -9
right_child=7 5 4 -5 -6 6 -8 8 -10 -11
leaf_value=0.010684489382561745 0.0007086956340726676 0.01093515534919459 -0.0066503113610777353 -0.0051024038795824626 0.0064770253639440979 0.00026417269692131386 -0.0079390747234323426 -0.0011910700983511838 0.0013383081542027843 -0.015597887712740616
leaf_weight=12.079737178981302 5.1046768873929969 6.9967968091368666 11.05790490657091 48.676446504890919 123.2045648470521 46.091227978467941 58.526932761073112 5.1016991473734441 3.5445877537131301 19.662285819649696
leaf_count=29 25 20 52 214 398 215 338 37 22 186
internal_value=-0.000211533 0.000798795 0.00308842 -0.00160362 0.00525907 -0.00311968 -0.0043175 -0.00921658 -0.0111825 -0.0132209
internal_weight=340.047 306.634 195.019 60.7562 134.262 111.615 104.618 33.4132 28.3086 24.764
internal_count=1536 1266 693 243 450 573 553 270 245 223
is_linear=0
shrinkage=0.015


Tree=109
num_leaves=15
num_cat=0
split_feature=3 0 16 17 2 6 8 17 12 17 6 6 5 1
split_gain=13.9681 10.217 8.27923 7.46632 7.00149 5.56362 5.29799 6.58517 5.07468 4.81106 4.66976 4.89338 4.05687 3.81823
threshold=0.57781274281276596 0.393794782917188 0.0035758874421292805 0.93887916895468615 0.11865049446896091 1.1789942138375553 0.68908059877157657 0.63040576423812056 0.00078061946087004685 0.59532062733535518 0.9732566564770847 1.1186299847159697 1.1859367342284608 0.34120245587490289
decision_type=2 2 2 2 2 2 2 2 2 2 2 2 2 2
left_child=1 5 4 -4 -3 8 10 9 -1 -8 -2 -12 -7 -9
right_child=6 2 3 -5 -6 12 7 13 -10 -11 11 -13 -14 -15
leaf_value=0.0011208527662940138 -0.017249850262815763 -0.0073097877175903238 -0.0022200535055047861 -0.01452100574989711 0.0081158282449723326 -0.0075391326561445645 -0.00010874294583299452 -0.01359934479891799 0.0077150180639163068 0.015627482255830022 -0.00021610023339961159 -0.012644214046956736 0.0030698049124954401 0.0023429097952853517
leaf_weight=45.475736789405346 11.50929509103298 6.5490100309252766 80.052129536867142 11.676399596035479 25.231146864593029 12.970072522759439 10.699466928839685 7.8819916620850545 74.907017432153225 4.4478774368762961 19.60646111518145 10.574936442077158 14.833113200962542 3.2710239738225937
leaf_count=160 104 35 384 79 85 59 55 59 213 11 118 101 53 20
internal_value=-0.000208486 0.00129934 -0.0018305 -0.00414234 0.00447043 0.00394754 -0.00620592 -0.00053554 0.00534432 0.00535845 -0.00942312 -0.00531889 -0.00180138 -0.0087082
internal_weight=339.686 271.695 123.509 91.7285 31.7802 148.186 67.9911 26.3004 120.383 15.1473 41.6907 30.1814 27.8032 11.153
internal_count=1536 1068 583 463 120 485 468 145 373 66 323 219 112 79
is_linear=0
shrinkage=0.015


Tree=110
num_leaves=16
num_cat=0
split_feature=0 4 13 4 6 17 6 13 6 8 8 9 13 7 0
split_gain=11.1202 9.44076 9.40018 7.02768 6.2126 6.4359 5.13726 4.93924 4.70505 4.14128 2.98567 5.4978 5.16758 1.76364 1.41088
threshold=0.393794782917188 1.3892692459316816 0.66930613541586303 2.0802009215873558 1.2828022818335232 0.71814882659917034 1.3314040979071418 0.54560961968680088 1.5182721418540781 0.96532009480700665 0.83227466764239433 0.0030495443062302043 0.39212427453826204 44.15499999999998 0.24220017256256146
decision_type=2 2 2 2 2 2 2 2 2 2 2 2 2 2 2
left_child=3 2 6 4 5 -1 -2 14 -6 -4 12 -12 -3 -9 -5
right_child=1 10 9 7 8 -7 -8 13 -10 -11 11 -13 -14 -15 -16
leaf_value=0.0014742639515322176 0.0025600538796881739 0.0011997866910769452 -0.0089916479556158835 0.0054388190562325908 -0.0099047848022334409 0.0079143505775261594 -0.01253248562268632 -0.017034002512332249 0.0057483163446345308 0.0021379441558746141 0.0071235097390853234 -0.012585115757450884 -0.016245539125907083 0 -0.004076018703767793
leaf_weight=88.194939814507961 81.450874112546444 3.4349240288138452 34.696033991873264 5.1710648611187953 11.358464971184729 61.529670521616936 3.3077116012573233 5.7765767499804488 4.1669416055083266 7.3408833518624297 4.9010862931609136 3.7439622431993484 18.093801569193602 1.6123779043555257 4.4744819551706314
leaf_count=349 330 19 202 17 64 181 27 50 13 31 19 33 167 10 24
internal_value=-0.000209608 -0.00313526 -0.00120631 0.00227572 0.00326699 0.0042397 0.00160929 -0.00627931 -0.00509907 -0.00686895 -0.0104291 -0.00146814 -0.013278 -0.0140735 0.000438967
internal_weight=339.254 156.969 126.796 182.285 165.25 149.725 84.7586 17.0345 15.5254 42.0369 30.1738 8.64505 21.5287 7.38895 9.64555
internal_count=1536 828 590 708 607 530 357 101 77 233 238 52 186 60 41
is_linear=0
shrinkage=0.015


Tree=111
num_leaves=11
num_cat=0
split_feature=1 0 4 15 19 4 10 4 13 20
split_gain=12.3999 8.29621 8.28214 9.72122 8.71238 5.42089 3.454 3.42632 8.35433 3.80753
threshold=0.54476242354889681 0.18077021805506968 1.0472900214547567 5.8732142857143286 2.5000000000000004 2.1714905847058401 -1.0000000180025095e-35 1.5270471866016035 0.57635410599883574 1.0000000180025095e-35
decision_type=2 2 2 2 2 2 2 2 2 2
left_child=1 7 3 -3 -4 -2 -7 9 -9 -1
right_child=5 2 4 -5 -6 6 -8 8 -10 -11
leaf_value=0.0019533847763479415 -0.016418596592337041 0.0067893086399253514 -0.00032565078024402914 -0.00096679409576214028 -0.0093248863880539008 0.0062468696571548162 -0.010406413081832246 0.0085962788155520675 -0.011267228282390403 0.012004951062983086
leaf_weight=17.809294633567333 12.609699215739967 51.433685496449471 65.061969265341759 108.84641619026661 38.524834200739861 4.8929541856050491 2.69247843325138 8.6532783731818181 6.6056298315525046 21.720914229750633
leaf_count=65 128 161 319 456 235 21 25 24 46 56
internal_value=-0.000210294 0.000519137 -0.000570271 0.00152891 -0.00385681 -0.0110674 0 0.00573315 0 0.00796923
internal_weight=338.851 318.656 263.867 160.28 103.587 20.1951 7.58543 54.7891 15.2589 39.5302
internal_count=1536 1362 1171 617 554 174 46 191 70 121
is_linear=0
shrinkage=0.015


Tree=112
num_leaves=11
num_cat=0
split_feature=1 0 4 7 19 4 8 7 10 5
split_gain=12.1564 8.09187 8.05356 8.5878 8.48228 5.33885 3.77772 4.83749 3.39534 1.80899
threshold=0.54476242354889681 0.18077021805506968 1.0472900214547567 17.459999999999813 2.5000000000000004 2.1714905847058401 0.97964826111474923 15.165000000000193 -1.0000000180025095e-35 0.86893233868020714
decision_type=2 2 2 2 2 2 2 2 2 2
left_child=1 6 3 -3 -4 -2 7 -1 -7 -8
right_child=5 2 4 -5 -6 8 9 -9 -10 -11
leaf_value=-0.0072326386291005395 -0.016332524963735488 0.0066357558027434855 -0.00032092023547641114 -0.0007503783371743015 -0.0092065372219084264 0.0061760407752690441 0.00014330886295692592 0.0051763078721950191 -0.010345392116320223 0.013963046012273909
leaf_weight=6.6810031905770293 12.497395977377893 48.796607829630375 65.060178354382515 111.43394289165735 38.460959672927856 4.8977328836917877 3.8666558563709286 31.701082184910774 2.6796279549598685 12.406256616115568
leaf_count=33 128 153 319 464 235 21 13 119 25 26
internal_value=-0.000208543 0.000512117 -0.000562822 0.00150684 -0.00380517 -0.0109895 0.00566864 0.00257938 0 0.0114648
internal_weight=338.481 318.407 263.752 160.231 103.521 20.0748 54.655 38.3821 7.57736 16.2729
internal_count=1536 1362 1171 617 554 174 191 152 46 39
is_linear=0
shrinkage=0.015


Tree=113
num_leaves=12
num_cat=0
split_feature=3 1 16 5 1 16 15 15 10 1 13
split_gain=13.2984 10.6205 7.42918 11.7178 6.69949 6.3489 6.25055 5.1292 3.15858 2.53755 1.77996
threshold=0.22276068163009491 0.45297890677662639 0.0050880679265184513 0.9637194004567865 0.54156539872755383 0.0023905703462532902 6.0532142857142466 6.1567857142857596 -0.00016194219349084448 1.4139003964349646 0.41279408902218484
decision_type=2 2 2 2 2 2 2 2 2 2 2
left_child=4 2 3 -2 5 -1 -4 -7 -6 10 -3
right_child=1 9 6 -5 8 7 -8 -9 -10 -11 -12
leaf_value=-0.012152093181799065 -0.010790349803735732 0 -0.01477584606888881 0.0036927019105046617 0.00022486972820297125 0.0087774969398153099 -0.0028438801308751189 0.0023746141096039012 -0.014164071531015761 0.00024299273405953541 -0.016497160865417589
leaf_weight=3.1263015493750563 12.814617991447447 2.1673985347151818 10.439704306423662 77.521035872399807 4.7469475641846657 44.941601179540157 72.961349688470364 88.305644556879997 4.9420780614018422 1.7301720455288876 14.44380986317992
leaf_count=18 73 13 71 319 25 126 376 311 42 10 152
internal_value=-0.000206708 -0.00280905 -0.00154035 0.00136776 0.00315653 0.00407719 -0.00473634 0.0046875 -0.00764058 -0.0131249 -0.0147967
internal_weight=338.141 192.078 173.737 90.3357 146.063 136.374 83.4011 133.247 9.68903 18.3414 16.6112
internal_count=1536 1014 839 392 522 455 447 437 67 175 165
is_linear=0
shrinkage=0.015


Tree=114
num_leaves=13
num_cat=0
split_feature=3 0 15 1 8 15 2 3 5 17 0 13
split_gain=13.1661 11.3312 10.5428 11.5645 8.2794 5.50036 6.7153 4.45926 4.02337 3.14236 0.566758 0.261449
threshold=0.81278797092021382 0.23560009630431292 5.9239285714286014 0.33676176237261024 0.97745980913418451 4.3232142857142604 0.828478033272951 0.054478488043760341 0.9637194004567865 1.0077589985615847 0.393794782917188 0.58712495773181994
decision_type=2 2 2 2 2 2 2 2 2 2 2 2
left_child=1 7 3 -3 -4 10 9 11 -9 -7 -2 -1
right_child=5 2 4 -5 -6 6 -8 8 -10 -11 -12 -13
leaf_value=0.0049163726815705001 0.0051113377248080284 0.0065785157832156799 -0.0021853796471395762 -0.0054517921845061131 -0.016027956468996771 -0.015738748289155103 0.0061620158922310285 -0.0042281033978949856 0.005231591816823083 0.001220566172523201 -0.0012578541981921798 0.012920804762511291
leaf_weight=8.8058452159166354 3.9494663923978797 62.919888027012348 138.41089781373739 22.500166922807693 8.8630001321434957 22.40078420937062 2.474232703447341 11.210651867091654 36.301220819354057 1.5330688655376423 2.5166119709610939 15.895772509276865
leaf_count=26 16 200 659 129 55 220 10 47 115 9 15 35
internal_value=-0.000208985 0.000762176 -0.000830682 0.00327164 -0.00327226 -0.00895869 -0.0118683 0.00587998 0.00276742 -0.0143529 0.002035 0.0109302
internal_weight=337.782 304.907 232.694 85.4201 147.274 32.8742 26.4081 72.2135 47.5119 23.9339 6.46608 24.7016
internal_count=1536 1266 1043 329 714 270 239 223 162 229 31 61
is_linear=0
shrinkage=0.015


Tree=115
num_leaves=14
num_cat=0
split_feature=3 0 6 10 0 4 20 2 2 2 12 13 0
split_gain=12.8669 9.33947 7.56232 8.20705 7.6155 6.84118 6.80693 5.04092 5.41004 2.69028 2.34115 1.3008 1.22197
threshold=0.57781274281276596 0.72985739750445744 1.2945415533128872 -0.0062170910561582509 0.16372772955691448 0.71258907658969994 1.0000000180025095e-35 0.18019467591420965 0.41612055370600992 0.19649072826400879 0.002422547720925317 0.85138342643853748 0.84009455456821491
decision_type=2 2 2 2 2 2 2 2 2 2 2 2 2
left_child=1 2 4 -4 -1 -3 9 12 -9 10 -2 -11 -8
right_child=6 5 3 -5 -6 -7 7 8 -10 11 -12 -13 -14
leaf_value=0.0093748468862570322 -0.0087982517502142536 0.0028465551184627311 0.0050421165185046421 -0.013584904077641352 0.0015301674978694406 -0.017575149497602728 -0.015227939154770982 0.0053336482246744707 -0.0053894082965891751 -0.016662224663292428 0.0066823289214279985 -0.00061472841801208549 0
leaf_weight=31.246691480278969 2.3546350784599808 4.2037144452333433 6.5256724655628231 11.934365153312681 208.32414925843477 7.9337978735566139 5.1200372502207747 19.647895574569702 18.706101454794407 14.840249221771957 2.2656361684203148 2.4519026204943648 1.8033491745591161
leaf_count=82 24 17 21 73 809 66 43 92 121 153 9 15 11
internal_value=-0.000205715 0.00124105 0.00190248 -0.00678442 0.00265352 -0.0105697 -0.00599925 -0.00226208 0 -0.0125726 -0.000348746 -0.0150752 -0.0124184
internal_weight=337.358 270.168 258.031 18.46 239.571 12.1375 67.1898 45.2774 38.354 21.9124 4.62027 17.2922 6.92339
internal_count=1536 1068 985 94 891 83 468 267 213 201 33 168 54
is_linear=0
shrinkage=0.015


Tree=116
num_leaves=13
num_cat=0
split_feature=3 1 13 4 13 8 10 15 2 12 4 17
split_gain=12.6054 10.9393 8.8348 11.572 7.79862 9.99589 6.48222 5.3737 6.62901 4.20985 3.71315 3.11832
threshold=0.81278797092021382 0.21710613946557569 0.44204786506226729 0.75556629966366728 0.42016086844987233 0.79878966936360973 0.014462457034938855 4.3232142857142604 0.828478033272951 -0.0006356197925994066 1.4655354858776921 1.0077589985615847
decision_type=2 2 2 2 2 2 2 2 2 2 2 2
left_child=1 4 10 -4 5 -1 -6 9 11 -2 -3 -9
right_child=7 2 3 -5 6 -7 -8 8 -10 -11 -12 -13
leaf_value=0.0024575004399242416 0.0098288063098994054 0.011624319385397475 0.004860830023625742 -0.0075815994615397817 0.0048359287440354372 -0.018771894599881021 -0.0042577387421586987 -0.015608943912449068 0.0061678810644716069 -0.0094605964147994066 -0.0006180244768323632 0.0012653497346747139
leaf_weight=10.422553054988386 4.4136186987161636 9.5618726536631602 19.364380739629269 73.498629055917263 159.59113689512014 6.2371348887681952 17.370870649814606 22.110415119677789 2.4731234163045874 2.0514090135693541 8.3155204802751523 1.5289514437317837
leaf_count=38 15 25 72 437 539 39 77 220 10 16 39 9
internal_value=-0.000207213 0.000740434 -0.00295394 -0.00486018 0.00290034 -0.00624867 0.00386376 -0.00880843 -0.0117131 0.00203301 0.00606335 -0.0142115
internal_weight=336.94 304.362 110.74 92.863 193.622 16.6597 176.962 32.5775 26.1125 6.46503 17.8774 23.6394
internal_count=1536 1266 573 509 693 77 616 270 239 31 64 229
is_linear=0
shrinkage=0.015


Tree=117
num_leaves=13
num_cat=0
split_feature=3 3 12 9 15 15 7 16 10 10 12 12
split_gain=12.5244 6.55169 6.21034 10.2584 5.6887 5.26177 5.22657 9.27203 4.86363 4.38333 4.13497 3.28565
threshold=0.22276068163009491 0.81278797092021382 -0.0010950787206338573 0.005825736404656179 10.463571428571415 4.3232142857142604 67.420000000000087 0.0074652516962205309 0.0076758036160172191 0.00023241055690655842 -0.0006356197925994066 0.0066424896877327342
decision_type=2 2 2 2 2 2 2 2 2 2 2 2
left_child=6 2 4 -4 -2 10 7 9 -7 -1 -3 -9
right_child=1 5 3 -5 -6 8 -8 11 -10 -11 -12 -13
leaf_value=0.0077706025798232976 -0.0092481550803075584 0.0097162255388854729 0.0029409246375176885 -0.008090677587423831 0.00094839068071820166 -0.015168694710042653 0.012115980231576813 -0.0079111884609769281 0 0.0013784773591254678 -0.0094046856697232988 0.0025405777409209214
leaf_weight=43.093466781079769 32.252444930374622 4.4209054857492447 87.768010966479778 21.939573645591736 16.737861849367619 19.131470330059532 11.489509023725985 21.79415296763182 6.7963242828845969 62.031526573002338 2.0445918664336196 7.0232623741030684
leaf_count=134 187 15 352 127 78 189 27 103 50 233 16 25
internal_value=-0.000205105 -0.00273822 -0.00137642 0.000562304 -0.00571679 -0.00872373 0.00306441 0.00206598 -0.0116152 0.00416494 0.0019903 -0.00512099
internal_weight=336.523 191.091 158.698 109.708 48.9903 32.3933 145.432 133.942 25.9278 105.125 6.4655 28.8174
internal_count=1536 1014 744 479 265 270 522 495 239 367 31 128
is_linear=0
shrinkage=0.015


Tree=118
num_leaves=11
num_cat=0
split_feature=1 6 10 0 10 20 7 10 8 6
split_gain=11.29 9.45077 9.21873 8.26773 7.96877 3.65647 3.44796 3.02757 4.24764 2.62615
threshold=0.54476242354889681 1.2945415533128872 -0.0062170910561582509 0.17403082514470272 -0.0093223085917822617 1.0000000180025095e-35 41.390000000000107 -0.00016194219349084448 0.83613792661493525 0.89748462250409911
decision_type=2 2 2 2 2 2 2 2 2 2
left_child=1 3 -3 5 -5 -1 -4 8 9 -2
right_child=7 2 6 4 -6 -7 -8 -9 -10 -11
leaf_value=0.0011338280564887914 0.0012493007842772814 0.0044289846027318405 -0.017728879339559293 -0.00935581681258656 0.00086532069720454295 0.010096475361535899 0 -0.015923637316314875 0.010330541716783419 -0.013251492164255372
leaf_weight=19.360356442630291 2.7742994390428084 6.7120390608906773 12.083180621266363 16.515563227236271 230.29183032363653 28.497357502579689 3.087928779423236 10.13187240809202 1.8358715102076528 4.9070495180785656
leaf_count=75 16 23 93 93 978 86 14 102 5 51
internal_value=-0.000202533 0.000488544 -0.00855368 0.00123848 8.15037e-05 0.00681208 -0.0145811 -0.0106989 -0.0026862 -0.00806336
internal_weight=336.197 316.548 21.8831 294.665 246.807 47.8577 15.1711 19.6491 9.51722 7.68135
internal_count=1536 1362 130 1232 1071 161 107 174 72 67
is_linear=0
shrinkage=0.015


Tree=119
num_leaves=14
num_cat=0
split_feature=3 1 10 20 0 10 12 18 10 10 1 0 0
split_gain=12.1448 10.0906 6.3682 7.78708 6.35814 6.38467 6.14048 6.13543 6.11435 4.66328 2.51737 1.76902 0.927643
threshold=0.22276068163009491 0.45297890677662639 -0.0091459149428110478 1.0000000180025095e-35 0.57410710950048849 0.00017285696253256923 0.0026119044496182302 17.500000000000004 0.0039239789957991504 -0.011401215118831349 1.4139003964349646 0.82518583410674629 0.68726145038163178
decision_type=2 2 2 2 2 2 2 2 2 2 2 2 2
left_child=4 2 6 -4 5 9 -2 -7 11 -1 -3 -6 -10
right_child=1 10 3 -5 8 7 -8 -9 12 -11 -12 -13 -14
leaf_value=-0.0020480283679322028 -0.016462065932679334 -0.014570985897637721 -0.0043288092355616859 0.0022166587122267292 -0.016330506021865664 0.0032347672503481172 0.0055420201023834974 -0.0072703055695529234 -0.00023984168391233808 0.0097417043440042872 0.00038674334933425509 0 0.0078159488962566432
leaf_weight=7.0164973512291899 9.0932898819446546 16.197749435901645 69.999187096953392 91.620974510908127 6.1605034396052343 63.22282949835062 2.1334114894270888 13.266995407640932 3.953503616154193 46.459241181612015 1.7098804861307133 1.8587681576609609 3.2318221032619476
leaf_count=28 66 165 377 389 50 214 7 63 21 126 10 10 10
internal_value=-0.000201234 -0.00269815 -0.00146617 -0.000590667 0.00302085 0.00413816 -0.0115079 0.0011783 -0.00546459 0.00804153 -0.0128707 -0.0133223 0.00347987
internal_weight=335.925 190.754 172.847 161.62 145.17 129.966 11.2267 76.4898 15.2046 53.4757 17.9076 8.01927 7.18533
internal_count=1536 1014 839 766 522 431 73 277 91 154 175 60 31
is_linear=0
shrinkage=0.015


Tree=120
num_leaves=12
num_cat=0
split_feature=3 0 1 2 4 6 8 9 6 6 3
split_gain=11.996 8.92222 7.3208 9.28138 6.65489 5.44789 4.91523 9.83126 4.83044 4.66289 3.1396
threshold=0.57781274281276596 0.72985739750445744 0.097901855157798437 0.44462045442768527 0.71258907658969994 1.1410488708528062 0.68908059877157657 0.005825736404656179 0.9732566564770847 1.1186299847159697 0.66126079531838877
decision_type=2 2 2 2 2 2 2 2 2 2 2
left_child=1 2 5 -4 -3 -1 8 10 -2 -10 -8
right_child=6 4 3 -5 -6 -7 7 -9 9 -11 -12
leaf_value=0.0066375317213799604 -0.016975468861242557 0.0027978459321345152 -0.0026812599390286188 0.004833599861753704 -0.01737740613926755 -0.0024554672171912548 -0.0042511846065418713 -0.014513706385260103 0 -0.012126807994391555 0.0078513053978865686
leaf_weight=80.696173414587975 11.1443944722414 4.1985390260815603 106.79900785535574 53.95441646873951 7.818164698779583 15.621254883706568 4.3317965492606225 6.23703709244728 19.258087486028675 10.084622431546448 15.396785415709017
leaf_count=242 104 17 502 178 66 63 23 58 118 101 64
internal_value=-0.000201358 0.00119371 0.0018407 -8.45276e-05 -0.0103999 0.00506655 -0.00582983 -0.000353294 -0.00898361 -0.00481947 0.00470209
internal_weight=335.54 269.088 257.071 160.753 12.0167 96.3174 66.4527 25.9656 40.4871 29.3427 19.7286
internal_count=1536 1068 985 680 83 305 468 145 323 219 87
is_linear=0
shrinkage=0.015


Tree=121
num_leaves=12
num_cat=0
split_feature=6 4 0 10 16 16 5 4 10 15 0
split_gain=10.0057 11.6228 9.71054 9.08418 9.06763 6.65341 5.1588 3.65714 3.30775 2.66098 0.325149
threshold=1.2945415533128872 0.93750610133090251 0.17403082514470272 -0.0062170910561582509 0.0065014336471400829 0.014889570690491112 0.3710928666518219 1.1839281241099127 0.014066109766974087 17.373928571428568 0.15331965206032924
decision_type=2 2 2 2 2 2 2 2 2 2 2
left_child=1 5 7 -2 -4 6 -1 -3 10 -7 -5
right_child=3 2 4 8 -6 9 -8 -9 -10 -11 -12
leaf_value=-0.010385277765732105 0.0036487600111416801 -0.0065509255129047698 -0.0011334994364516856 -0.0024200815571570277 -0.009444395684624813 -0.014321081194181091 0.005208295985124462 0.0071485678594296782 0 0 -0.01901478128708067
leaf_weight=2.8399784415960303 6.9823856130242374 2.9674674868583706 101.00595981255174 2.0340745970606831 41.77928388863802 3.923359774053095 126.67696622014046 27.818793050944805 3.0800478085875502 4.4315857961773872 11.555876817554234
leaf_count=16 26 17 517 11 272 24 424 98 14 18 99
internal_value=-0.000203821 0.000511872 -0.00203396 -0.00922527 -0.00371396 0.00375378 0.00465661 0.00528027 -0.0148326 -0.00771364 -0.0176412
internal_weight=335.096 311.443 173.572 23.6524 142.785 137.872 129.517 30.7863 16.67 8.35495 13.59
internal_count=1536 1386 904 150 789 482 440 115 124 42 110
is_linear=0
shrinkage=0.015


Tree=122
num_leaves=13
num_cat=0
split_feature=3 1 9 3 13 3 15 2 12 17 12 1
split_gain=11.7263 10.1135 8.62253 8.17236 7.69238 5.89251 5.10062 6.39536 4.04626 3.06331 2.43972 1.73647
threshold=0.81278797092021382 0.17370100309557254 0.0069409389502197638 0.22276068163009491 0.35881243873994495 0.027836495613081221 4.3232142857142604 0.828478033272951 -0.0006356197925994066 1.0077589985615847 0.0013761337271397391 0.53644023487594839
decision_type=2 2 2 2 2 2 2 2 2 2 2 2
left_child=1 4 3 -3 10 -6 8 9 -2 -8 -1 -4
right_child=6 2 11 -5 5 -7 7 -9 -10 -11 -12 -13
leaf_value=-0.017059192013931471 0.0096098630189244711 0.0026519444085489141 -0.016243504503145559 -0.0049790921567999568 0.012875108659473748 0.0028086953408101661 -0.015380866266363777 0.0060438041727694999 -0.0093236964058478113 0.0013335560691305546 0 0
leaf_weight=3.3141540586948386 4.4145622998476028 62.675622202455997 9.1711218357086164 58.8357884734869 13.317964948713778 150.83115424960852 21.565620679408319 2.478706218302249 2.0315853431820861 1.5145679116249073 2.466562956571579 2.1754453778266898
leaf_count=23 15 244 64 342 29 539 220 10 16 9 9 16
internal_value=-0.000206045 0.000704609 -0.00234409 -0.00100307 0.00313137 0.00381571 -0.00857669 -0.0114556 0.00195992 -0.0139661 -0.011323 -0.0138409
internal_weight=334.793 302.788 132.858 121.511 169.93 164.149 32.005 25.5589 6.44615 23.0802 5.78072 11.3466
internal_count=1536 1266 666 586 600 568 270 239 31 229 32 80
is_linear=0
shrinkage=0.015


Tree=123
num_leaves=11
num_cat=0
split_feature=1 0 4 15 19 4 8 7 10 5
split_gain=10.6731 6.82155 7.01328 8.7071 8.11337 5.28451 3.55417 4.77174 3.1932 1.83935
threshold=0.54476242354889681 0.18077021805506968 1.0472900214547567 5.8732142857143286 2.5000000000000004 2.1714905847058401 0.97964826111474923 15.165000000000193 6.8315770991907605e-05 0.86893233868020714
decision_type=2 2 2 2 2 2 2 2 2 2
left_child=1 6 3 -3 -4 -2 7 -1 -7 -8
right_child=5 2 4 -5 -6 8 9 -9 -10 -11
leaf_value=-0.0075059668621368768 -0.015948544709622585 0.0064162371628266055 -0.00014938531339195687 -0.00094984054146544559 -0.0088855362510534951 0.0063136340070487559 0 0.0048846000351957164 -0.0098864749059546526 0.013476543062362666
leaf_weight=6.6195263639092436 11.903074603527786 50.980038270354271 64.377434156835079 108.27726665884256 37.918443687260151 4.8413368985056868 3.780254364013671 31.08117514103651 2.5605732277035713 12.008954010903834
leaf_count=33 128 161 319 456 235 21 13 119 25 26
internal_value=-0.000205111 0.000464099 -0.000519538 0.00141195 -0.00356786 -0.0104965 0.00525439 0.00225161 0 0.0109434
internal_weight=334.348 315.043 261.553 159.257 102.296 19.305 53.4899 37.7007 7.40191 15.7892
internal_count=1536 1362 1171 617 554 174 191 152 46 39
is_linear=0
shrinkage=0.015


Tree=124
num_leaves=14
num_cat=0
split_feature=0 15 2 2 4 10 15 19 10 0 0 15 2
split_gain=9.24722 8.3103 9.21552 6.95246 6.24982 6.29441 4.4633 7.89341 7.06155 4.45203 7.08897 4.09533 3.87774
threshold=0.393794782917188 6.0714285714285561 0.043710127591687763 0.1539532101292759 2.0802009215873558 -0.004250907473510937 9.6367857142857627 2.5000000000000004 0.01093474090094569 0.37113850096551559 0.22180918085365958 5.3475000000000179 0.2131678760770144
decision_type=2 2 2 2 2 2 2 2 2 2 2 2 2
left_child=4 2 -2 -4 9 -6 7 -3 -8 10 -1 -7 -11
right_child=1 6 3 -5 5 11 8 -9 -10 12 -12 -13 -14
leaf_value=0.0054343733680809548 -0.016050291222394722 -0.0036712663643947534 0.0092971272669712911 -0.00084357455330458654 0.0055024179973741337 0 0.0014021147648672742 -0.016743218263578837 -0.011971907122319447 0.017406058504876441 -0.0010648304256397657 -0.01801605725810965 0.0023958203575194107
leaf_weight=69.303927004337311 4.2621126323938361 31.353933461010456 22.09644041210413 37.382998771965504 5.1242387294769314 4.9016433060169202 32.904722899198532 16.793613716959953 9.7010847404599172 6.9306722879409817 75.932844437658787 6.6519310474395752 10.677095003426073
leaf_count=239 33 181 74 187 18 25 159 126 68 11 316 58 41
internal_value=-0.000203416 -0.00289443 0.00114534 0.00298157 0.0020775 -0.00606141 -0.00577619 -0.00886617 -0.00187518 0.00301998 0.00201721 -0.0117987 0.00985935
internal_weight=334.017 154.495 63.7416 59.4794 179.522 16.6778 90.7534 48.1475 42.6058 162.845 145.237 11.5536 17.6078
internal_count=1536 828 294 261 708 101 534 307 227 607 555 83 52
is_linear=0
shrinkage=0.015


Tree=125
num_leaves=12
num_cat=0
split_feature=3 1 9 5 13 3 2 7 17 9 1
split_gain=11.3251 9.56709 8.37197 7.97563 8.31033 7.92401 4.23575 6.71085 4.14431 2.82348 1.7457
threshold=0.81278797092021382 0.17370100309557254 0.0069409389502197638 0.57566437663098491 0.35881243873994495 0.22276068163009491 0.828478033272951 10.754999999999884 -0.60152306176808756 0.0034479303115834375 0.53644023487594839
decision_type=2 2 2 2 2 2 2 2 2 2 2
left_child=1 3 5 9 -5 -3 7 -2 -9 -1 -4
right_child=6 2 10 4 -6 -7 -8 8 -10 -11 -12
leaf_value=0 0.0047744027655440262 0.0026431062078800397 -0.01603997045965436 -0.011234777015325766 0.0045319338655292231 -0.0048798509518697165 0.0053475096488014226 0 -0.015594386680079739 -0.018203848208574316 0
leaf_weight=3.74779188632965 4.0063628107309404 62.57827440649271 9.1226837411522848 5.770807869732379 156.95542895793915 58.654375404119492 2.5911026373505583 4.342496648430834 20.799001928418868 2.9906666427850723 2.1569450646638861
leaf_count=15 17 244 64 32 532 342 11 33 209 21 16
internal_value=-0.000203166 0.000690399 -0.0022776 0.00305445 0.00379765 -0.000955892 -0.00846415 -0.0101973 -0.0130354 -0.0107961 -0.013635
internal_weight=333.716 301.977 132.512 169.465 162.726 121.233 31.739 29.1479 25.1415 6.73846 11.2796
internal_count=1536 1266 666 600 564 586 270 259 242 36 80
is_linear=0
shrinkage=0.015


Tree=126
num_leaves=10
num_cat=0
split_feature=1 6 17 4 4 8 4 9 18
split_gain=10.3537 8.80605 7.67923 9.58441 9.42977 6.53021 5.2142 2.75311 1.29708
threshold=0.54476242354889681 1.2945415533128872 0.80569254215971964 0.56658364804776495 1.4708560054652235 0.096289947048475322 2.1714905847058401 0.0095798235115976214 14.500000000000002
decision_type=2 2 2 2 2 2 2 2 2
left_child=1 2 3 -1 -4 -3 -2 -7 -8
right_child=6 5 4 -5 -6 7 8 -9 -10
leaf_value=0.010636739034904615 -0.01584490497498155 0.0021056936707088397 0.0065908724885003359 -0.001201144844103429 -0.012083376247459945 -0.016626021296279169 0.0049043666546726011 0 -0.0052246634264441396
leaf_weight=14.625638097524641 11.749808210879566 7.2932148128747967 73.727179192006588 199.67064571380615 4.5331714749336234 11.328398972749708 3.7148761078715316 2.9970262125134459 3.655704490840435
leaf_count=38 128 27 242 923 29 90 18 13 28
internal_value=-0.000204982 0.000452774 0.00117897 -0.000267656 0.00514158 -0.00832462 -0.0103874 -0.0137016 0
internal_weight=333.296 314.175 292.557 214.296 78.2604 21.6186 19.1204 14.3254 7.37058
internal_count=1536 1362 1232 961 271 130 174 103 46
is_linear=0
shrinkage=0.015


Tree=127
num_leaves=12
num_cat=0
split_feature=1 20 10 9 9 9 19 10 17 2 19
split_gain=10.1397 6.78262 13.8252 8.89915 8.11415 10.2845 6.9376 3.02068 3.4171 2.17673 0.874455
threshold=0.54476242354889681 1.0000000180025095e-35 -0.0093223085917822617 0.0059723812127480827 -0.0032298285282961166 -0.0015928918365833036 2.5000000000000004 -0.00016194219349084448 0.19783470380288257 0.4526970655380736 2.5000000000000004
decision_type=2 2 2 2 2 2 2 2 2 2 2
left_child=1 4 10 -4 6 -6 -1 8 9 -2 -3
right_child=7 2 3 -5 5 -7 -8 -9 -10 -11 -12
leaf_value=0.0080939833893955704 -0.012232439819825089 -0.0026446886480223923 0.0048862054817017074 -0.0062216368746201619 -0.018300174974089832 -0.0022703665422901123 -0.0057627876998314533 -0.015586350954183845 0.0087911698457741275 0.0011517496983498058 -0.018779233694587161
leaf_weight=26.300080865621567 4.6897188946604746 3.1083344817161551 139.96539391577244 16.032962374389172 8.2037653177976591 106.8101481795311 9.1238832622766477 9.7403181828558427 2.0377590581774712 2.541482862085104 4.4489403590559959
leaf_count=91 52 15 530 84 60 500 48 102 7 13 34
internal_value=-0.000204611 0.00044478 0.00256326 0.00363281 -0.00181263 -0.00377109 0.00420735 -0.0103094 -0.00231648 -0.00748558 -0.0148699
internal_weight=333.003 313.994 163.556 155.998 150.438 115.014 35.424 19.0093 9.26896 7.2312 7.55727
internal_count=1536 1362 663 614 699 560 139 174 72 65 49
is_linear=0
shrinkage=0.015


Tree=128
num_leaves=14
num_cat=0
split_feature=3 20 10 4 13 15 17 15 10 12 13 16 19
split_gain=10.9607 6.47521 13.175 10.2754 9.65855 7.29564 5.95512 4.88765 4.81906 3.96407 3.39767 2.08285 0.55061
threshold=0.81278797092021382 1.0000000180025095e-35 -0.0093223085917822617 0.59908831114347116 0.82415625788256519 10.121785714285677 0.10334206761430578 4.3232142857142604 0.0076758036160172191 -0.0006356197925994066 0.39212427453826204 0.0089521716964850954 2.5000000000000004
decision_type=2 2 2 2 2 2 2 2 2 2 2 2 2
left_child=1 3 12 6 -4 -5 -1 9 10 -2 -9 -10 -3
right_child=7 2 4 5 -6 -7 -8 8 11 -11 -12 -13 -14
leaf_value=0.011844000629575965 0.0095056307588220357 -0.0032986336064559931 0.0049264988727479022 -0.0064235411816271114 -0.010735432504958625 0.0011917379731913587 -7.1733315670979129e-05 0.00056587357988031493 0.0052578027445130812 -0.0092491751181042262 -0.016818784965956263 -0.0083197481840099653 -0.018530828191658019
leaf_weight=15.268870800733565 4.4085326120257378 3.3194468691945067 137.34353609383106 74.375886362046003 7.3306191936135283 41.762146040797234 18.066134683787823 1.8320759683847487 4.4597284607589236 2.0218776240944889 16.597154181450605 2.1905961111187935 3.8141938894987106
leaf_count=39 15 17 502 382 45 180 73 13 28 16 176 22 28
internal_value=-0.000207994 0.000669878 0.00285108 -0.00150428 0.00394621 -0.00364786 0.00553539 -0.00836455 -0.0112267 0.00192376 -0.0148372 0 -0.0145384
internal_weight=332.791 301.281 151.808 149.473 144.674 116.138 33.335 31.51 25.0796 6.43041 18.4292 6.65032 7.13364
internal_count=1536 1266 592 674 547 562 112 270 239 31 189 50 45
is_linear=0
shrinkage=0.015


Tree=129
num_leaves=16
num_cat=0
split_feature=3 1 6 13 2 2 20 1 2 2 10 2 15 13 10
split_gain=10.7834 7.81257 7.85263 7.71517 7.38038 10.8293 6.34824 4.90066 4.81951 5.24916 4.66763 2.75908 1.78201 1.3068 0.195419
threshold=0.57781274281276596 0.058336267641931873 1.2074946218649383 0.42231231192870827 0.40847278397557979 0.20283274504347931 1.0000000180025095e-35 0.043521712614618069 0.18019467591420965 0.41612055370600992 0.0010150555321628044 0.19649072826400879 7.1407142857143047 0.85138342643853748 -0.0012458379368129873
decision_type=2 2 2 2 2 2 2 2 2 2 2 2 2 2 2
left_child=1 2 3 -1 5 -3 11 -4 14 -10 -6 12 -2 -13 -8
right_child=6 4 7 -5 10 -7 8 -9 9 -11 -12 13 -14 -15 -16
leaf_value=-0.0062358019111755829 0.0057243762279339788 0.0010623309626740006 -0.015770684316648461 0.0094579650046711025 0.0067910985818626143 -0.0076589828541886147 -0.0013595218977542187 0.0041868949920802791 0.0055001127624947918 -0.0051315984680138779 -0.00034852061925437375 -0.016305033404408503 -0.0079683447698601986 -0.00037162920950948057 -0.01418288430357211
leaf_weight=6.1185763180255881 2.4592063017189529 74.01273562759161 4.0642289668321601 51.25606095045805 38.913098342716694 52.382044464349747 2.2497107982635498 3.0371561497449875 19.36284152790904 18.33943959698081 37.355846010148525 14.055198162794115 2.0134141780436039 2.4099118635058394 4.4715845286846152
leaf_count=28 13 329 25 139 119 274 15 9 92 121 145 153 20 15 39
internal_value=-0.000209038 0.00111239 0.00558128 0.00750435 -0.000313353 -0.00255665 -0.0055939 -0.00736668 -0.00198044 0.000141659 0.0032788 -0.0120925 0 -0.014672 -0.0120468
internal_weight=332.501 267.14 64.476 57.3746 202.664 126.395 65.3613 7.10139 44.4236 37.7023 76.2689 20.9377 4.47262 16.4651 6.7213
internal_count=1536 1068 201 167 867 603 468 34 267 213 264 201 33 168 54
is_linear=0
shrinkage=0.015


Tree=130
num_leaves=14
num_cat=0
split_feature=3 0 6 1 10 4 20 2 2 2 12 13 0
split_gain=10.5484 8.31249 6.57258 7.38618 7.32596 6.40881 6.23962 4.74284 5.10883 2.72098 2.16216 1.28818 1.19828
threshold=0.57781274281276596 0.72985739750445744 1.2945415533128872 0.048379121090643594 -0.0062170910561582509 0.71258907658969994 1.0000000180025095e-35 0.18019467591420965 0.41612055370600992 0.19649072826400879 0.002422547720925317 0.85138342643853748 0.84009455456821491
decision_type=2 2 2 2 2 2 2 2 2 2 2 2 2
left_child=1 2 3 -1 -4 -3 9 12 -9 10 -2 -11 -8
right_child=6 5 4 -5 -6 -7 7 8 -10 11 -12 -13 -14
leaf_value=0.0073099607429547089 -0.0083135739330380144 0.002729965369715196 0.004746213752894299 0.00093812106102336668 -0.012908056278221423 -0.017121102334294376 -0.014779734139286342 0.0054207249285686517 -0.0050694794708296643 -0.0162254732797271 0.006769405565712025 -0.00036860796059712833 0
leaf_weight=52.382732249796391 2.2265455275774029 4.1920463591814023 6.4675261378288296 184.4935292750597 11.747653752565382 7.64195416867733 4.9357326328754416 19.380872212350368 18.310426939278841 13.92305761575699 2.2414965853095055 2.4096175059676161 1.7602869942784307
leaf_count=153 24 17 21 738 73 66 43 92 121 153 9 15 11
internal_value=-0.000210996 0.00109527 0.00172204 0.00242799 -0.00641928 -0.0101689 -0.00554477 -0.00196459 0.00013697 -0.0120132 0 -0.0145906 -0.0119674
internal_weight=332.113 266.925 255.091 236.876 18.2152 11.834 65.188 44.3873 37.6913 20.8007 4.46804 16.3327 6.69602
internal_count=1536 1068 985 891 94 83 468 267 213 201 33 168 54
is_linear=0
shrinkage=0.015


Tree=131
num_leaves=15
num_cat=0
split_feature=3 1 16 5 7 0 12 8 12 3 1 13 0 13
split_gain=10.3606 9.21267 6.62774 11.3064 8.05843 5.65039 5.89756 3.73275 14.7258 3.53135 2.45425 1.8068 1.57307 1.12534
threshold=0.22276068163009491 0.45297890677662639 0.0050880679265184513 0.9637194004567865 30.510000000000222 0.57410710950048849 0.0036747035721566017 0.90199019486728105 0.00053777735247773084 0.16179763111667453 1.4139003964349646 0.41279408902218484 0.78230640239616955 0.79792827714947878
decision_type=2 2 2 2 2 2 2 2 2 2 2 2 2 2
left_child=5 2 3 -2 -4 7 12 9 -9 -1 11 -3 -7 -8
right_child=1 10 4 -5 -6 6 13 8 -10 -11 -12 -13 -14 -15
leaf_value=0.0037217908958842431 -0.010631689214874219 0 -0.009922095441911279 0.003695868549078597 -0.00031594681238206749 -0.016103143629379896 -0.00067059839874580233 -0.01868872340706898 0.0036329216975914446 0.013192154215891141 0.0005474140997540494 -0.015983623916972185 0 0.0083176738101470703
leaf_weight=32.815617308020592 12.59972073882818 2.1148762330412874 32.980958849191666 76.426218904554844 49.03196720033884 5.8737671077251417 4.0133605152368546 5.2205903530120841 76.15209686756134 14.294985510408877 1.6841881498694427 13.391718629747627 1.926509194076061 3.1976217478513718
leaf_count=107 73 13 199 319 248 48 22 33 259 32 10 152 11 10
internal_value=-0.000212426 -0.0025364 -0.00136429 0.00139667 -0.00441251 0.00277747 -0.00525608 0.00383972 0.00169692 0.00716836 -0.0124499 -0.0141913 -0.0131233 0.0034415
internal_weight=331.724 188.23 171.039 89.0259 82.0129 143.495 15.0113 128.483 81.3727 47.1106 17.1908 15.5066 7.80028 7.21098
internal_count=1536 1014 839 392 447 522 91 431 292 139 175 165 59 32
is_linear=0
shrinkage=0.015


Tree=132
num_leaves=10
num_cat=0
split_feature=1 6 10 13 4 0 4 7 10
split_gain=9.61954 8.27283 8.22962 8.19461 7.55457 6.57461 5.1357 3.30533 3.0255
threshold=0.54476242354889681 1.2945415533128872 -0.0062170910561582509 0.83071354379425943 0.81651572866476441 0.40900974025975451 2.1714905847058401 41.390000000000107 -1.0000000180025095e-35
decision_type=2 2 2 2 2 2 2 2 2
left_child=1 3 -3 4 -1 -5 -2 -4 -8
right_child=6 2 7 5 -6 -7 8 -9 -10
leaf_value=0.0053768786690481258 -0.015635981526872473 0.0041290887766792057 -0.017063316081856707 -0.0005575882759691705 4.1755497991768938e-05 -0.018149703315214361 0.0063074415397816174 0 -0.0095679839919718662
leaf_weight=89.016828097403049 11.41775004938245 6.6467159166932133 11.720594335347412 13.684034891426565 182.18180319666862 6.3646925315260878 4.8046853616833687 3.0592848509550086 2.47884852066636
leaf_count=292 128 23 93 63 829 48 21 14 25
internal_value=-0.000213221 0.000416782 -0.008126 0.00112197 0.00184692 -0.0076223 -0.0101314 -0.0139195 0
internal_weight=331.375 312.674 21.4266 291.247 271.199 20.0487 18.7013 14.7799 7.28353
internal_count=1536 1362 130 1232 1121 111 174 107 46
is_linear=0
shrinkage=0.015


Tree=133
num_leaves=12
num_cat=0
split_feature=3 0 6 10 13 7 12 13 10 17 16
split_gain=10.2271 9.35434 7.60849 7.79949 7.52686 5.08255 4.75713 5.29854 4.02735 3.72911 1.93233
threshold=0.81278797092021382 0.72985739750445744 1.2945415533128872 -0.0062170910561582509 0.83071354379425943 10.754999999999884 0.0061675387971413817 0.46624504512445997 0.0076758036160172191 -0.60152306176808756 0.0089521716964850954
decision_type=2 2 2 2 2 2 2 2 2 2 2
left_child=1 2 4 -4 -1 -2 7 -3 9 -7 -10
right_child=5 6 3 -5 -6 8 -8 -9 10 -11 -12
leaf_value=0.0026823881197880631 0.0047146333395615579 0.0019055936752519166 0.0046197940777701211 -0.013321151322422387 -0.0072063589628823229 -0.00011104444639759055 0.0043454143768052586 -0.018148168751496239 0.0048722397250525089 -0.016792283452006267 -0.0081914280218679508
leaf_weight=249.05960343778133 4.0007197186350849 2.6286579445004454 6.4518757611513164 13.206747572869061 16.342313341796398 4.7822883725166401 2.4650320038199416 9.8682310581207258 4.5574454851448527 15.559543691575524 2.1596245616674423
leaf_count=964 17 12 21 88 85 37 10 86 29 165 22
internal_value=-0.000214307 0.000630975 0.00128974 -0.00720385 0.00199609 -0.00815044 -0.01015 -0.0137317 -0.0105042 -0.0135673 0
internal_weight=331.082 300.022 285.061 19.6586 265.402 31.0596 14.9619 12.4969 27.0589 20.3418 6.71707
internal_count=1536 1266 1158 109 1049 270 108 98 253 202 51
is_linear=0
shrinkage=0.015


Tree=134
num_leaves=11
num_cat=0
split_feature=3 0 4 18 3 13 15 2 17 9
split_gain=9.99241 9.116 7.81477 7.11326 10.9048 8.50997 4.68396 6.11769 3.20831 0.774293
threshold=0.81278797092021382 0.72985739750445744 0.75556629966366728 16.500000000000004 0.41423565063073886 0.83071354379425943 4.3232142857142604 0.828478033272951 1.0464359967519024 0.00021763611052752
decision_type=2 2 2 2 2 2 2 2 2 2
left_child=1 3 -3 5 -5 -1 9 8 -8 -2
right_child=6 2 -4 4 -6 -7 7 -9 -10 -11
leaf_value=0.0032839015216462901 0.0057457307424308253 0.0025567124561776014 -0.017363507817470137 0.00011506176599286755 -0.014482167554675058 -0.0087116754556885671 -0.014983920135173993 0.0060784565436634019 0.0021964841396084895 -0.0019188203170023026
leaf_weight=211.07064309343696 3.7324583455920246 5.575637310743331 9.3220877684652788 49.238697282969952 12.640014085918663 11.993998989462851 20.654778875410564 2.4687459096312514 1.3849569037556637 2.675433337688446
leaf_count=799 15 23 85 197 96 66 221 10 8 16
internal_value=-0.000214714 0.000619352 -0.0100441 0.00126913 -0.00310939 0.0025339 -0.00807785 -0.0109346 -0.0134994 0.00195838
internal_weight=330.757 299.841 14.8977 284.943 61.8787 223.065 30.9164 24.5085 22.0397 6.40789
internal_count=1536 1266 108 1158 293 865 270 239 229 31
is_linear=0
shrinkage=0.015


Tree=135
num_leaves=10
num_cat=0
split_feature=1 6 10 13 17 4 13 7 10
split_gain=9.29249 7.8291 7.88195 7.6242 9.68176 5.0305 4.27997 3.26367 2.93585
threshold=0.54476242354889681 1.2945415533128872 -0.0062170910561582509 0.83071354379425943 0.71814882659917034 2.1714905847058401 0.88942490628785698 41.390000000000107 6.8315770991907605e-05
decision_type=2 2 2 2 2 2 2 2 2
left_child=1 3 -3 4 -1 -2 -5 -4 -7
right_child=5 2 7 6 -6 8 -8 -9 -10
leaf_value=-9.654840920021867e-05 -0.015517758589675254 0.0040407209212738196 -0.016785873965854143 -0.013045624165753738 0.0059387304757533106 0.0062119018515668896 0 0 -0.0094589203232815396
leaf_weight=186.13384546339512 11.235334426164629 6.6373395174741772 11.600492183119057 10.64674746245146 84.473163910210133 4.8036469370126715 9.3441492542624456 3.05738391727209 2.4486926198005676
leaf_count=837 128 23 93 67 284 21 44 14 25
internal_value=-0.000214537 0.000402656 -0.00793134 0.00108905 0.00178967 -0.0100157 -0.00735412 -0.013637 0
internal_weight=330.381 311.893 21.2952 290.598 270.607 18.4877 19.9909 14.6579 7.25234
internal_count=1536 1362 130 1232 1121 174 111 107 46
is_linear=0
shrinkage=0.015


Tree=136
num_leaves=11
num_cat=0
split_feature=1 6 10 0 10 20 10 10 8 6
split_gain=9.11019 7.62971 7.72234 7.12428 7.15756 3.48746 3.20754 2.96398 3.82779 2.42885
threshold=0.54476242354889681 1.2945415533128872 -0.0062170910561582509 0.17403082514470272 -0.0093223085917822617 1.0000000180025095e-35 0.014066109766974087 -0.00016194219349084448 0.83613792661493525 0.89748462250409911
decision_type=2 2 2 2 2 2 2 2 2 2
left_child=1 3 -3 5 -5 -1 -4 8 9 -2
right_child=7 2 6 4 -6 -7 -8 -9 -10 -11
leaf_value=0.00075432067135239647 0.0014345597755857813 0.0039954459629688577 -0.016545577951733302 -0.0090038797017981936 0.00074619164549514214 0.0095649173576868775 0 -0.015250358652871178 0.010146249520874902 -0.012664667384090158
leaf_weight=18.895133353769779 2.6627905480563658 6.6345473602414158 11.701548490673302 16.287624709308147 227.66329492256045 27.640508718788624 2.8995648697018614 9.3456591218709928 1.8334424942731855 4.5343834534287453
leaf_count=75 16 23 95 93 978 86 12 102 5 51
internal_value=-0.000215189 0.000394404 -0.00784358 0.00107179 0 0.00632052 -0.0135081 -0.0099477 -0.00201001 -0.0074552
internal_weight=330.098 311.722 21.2357 290.487 243.951 46.5356 14.6011 18.3763 9.03062 7.19717
internal_count=1536 1362 130 1232 1071 161 107 174 72 67
is_linear=0
shrinkage=0.015


Tree=137
num_leaves=13
num_cat=0
split_feature=3 1 13 5 13 16 6 15 2 12 12 2
split_gain=9.67577 8.518 8.41326 8.34391 8.09943 8.09403 5.83807 4.57929 6.01121 3.85374 3.17649 2.86922
threshold=0.81278797092021382 0.21710613946557569 0.44204786506226729 0.57566437663098491 0.42231231192870827 0.0075895602435722131 1.0204557807838859 4.3232142857142604 0.828478033272951 -0.0006356197925994066 0.010287568260515025 0.18976429506766565
decision_type=2 2 2 2 2 2 2 2 2 2 2 2
left_child=1 3 6 11 -5 -4 -3 9 10 -2 -9 -1
right_child=7 2 5 4 -6 -7 -8 8 -10 -11 -12 -13
leaf_value=0 0.0094059587559451614 0.011090259816426787 -0.0022162046828761157 -0.0059449673369930799 0.0042735821113431775 -0.013699468385182706 -0.0056252577818227617 -0.01489655518108339 0.0060044593515230713 -0.0091100140669729407 0.0021538690643581994 -0.018395270504299215
leaf_weight=3.7118164524435988 4.3978674113750458 12.9899277985096 74.829545296728611 17.143542319536209 166.30106174945831 16.066826410591602 4.7152622863650313 20.400699004530914 2.4735146239399901 2.0039996057748821 1.4005037695169438 3.3949366807937622
leaf_count=15 15 37 388 79 575 121 27 221 10 16 8 24
internal_value=-0.000213475 0.000605902 -0.00268359 0.00252804 0.00322436 -0.00457796 0.00613885 -0.00798145 -0.0108282 0.00192833 -0.0133972 -0.0113831
internal_weight=329.83 299.153 108.602 190.551 183.445 90.8964 17.7052 30.6766 24.2747 6.40187 21.8012 7.10675
internal_count=1536 1266 573 693 654 509 64 270 239 31 229 39
is_linear=0
shrinkage=0.015


Tree=138
num_leaves=14
num_cat=0
split_feature=3 4 15 15 6 16 4 10 2 15 8 6 8
split_gain=9.56456 5.60576 7.02069 12.3549 6.34277 4.75436 3.4745 5.36726 4.00669 5.61745 4.65477 1.22673 0.963451
threshold=0.22276068163009491 0.92869766240725193 12.22892857142852 11.274642857142828 1.2892608204126665 0.0035212462055834153 1.9364629952043309 -0.0004455804002898817 0.44462045442768527 5.7185714285714093 0.92601588469059248 1.4828058554446193 0.83613792661493525
decision_type=2 2 2 2 2 2 2 2 2 2 2 2 2
left_child=6 4 3 -3 5 -2 8 -8 9 -1 -10 -6 -4
right_child=1 2 12 -5 11 -7 7 -9 10 -11 -12 -13 -14
leaf_value=0.0070400411890839485 0.0086929162772174939 -0.0045488337372027168 -0.017042750589893348 0.012808402408445824 -0.014560882098814119 -8.8735436071567571e-06 0.002954619935526813 -0.016795118509155386 0.010820054682745283 -0.0017129227575414384 0.0020398967369707676 0 -0.0044174167867321772
leaf_weight=21.281471230089664 16.894916012883186 91.338555842638016 8.9962096661329252 8.1311057433485967 4.5206075720489016 49.322316758334637 5.347970999777317 3.1763681545853597 25.670334175229073 52.902375891804695 34.213105887174606 1.8010444641113279 5.8319397792220107
leaf_count=71 47 570 86 26 38 202 19 23 64 228 117 10 35
internal_value=-0.000214478 -0.00245705 -0.00450843 -0.00283157 0.000708885 0.00229116 0.00266542 -0.00548512 0.00331178 0.000818533 0.00615295 -0.011531 -0.013638
internal_weight=329.428 186.837 114.298 99.4697 72.5389 66.2172 142.592 8.52434 134.067 74.1838 59.8834 6.32165 14.8281
internal_count=1536 1014 717 596 297 249 522 42 480 299 181 48 121
is_linear=0
shrinkage=0.015


Tree=139
num_leaves=12
num_cat=0
split_feature=3 1 16 7 20 7 16 1 1 1 7
split_gain=9.31198 8.6169 6.32589 7.95509 7.729 5.18305 8.51825 9.05634 4.12231 2.38265 2.00024
threshold=0.22276068163009491 0.45297890677662639 0.0050880679265184513 30.510000000000222 1.0000000180025095e-35 67.420000000000087 0.0074652516962205309 0.14476244047976125 0.53644023487594839 1.4139003964349646 11.819999999999938
decision_type=2 2 2 2 2 2 2 2 2 2 2
left_child=5 2 4 -4 -2 6 8 -8 -1 10 -3
right_child=1 9 3 -5 -6 -7 7 -9 -10 -11 -12
leaf_value=0.0046151488102111572 -0.0040867584852050266 0 -0.0097791792703079087 -0.00021048826574657207 0.0048127842350102713 0.011697453000032386 0.00067632523207147334 -0.015781368307459132 -0.0053535589617259164 0.00059118705642454295 -0.015875252095429355
leaf_weight=94.846745908260345 32.914391376078129 2.1273935809731492 32.748159695416689 48.716976068913937 55.599355958402157 11.224009342491625 18.842130072414879 9.5598242953419668 7.9835785701870909 1.6680130437016494 12.858165267854927
leaf_count=312 177 15 199 248 215 27 66 62 55 10 150
internal_value=-0.000212871 -0.00242719 -0.00129933 -0.00428902 0.0014034 0.00262964 0.00163384 -0.00529024 0.00368228 -0.0121633 -0.013927
internal_weight=329.089 186.632 169.979 81.4651 88.5137 142.456 131.232 28.402 102.83 16.6536 14.9856
internal_count=1536 1014 839 447 392 522 495 128 367 175 165
is_linear=0
shrinkage=0.015


Tree=140
num_leaves=10
num_cat=0
split_feature=1 6 10 13 17 0 4 10 10
split_gain=8.6301 7.37699 7.47633 7.33606 9.23077 6.47028 4.98275 3.10976 2.81912
threshold=0.54476242354889681 1.2945415533128872 -0.0062170910561582509 0.83071354379425943 0.71814882659917034 0.40900974025975451 2.1714905847058401 0.014066109766974087 -1.0000000180025095e-35
decision_type=2 2 2 2 2 2 2 2 2
left_child=1 3 -3 4 -1 -5 -2 -4 -8
right_child=6 2 7 5 -6 -7 8 -9 -10
leaf_value=-0.00010903086252323547 -0.01531827929321472 0.0039049906174546379 -0.01635838129144301 -0.00028841402363720842 0.0057949455305941894 -0.017747738606262265 0.0062280779368610708 0 -0.0091948485926648428
leaf_weight=185.50168193131685 10.926109347492458 6.6092283353209522 11.590352851897476 13.634733811020853 84.107810840010643 6.2754133269190779 4.7902175635099411 2.8942992687225333 2.3872055262327185
leaf_count=837 128 23 95 63 284 48 21 12 25
internal_value=-0.000212585 0.000378263 -0.0077474 0.0010451 0.00173428 -0.0072514 -0.00975229 -0.013348 0
internal_weight=328.717 310.614 21.0939 289.52 269.609 19.9101 18.1035 14.4847 7.17742
internal_count=1536 1362 130 1232 1121 111 174 107 46
is_linear=0
shrinkage=0.015


Tree=141
num_leaves=14
num_cat=0
split_feature=0 15 2 2 4 10 16 7 16 15 19 10 15
split_gain=7.77707 7.60769 8.72907 6.70488 5.42757 5.82797 5.30816 6.56755 6.49937 4.07687 7.61879 6.73014 3.98109
threshold=0.393794782917188 6.0714285714285561 0.043710127591687763 0.1539532101292759 2.0802009215873558 -0.004250907473510937 0.0032369708302672942 15.619999999999893 0.0076307750376172741 9.6367857142857627 2.5000000000000004 0.01093474090094569 5.3475000000000179
decision_type=2 2 2 2 2 2 2 2 2 2 2 2 2
left_child=4 2 -2 -4 6 -6 7 -1 -8 10 -3 -11 -7
right_child=1 9 3 -5 5 12 8 -9 -10 11 -12 -13 -14
leaf_value=0.0017030053911956035 -0.01568395994393924 -0.0033563618512118237 0.0092132145759454831 -0.00080510418022908291 0.0053575703120272451 0 0.0060496090266216459 -0.014320903725849085 -0.0007150121501897414 0.0014676681152802097 -0.016322830423265933 -0.011689673455639826 -0.017633789704853582
leaf_weight=14.402055002748968 4.1642233729362479 30.73230866342783 21.812624521553516 36.840425595641136 5.0457063317298916 4.8115107566118223 94.992477841675282 6.6086118258535853 44.3071034476161 32.48617234826088 16.305520463734865 9.5095880553126317 6.4041853956878185
leaf_count=52 33 181 74 187 18 25 323 42 190 159 126 68 58
internal_value=-0.000214131 -0.00270488 0.00117933 0.00297792 0.0018922 -0.00577241 0.00277743 -0.00381781 0.00386524 -0.00549345 -0.0084865 -0.00173719 -0.0114001
internal_weight=328.423 151.851 62.8173 58.6531 176.572 16.2614 160.31 21.0107 139.3 89.0336 47.0378 41.9958 11.2157
internal_count=1536 828 294 261 708 101 607 94 513 534 307 227 83
is_linear=0
shrinkage=0.015


Tree=142
num_leaves=12
num_cat=0
split_feature=6 4 0 16 16 6 0 5 12 2 12
split_gain=7.95109 9.07952 8.13935 8.09215 6.03386 5.30648 5.40213 4.53257 3.27898 2.7175 2.02355
threshold=1.2945415533128872 0.93750610133090251 0.17403082514470272 0.0065014336471400829 0.014889570690491112 1.6230583376549164 0.21993441451073223 0.43595223794142474 0.0039793716462337434 0.043710127591687763 0.0087106335606270697
decision_type=2 2 2 2 2 2 2 2 2 2 2
left_child=1 4 8 -4 7 6 -2 -1 -3 -8 -6
right_child=5 2 3 -5 10 -7 9 -9 -10 -11 -12
leaf_value=-0.0086198746599218008 0.00076228707842450534 0.00079071567953542478 -0.00096097204606153169 -0.0089158781760489397 -0.01210626015479079 0.0056723784283964135 0 0.004759792335576836 0.01133636112226326 -0.017653239563583962 0.00023470527151024149
leaf_weight=3.7971686720848075 4.9291776418685975 20.322216719388965 99.106375277042389 40.511910028755665 5.2015417069196683 3.152750998735427 1.8368924558162678 123.78818033635616 9.6437143534421903 12.766280289739369 3.0601730719208717
leaf_count=20 20 85 517 272 31 12 11 420 30 107 11
internal_value=-0.000217098 0.000418679 -0.0018594 -0.00341546 0.00330264 -0.00842139 -0.0113602 0.00417682 0.00491611 -0.0155027 -0.00764941
internal_weight=328.116 305.431 169.584 139.618 135.847 22.6851 19.5324 127.585 29.9659 14.6032 8.26171
internal_count=1536 1386 904 789 482 150 138 440 115 118 42
is_linear=0
shrinkage=0.015


Tree=143
num_leaves=12
num_cat=0
split_feature=3 0 6 10 16 7 12 13 10 17 16
split_gain=9.10992 8.40363 6.55399 7.01033 6.65721 5.63771 4.63087 5.13806 4.07538 3.85921 1.87173
threshold=0.81278797092021382 0.72985739750445744 1.2945415533128872 -0.0062170910561582509 0.0076307750376172741 10.35500000000002 0.0061675387971413817 0.46624504512445997 0.0076758036160172191 -0.60152306176808756 0.0089521716964850954
decision_type=2 2 2 2 2 2 2 2 2 2 2
left_child=1 2 4 -4 -1 -2 7 -3 9 -7 -10
right_child=5 6 3 -5 -6 8 -8 -9 10 -11 -12
leaf_value=0.0032701039228256574 0.006142342440984618 0.0019780063199095997 0.0044311935108171142 -0.012626801603001472 -0.0020778354155673974 0 0.0044873134098368968 -0.017809551131361005 0.0050582207013227616 -0.016640003210538101 -0.0078966785688693863
leaf_weight=195.74372848123312 3.6482449769973782 2.6060749329626551 6.4111696779727962 12.930379983037708 67.886577423661947 4.6720596589148125 2.4437224939465514 9.5687638819217664 4.4920886009931555 15.355597220361229 2.0898725762963295
leaf_count=741 14 12 21 88 308 37 10 86 29 168 22
internal_value=-0.000215453 0.000578106 0.0012025 -0.00673575 0.00185946 -0.00780467 -0.00974713 -0.0133634 -0.0102747 -0.0133694 0
internal_weight=327.848 297.59 282.972 19.3415 263.63 30.2579 14.6186 12.1748 26.6096 20.0277 6.58196
internal_count=1536 1266 1158 109 1049 270 108 98 256 205 51
is_linear=0
shrinkage=0.015


Tree=144
num_leaves=13
num_cat=0
split_feature=3 0 15 1 8 15 2 3 11 17 9 16
split_gain=8.89892 8.19377 8.56193 9.26467 8.03005 4.36905 5.83725 4.19095 3.33162 3.12591 0.748206 0.620803
threshold=0.81278797092021382 0.23560009630431292 5.9239285714286014 0.33676176237261024 0.97745980913418451 4.3232142857142604 0.828478033272951 0.054478488043760341 1.0000000180025095e-35 1.0464359967519024 0.00021763611052752 0.0040719264019383984
decision_type=2 2 2 2 2 2 2 2 2 2 2 2
left_child=1 7 3 -3 -4 10 9 11 -9 -7 -2 -1
right_child=5 2 4 -5 -6 6 -8 8 -10 -11 -12 -13
leaf_value=0.00088087160238265968 0.0056485354647771843 0.0059211613928677638 -0.0019329260184797114 -0.0049730744352880036 -0.015649588266381981 -0.014672863950122921 0.0059611418145046223 0.0060284867199147749 -0.0015826686968923318 0.0022815387521060398 -0.0018811599412449746 0.011080796506147792
leaf_weight=3.5819754526019123 3.7191746011376408 61.786574840545654 135.4129180200398 21.809071317315102 8.707521937787531 19.893783830106265 2.4727406129240981 22.210555367171764 24.07726514339447 1.3643189966678608 2.6655691936612129 19.824201695621014
leaf_count=12 15 200 659 129 55 221 10 67 95 8 16 49
internal_value=-0.000214978 0.000567906 -0.000789631 0.00294158 -0.00301585 -0.00773387 -0.0105673 0.00500639 0.00201254 -0.0131597 0.0019116 0.0100073
internal_weight=327.526 297.41 227.716 83.5956 144.12 30.1156 23.7308 69.694 46.2878 21.2581 6.38474 23.4062
internal_count=1536 1266 1043 329 714 270 239 223 162 229 31 61
is_linear=0
shrinkage=0.015


Tree=145
num_leaves=11
num_cat=0
split_feature=1 0 4 13 15 4 8 7 5 18
split_gain=8.19351 5.73518 5.6023 7.95856 7.34058 4.90798 3.3076 4.68815 1.83009 1.18782
threshold=0.54476242354889681 0.18077021805506968 1.0472900214547567 0.44204786506226729 5.8732142857143286 2.1714905847058401 0.97964826111474923 15.165000000000193 0.86893233868020714 14.500000000000002
decision_type=2 2 2 2 2 2 2 2 2 2
left_child=1 6 4 -4 -3 -2 7 -1 -8 -7
right_child=5 2 3 -5 -6 9 8 -9 -10 -11
leaf_value=-0.0077896757508713055 -0.015165831457024525 0.0058286699685662861 0.004432061188215668 -0.0054873023821180389 -0.00098217948872661139 0.0050920924775865357 0 0.0045936602189198036 0.012959590089793785 -0.0046959809094267151
leaf_weight=6.5252244696021071 10.703180983662607 50.174706190824509 20.979074008762836 79.341484107077122 106.92696077376604 3.6254445649683467 3.6886910721659651 30.129324212670326 11.523798666894434 3.5048872046172619
leaf_count=33 128 161 88 466 456 18 13 119 26 28
internal_value=-0.000211616 0.000362082 -0.000539188 -0.00329358 0.00119184 -0.00957268 0.00482836 0.00190618 0.010394 0
internal_weight=327.123 309.289 257.422 100.321 157.102 17.8335 51.867 36.6545 15.2125 7.13033
internal_count=1536 1362 1171 554 617 174 191 152 39 46
is_linear=0
shrinkage=0.015


Tree=146
num_leaves=11
num_cat=0
split_feature=1 20 10 4 9 19 0 4 19 10
split_gain=8.03065 5.67251 12.693 10.2148 8.12355 6.53647 6.50972 4.84498 0.729269 0.712226
threshold=0.54476242354889681 1.0000000180025095e-35 -0.0093223085917822617 0.59908831114347116 0.0059723812127480827 2.5000000000000004 0.48902047370532503 2.1714905847058401 2.5000000000000004 -0.0021263049323379008
decision_type=2 2 2 2 2 2 2 2 2 2
left_child=1 3 8 6 -4 -5 -1 -2 -3 -9
right_child=7 2 4 5 -6 -7 -8 9 -10 -11
leaf_value=0.0092475787262344938 -0.015093874262903321 -0.0026397266375896926 0.0045593635121946351 -0.0010889543934444134 -0.0061156305591967431 -0.0086745963856795193 -0.0045511190638913065 0.0039218331913658073 -0.018245111451235592 -0.0036553010082194552
leaf_weight=24.215934075415134 10.60318184271455 3.0696142315864554 137.84975362941623 75.648952595889568 15.806792683899401 39.507660914212465 8.6437790989875776 3.7327007465064526 4.3428940623998642 3.3945278748869887
leaf_count=67 128 15 530 366 84 221 45 17 34 29
internal_value=-0.000208249 0.000358395 0.00231262 -0.00172065 0.00334857 -0.00385909 0.00534981 -0.00950141 -0.0145136 0
internal_weight=326.816 309.085 161.069 148.016 153.657 115.157 32.8597 17.7304 7.41251 7.12723
internal_count=1536 1362 663 699 614 587 112 174 49 46
is_linear=0
shrinkage=0.015


Tree=147
num_leaves=11
num_cat=0
split_feature=3 6 13 18 13 10 7 2 17 7
split_gain=8.65254 6.70872 7.35411 7.29114 6.99429 6.74605 5.45761 5.17099 4.18252 3.13523
threshold=0.81278797092021382 1.2945415533128872 0.83071354379425943 10.500000000000002 0.88942490628785698 -0.0062170910561582509 10.35500000000002 0.828478033272951 -0.60152306176808756 41.390000000000107
decision_type=2 2 2 2 2 2 2 2 2 2
left_child=1 2 3 -1 -4 -3 -2 8 -8 -7
right_child=6 5 4 -5 -6 9 7 -9 -10 -11
leaf_value=-0.00072305620762142843 0.0060416264879891617 0.0035702430818750825 -0.015483739300554454 0.0042489213098628126 0.0016573523322454254 -0.01616125965868109 0 0.0052817123084720093 -0.015029637517323042 0
leaf_weight=121.81870306655765 3.6488110944628742 6.68278840184212 9.1614336483180541 137.07094119489193 8.2863554805517179 10.654641568660734 4.1296026334166589 2.582890845835208 19.541500713676214 2.9918036535382262
leaf_count=529 14 24 63 520 35 81 33 11 212 14
internal_value=-0.000210537 0.000560538 0.00121472 0.00189304 -0.00762414 -0.00730822 -0.00765105 -0.0101125 -0.012365 -0.0128903
internal_weight=326.569 296.667 276.337 258.89 17.4478 20.3292 29.9028 26.254 23.6711 13.6464
internal_count=1536 1266 1147 1049 98 119 270 256 245 95
is_linear=0
shrinkage=0.015


Tree=148
num_leaves=11
num_cat=0
split_feature=1 0 16 15 2 4 20 5 19 18
split_gain=7.85252 5.56244 5.66587 6.5318 5.71989 4.77731 2.94092 4.2372 2.94506 1.1611
threshold=0.54476242354889681 0.18077021805506968 0.0069380170391304822 19.620357142857177 0.036989908499794909 2.1714905847058401 1.0000000180025095e-35 1.2745461906881523 2.5000000000000004 14.500000000000002
decision_type=2 2 2 2 2 2 2 2 2 2
left_child=1 6 4 -4 -3 -2 8 -8 -1 -7
right_child=5 2 3 -5 -6 9 7 -9 -10 -11
leaf_value=0.0037132329536038351 -0.01501915061657396 -0.0092621520823872004 -0.0059253865817656829 0.0049750845195904491 0.0015954806913010182 0.0050344243344498931 0.011799744998603813 0 -0.0071932249985454718 -0.0046499678159106703
leaf_weight=17.076920360326771 10.492374360561373 9.5380817502737028 63.737720895558596 12.878432855010031 170.84855762124062 3.6213044486939898 18.309423528611664 10.520066469907759 5.7663566395640364 3.4931211471557617
leaf_count=62 128 57 343 46 725 18 49 47 33 28
internal_value=-0.000208961 0.000350106 -0.000537025 -0.00391777 0.000884983 -0.00942875 0.00475773 0.00779735 0.000300761 0
internal_weight=326.282 308.676 257.003 76.6162 180.387 17.6068 51.6728 28.8295 22.8433 7.11443
internal_count=1536 1362 1171 389 782 174 191 96 95 46
is_linear=0
shrinkage=0.015


Tree=149
num_leaves=12
num_cat=0
split_feature=3 1 16 5 7 7 16 0 6 13 1
split_gain=8.54561 7.99573 5.7202 10.7692 7.82531 5.17261 7.92217 6.35951 5.63133 2.44497 3.05872
threshold=0.22276068163009491 0.45297890677662639 0.0050880679265184513 0.9637194004567865 30.510000000000222 67.420000000000087 0.010040949100862605 0.21530686005672842 1.1789942138375553 0.37847485339339737 1.4139003964349646
decision_type=2 2 2 2 2 2 2 2 2 2 2
left_child=5 2 3 -2 -4 6 8 -8 -1 -3 -11
right_child=1 9 4 -5 -6 -7 7 -9 -10 10 -12
leaf_value=0.0044202310904350069 -0.010492653256786947 0.0013978655375973131 -0.0095770803783084314 0.0035777655120168583 -6.1642312374530299e-05 0.011605084058328876 0.0030339483969895921 -0.014752377204636815 -0.0041296781509607078 -0.015800011870090509 0.0012355899866249537
leaf_weight=96.69016870111227 12.417009990662335 1.4236867353320146 32.467527292668819 75.49495242908597 48.394741974771023 11.139836512506006 5.6181117966771117 9.2162995710968953 18.488025568425655 13.13341353088617 1.5479905903339393
leaf_count=335 73 7 199 319 248 27 17 55 88 159 9
internal_value=-0.000206986 -0.00233925 -0.00125732 0.0013178 -0.0041117 0.00252709 0.00152842 -0.00801062 0.00293676 -0.0118717 -0.0136214
internal_weight=326.032 184.879 168.774 87.912 80.8623 141.152 130.013 14.8344 115.178 16.1051 14.6814
internal_count=1536 1014 839 392 447 522 495 72 423 175 168
is_linear=0
shrinkage=0.015


Tree=150
num_leaves=13
num_cat=0
split_feature=3 0 4 1 13 7 20 3 3 13 8 0
split_gain=8.40157 6.59199 6.03396 5.7013 10.656 7.91312 5.58246 3.66162 4.10096 2.82893 2.68775 0.277087
threshold=0.57781274281276596 0.72985739750445744 0.71258907658969994 0.097901855157798437 0.42016086844987233 17.459999999999813 1.0000000180025095e-35 0.64660951437963121 0.81278797092021382 0.82744671282625593 0.83227466764239433 0.58724164033700432
decision_type=2 2 2 2 2 2 2 2 2 2 2 2
left_child=1 3 -3 4 -1 -5 9 11 -9 10 -2 -8
right_child=6 2 -4 5 -6 -7 7 8 -10 -11 -12 -13
leaf_value=-0.01047865658147081 -0.015957453012139154 0.0030402240344873 -0.016361318144104509 0.0042245909480588938 0.0060225640244688837 -0.0026991761696780847 -0.013635658475478964 0.0054968234497526185 -0.0039446445444299705 0 0.00036091200462765965 -0.00052601146342957841
leaf_weight=7.6594410240650168 13.839832924306394 4.1451894864439947 7.1317300535738468 55.57388935983181 86.114557772874832 102.13649993389845 3.4339080601930609 16.412069514393806 21.547988012433052 4.2547375932335845 1.5207451730966557 1.9421031102538107
leaf_count=39 164 17 66 200 266 480 28 66 162 28 9 11
internal_value=-0.000206474 0.000957 -0.0092811 0.00151528 0.00440576 -0.000190073 -0.00505825 -0.00166201 2.05068e-05 -0.0113665 -0.0140544 -0.0113433
internal_weight=325.713 262.761 11.2769 251.484 93.774 157.71 62.9514 43.3361 37.9601 19.6153 15.3606 5.37601
internal_count=1536 1068 83 985 305 680 468 267 228 201 173 39
is_linear=0
shrinkage=0.015


Tree=151
num_leaves=10
num_cat=0
split_feature=1 6 10 13 17 0 4 10 18
split_gain=7.53207 6.50467 6.94824 6.64176 8.57512 6.26147 4.70436 3.00967 1.13998
threshold=0.54476242354889681 1.2945415533128872 -0.0062170910561582509 0.83071354379425943 0.71814882659917034 0.40900974025975451 2.1714905847058401 0.014066109766974087 14.500000000000002
decision_type=2 2 2 2 2 2 2 2 2
left_child=1 3 -3 4 -1 -5 -2 -4 -8
right_child=6 2 7 5 -6 -7 8 -9 -10
leaf_value=-0.00015620181401817778 -0.014903055329026339 0.0038450030346769901 -0.015852806173203886 -0.00012278695833523438 0.0055568044344894499 -0.017355270968440702 0.0050336012986138016 0 -0.0045726161072894506
leaf_weight=184.05225869640708 10.301470231264831 6.5732043236494091 11.301936604082583 13.557009249925615 83.388235226273537 6.1700004562735549 3.6096113733947268 2.883610561490058 3.4696096666157246
leaf_count=837 128 23 95 63 284 48 18 12 28
internal_value=-0.000208171 0.000337072 -0.00734899 0.000965604 0.00162531 -0.00695921 -0.00929293 -0.0128335 0
internal_weight=325.307 307.926 20.7588 287.168 267.44 19.727 17.3807 14.1855 7.07922
internal_count=1536 1362 130 1232 1121 111 174 107 46
is_linear=0
shrinkage=0.015


Tree=152
num_leaves=10
num_cat=0
split_feature=1 6 10 13 17 4 13 7 18
split_gain=7.37614 6.33662 6.80943 6.49658 8.3388 4.64429 4.06634 3.00112 1.11844
threshold=0.54476242354889681 1.2945415533128872 -0.0062170910561582509 0.83071354379425943 0.71814882659917034 2.1714905847058401 0.88942490628785698 41.390000000000107 14.500000000000002
decision_type=2 2 2 2 2 2 2 2 2
left_child=1 3 -3 4 -1 -2 -5 -4 -7
right_child=5 2 7 6 -6 8 -8 -9 -10
leaf_value=-0.0001538830024920844 -0.01483350980067024 0.0038020599970551463 -0.015827338437622612 -0.012482156135059702 0.0054814703737043379 0.0049824525864155316 0 0 -0.0045340566998540964
leaf_weight=184.05342536047101 10.204628124833109 6.5703456699848202 11.10302000120282 10.490357831120493 83.294458240270615 3.6124770790338507 9.2071447968482953 3.0222265571355811 3.4636834152042866
leaf_count=837 128 23 93 67 284 18 44 14 28
internal_value=-0.000209361 0.000328922 -0.00726804 0.000949101 0.00160168 -0.00922401 -0.00689367 -0.0127153 0
internal_weight=325.022 307.741 20.6956 287.045 267.348 17.2808 19.6975 14.1252 7.07616
internal_count=1536 1362 130 1232 1121 174 111 107 46
is_linear=0
shrinkage=0.015


Tree=153
num_leaves=10
num_cat=0
split_feature=3 0 4 6 16 7 6 2 17
split_gain=8.12797 7.56776 7.45956 5.77657 5.97072 5.28988 5.12944 5.10525 4.16327
threshold=0.81278797092021382 0.72985739750445744 0.75556629966366728 1.2945415533128872 0.0076307750376172741 10.35500000000002 1.6230583376549164 0.828478033272951 -0.60152306176808756
decision_type=2 2 2 2 2 2 2 2 2
left_child=1 3 -3 4 -1 -2 -5 8 -7
right_child=5 2 -4 6 -6 7 -8 -9 -10
leaf_value=0.0030890239369472466 0.00597743913128516 0.0028243436769142031 -0.016822023287887584 -0.0097155111873141967 -0.0019885689535010247 0 0.0076548485963192281 0.0053346859684508044 -0.014893651182804175
leaf_weight=194.40748971700668 3.6489335596561459 5.5022545009851447 8.7656290382146818 16.331027321517471 67.481402799487114 4.0930231027305188 2.7512727826833716 2.5770252197980872 19.193648137152195
leaf_count=741 14 23 85 101 308 33 8 11 212
internal_value=-0.000209466 0.000536279 -0.00936881 0.00112843 0.00174709 -0.00746833 -0.00636672 -0.00992735 -0.0122013
internal_weight=324.752 295.239 14.2679 280.971 261.889 29.5126 19.0823 25.8637 23.2867
internal_count=1536 1266 108 1158 1049 270 109 256 245
is_linear=0
shrinkage=0.015


Tree=154
num_leaves=15
num_cat=0
split_feature=3 1 16 5 15 0 0 19 15 4 1 10 18 15
split_gain=8.00397 7.62673 5.4597 10.4363 6.39383 4.70976 5.3919 5.60747 5.21834 4.33714 2.26925 2.18174 2.1584 0.658154
threshold=0.22276068163009491 0.45297890677662639 0.0050880679265184513 0.9637194004567865 6.0532142857142466 0.19261427460475081 0.26816955500536971 3.5000000000000004 5.7024999999999713 1.4151224325381568 1.4139003964349646 -1.0000000180025095e-35 17.500000000000004 4.6507142857142965
decision_type=2 2 2 2 2 2 2 2 2 2 2 2 2 2
left_child=5 2 3 -2 -4 9 7 -7 -8 12 13 -11 -1 -3
right_child=1 10 4 -5 -6 6 8 -9 -10 11 -12 -13 -14 -15
leaf_value=0.011633490480682783 -0.010355387429649601 -0.0017411141080529832 -0.014300596000618195 0.0035226576117219645 -0.002107920240278699 -0.011233185121340895 0.0075484289532520678 0.0059891498955268489 -0.00011747985690081446 0.0038638239913419822 0.00066246728851964071 -0.0085013611629241956 0.00039776162218167532 -0.015222984516771509
leaf_weight=22.35509525984526 12.357343718409536 2.8874220922589275 9.9782216213643533 75.248911999166012 70.550034899264574 12.716968543827535 26.557430766522884 3.8925133794546118 60.232295490801334 4.5325817242264748 1.6459557563066489 3.815705478191374 6.4233962148427954 11.236791118979452
leaf_count=55 73 22 71 319 376 62 87 10 254 13 10 19 22 143
internal_value=-0.000207295 -0.00227739 -0.00122421 0.00129395 -0.00401954 0.00244313 0.000671024 -0.00658413 0.00226099 0.00690025 -0.0116824 -0.00161386 0.00955814 -0.0134898
internal_weight=324.431 183.905 168.135 87.6063 80.5283 140.526 103.399 16.6095 86.7897 37.1268 15.7702 8.34829 28.7785 14.1242
internal_count=1536 1014 839 392 447 522 413 72 341 109 175 32 77 165
is_linear=0
shrinkage=0.015


Tree=155
num_leaves=12
num_cat=0
split_feature=3 0 6 13 6 12 13 15 2 12 9
split_gain=7.87156 7.33053 5.60598 5.89635 5.02392 4.46688 5.10244 4.09813 5.57403 3.09508 0.734423
threshold=0.81278797092021382 0.72985739750445744 1.2945415533128872 0.83071354379425943 1.6230583376549164 0.0061675387971413817 0.46329498762218463 4.3232142857142604 0.828478033272951 0.010287568260515025 0.00021763611052752
decision_type=2 2 2 2 2 2 2 2 2 2 2
left_child=1 2 3 -1 -4 6 -3 10 9 -9 -2
right_child=7 5 4 -5 -6 -7 -8 8 -10 -11 -12
leaf_value=0.0023330770661296836 0.0056311925372461488 0.0024505392102377762 -0.0096045027313930772 -0.0064647114690855245 0.0075837314659516564 0.0046459402689189595 -0.017407680329343998 -0.014387297265070225 0.0058600301982775806 0.00241325104604302 -0.001827478872299778
leaf_weight=245.4799018651247 3.6933027058839825 2.4914558492600909 16.295209690928463 16.118927747011185 2.74942772835493 2.4170787781476966 9.2705378942191583 19.119533106684692 2.4781184867024413 1.365276739001273 2.657245822250843
leaf_count=964 15 11 101 85 8 10 87 221 10 8 16
internal_value=-0.000207118 0.000525203 0.00110761 0.0017176 -0.00628179 -0.00925059 -0.0129115 -0.00737512 -0.0101947 -0.012819 0.00192192
internal_weight=324.136 294.823 280.643 261.599 19.0446 14.1791 11.762 29.3135 22.9629 20.4848 6.35055
internal_count=1536 1266 1158 1049 109 108 98 270 239 229 31
is_linear=0
shrinkage=0.015


Tree=156
num_leaves=10
num_cat=0
split_feature=1 6 10 13 17 0 10 12 7
split_gain=7.07207 5.87405 6.64526 6.086 7.93332 6.19497 2.98931 4.2226 2.9213
threshold=0.54476242354889681 1.2945415533128872 -0.0062170910561582509 0.83071354379425943 0.71814882659917034 0.40900974025975451 -0.00016194219349084448 -0.0015925923928160055 41.390000000000107
decision_type=2 2 2 2 2 2 2 2 2
left_child=1 3 -3 4 -1 -5 7 -2 -4
right_child=6 2 8 5 -6 -7 -8 -9 -10
leaf_value=-0.00016239203787084353 -0.010872191308954865 0.0038794856037011835 -0.015542920947122143 0 0.0053416331798432481 -0.017066747651892717 -0.014566102525660634 0.0064407515425317302 0
leaf_weight=183.57227035239339 3.8044697903096676 6.5655972808599499 10.973010931164024 13.520627722144129 83.027778901159763 6.1022702679038039 8.5168396979570371 4.7137249633669871 3.0129747912287703
leaf_count=837 49 23 93 63 284 48 102 23 14
internal_value=-0.000204993 0.000319867 -0.00701728 0.000917753 0.00155083 -0.00668431 -0.00909141 -0.00117566 -0.0124472
internal_weight=323.81 306.775 20.5516 286.223 266.6 19.6229 17.035 8.51819 13.986
internal_count=1536 1362 130 1232 1121 111 174 72 107
is_linear=0
shrinkage=0.015


Tree=157
num_leaves=13
num_cat=0
split_feature=3 1 19 1 2 7 16 0 4 10 9 13
split_gain=7.66046 7.40051 5.70665 13.1779 5.16976 5.13554 7.45562 6.07234 4.48822 2.32605 4.08777 3.28569
threshold=0.22276068163009491 0.37389640883097847 1.5000000000000002 0.17370100309557254 0.58328799419658683 67.420000000000087 0.010040949100862605 0.21530686005672842 1.9364629952043309 -0.0024343488417957002 0.001332454305728293 0.42016086844987233
decision_type=2 2 2 2 2 2 2 2 2 2 2 2
left_child=5 2 4 -4 -2 6 8 -8 -1 10 -3 -11
right_child=1 9 3 -5 -6 -7 7 -9 -10 11 -12 -13
leaf_value=0.0036454465116287269 0.0039892248630184471 -0.0073368869017266013 0.00010649750101642948 -0.012138566557156861 -0.0081979421071211919 0.011452936977545137 0.0029292765937249969 -0.014467047519301302 -0.0068838876090952933 0 0.010794373924470205 -0.016153291148976848
leaf_weight=106.67034792155027 57.909165423363447 7.7558182850480097 68.186240993440151 25.174273747950792 6.7913596332073203 11.055661760270594 5.5914578139781943 9.1842617094516736 7.6607731506228438 3.6968294829130164 1.7867799848318098 12.067277532070873
leaf_count=383 241 71 309 175 51 27 17 55 40 22 5 140
internal_value=-0.000206577 -0.00223531 -0.00092441 -0.00330202 0.00239009 0.00238887 0.00139262 -0.00787244 0.00276924 -0.00948094 -0.00201007 -0.0128457
internal_weight=323.53 183.368 158.061 93.3605 64.7005 140.163 129.107 14.7757 114.331 25.3067 9.5426 15.7641
internal_count=1536 1014 776 484 292 522 495 72 423 238 76 162
is_linear=0
shrinkage=0.015


Tree=158
num_leaves=16
num_cat=0
split_feature=3 1 6 13 2 2 20 1 2 2 0 2 15 13 0
split_gain=7.52864 6.21084 6.9396 7.25826 5.73947 10.8788 5.38872 4.50385 4.42536 4.78154 4.20945 2.9098 2.3752 1.48585 1.17006
threshold=0.57781274281276596 0.058336267641931873 1.2074946218649383 0.42231231192870827 0.40847278397557979 0.20283274504347931 1.0000000180025095e-35 0.043521712614618069 0.18019467591420965 0.41612055370600992 0.45430684800765614 0.19649072826400879 6.276428571428645 0.85138342643853748 0.84009455456821491
decision_type=2 2 2 2 2 2 2 2 2 2 2 2 2 2 2
left_child=1 2 3 -1 5 -3 11 -4 14 -10 -6 12 -2 -13 -8
right_child=6 4 7 -5 10 -7 8 -9 9 -11 -12 13 -14 -15 -16
leaf_value=-0.0065152867187646601 0.0082152338001596718 0.0012865016567076228 -0.015337160425480455 0.0087484786461253915 0.0010537263097016541 -0.0075465422738725538 -0.014225633534858013 0.0038775860305715151 0.0056630123294462422 -0.0046012079520945052 0.010665243662646276 -0.015670596638501271 -0.0079611790971523908 0 0
leaf_weight=6.0503729879856101 2.0506925955414799 72.235761430114508 4.0031855925917617 49.700609475374222 63.759261675179005 51.399362381547689 4.6679181717336169 2.9838817864656448 18.892449993640184 17.673428267240524 11.001170560717581 12.652483798563479 2.1185892932116985 2.3139238804578772 1.6706998012959955
leaf_count=28 9 329 25 139 231 274 43 9 92 121 33 153 24 15 11
internal_value=-0.000206428 0.000893393 0.00493689 0.00679384 -0.000384356 -0.00238768 -0.00483613 -0.00726003 -0.00150038 0.000526182 0.00280682 -0.0111107 0 -0.0138698 -0.0114128
internal_weight=323.174 261.134 62.738 55.751 198.396 123.635 62.0402 6.98707 42.9045 36.5659 74.7604 19.1357 4.16928 14.9664 6.33862
internal_count=1536 1068 201 167 867 603 468 34 267 213 264 201 33 168 54
is_linear=0
shrinkage=0.015


Tree=159
num_leaves=12
num_cat=0
split_feature=3 0 15 1 8 7 7 2 17 5 12
split_gain=7.39032 7.04163 7.57375 8.28054 7.91689 5.86778 5.07003 4.97521 4.10934 2.92003 2.60639
threshold=0.81278797092021382 0.23560009630431292 5.9239285714286014 0.33676176237261024 0.97745980913418451 15.069999999999938 10.35500000000002 0.828478033272951 -0.60152306176808756 0.96525402112951797 0.0011551870691206558
decision_type=2 2 2 2 2 2 2 2 2 2 2
left_child=1 5 3 -3 -4 10 -2 8 -8 -7 -1
right_child=6 2 4 -5 -6 9 7 -9 -10 -11 -12
leaf_value=-0.011904014328462966 0.0059208224412709435 0.0055954280804463834 -0.0017837645679482997 -0.0047724207993095442 -0.015445137465012431 0.00059196063599145036 0.00010027234430765599 0.0053553985507939252 -0.014676224671479028 0.0083900358771273852 0.001710517056855687
leaf_weight=4.4415613487362844 3.6460608914494541 61.187187120318413 134.09907282143831 21.423013865947723 8.6254513487219793 17.496338315308094 4.0404392853379312 2.5739525109529486 18.697618030011654 42.814504809677601 3.791975162923336
leaf_count=24 14 200 659 129 55 63 33 11 212 124 12
internal_value=-0.000206487 0.000500738 -0.000759257 0.00276887 -0.00286323 0.00465329 -0.00719465 -0.0096537 -0.0119515 0.00633977 -0.00579205
internal_weight=322.837 293.879 225.335 82.6102 142.725 68.5444 28.9581 25.312 22.7381 60.3108 8.23354
internal_count=1536 1266 1043 329 714 223 270 256 245 187 36
is_linear=0
shrinkage=0.015


Tree=160
num_leaves=10
num_cat=0
split_feature=1 6 10 13 17 0 10 12 10
split_gain=6.75019 5.64502 6.45642 5.87301 7.64228 6.07489 2.97077 4.16332 2.84327
threshold=0.54476242354889681 1.2945415533128872 -0.0062170910561582509 0.83071354379425943 0.71814882659917034 0.40900974025975451 -0.00016194219349084448 -0.0015925923928160055 0.014066109766974087
decision_type=2 2 2 2 2 2 2 2 2
left_child=1 3 -3 4 -1 -5 7 -2 -4
right_child=6 2 8 5 -6 -7 -8 -9 -10
leaf_value=-0.00016601370823216067 -0.010774703501461494 0.0038182837936070317 -0.015287335419438405 0 0.0052452611008316401 -0.016906407345496147 -0.014438554699781621 0.0064687082369585787 0
leaf_weight=182.98891700431705 3.7534056454896927 6.5559853166341808 10.99651889130473 13.478285513818266 82.703520223498344 6.052776336669921 8.3613620437681657 4.7061631493270415 2.8678836971521369
leaf_count=837 49 23 95 63 284 48 102 23 12
internal_value=-0.000204541 0.000306678 -0.00690709 0.000893755 0.00151697 -0.00658927 -0.00893761 -0.00106228 -0.0122935
internal_weight=322.465 305.644 20.4204 285.223 265.692 19.5311 16.8209 8.45957 13.8644
internal_count=1536 1362 130 1232 1121 111 174 72 107
is_linear=0
shrinkage=0.015


Tree=161
num_leaves=12
num_cat=0
split_feature=3 7 16 0 6 10 9 3 18 18 7
split_gain=7.27492 4.99252 7.19103 5.85941 5.05688 4.95593 5.37829 7.78911 5.65541 4.49531 2.29113
threshold=0.22276068163009491 67.420000000000087 0.010040949100862605 0.21530686005672842 1.1789942138375553 -0.0091459149428110478 0.005825736404656179 0.43743002629924793 10.500000000000002 4.5000000000000009 76.505000000000123
decision_type=2 2 2 2 2 2 2 2 2 2 2
left_child=1 2 4 -4 -1 9 8 -8 -7 -2 -11
right_child=5 -3 3 -5 -6 6 7 -9 -10 10 -12
leaf_value=0.0041183502864971435 0.002977584157169446 0.01129271045671151 0.0028569278232425965 -0.014238276462007008 -0.0040141937249645789 -0.003720776719546617 -0.00017142980139820316 -0.017342532505019704 0.002159836880371805 -0.0181292535874727 0
leaf_weight=95.627430193126202 2.5179592519998542 10.971232928335665 5.5716653615236273 9.1735348775982839 18.307701013982296 61.028064884245396 15.038107234984638 8.9802810549736005 85.749334428459406 7.5417432747781259 1.6785785108804701
leaf_count=335 12 27 17 55 88 336 70 85 438 63 10
internal_value=-0.000206034 0.00232659 0.00134362 -0.00776104 0.00270017 -0.00218853 -0.0014227 -0.00771941 -0.000251981 -0.0109564 -0.0152826
internal_weight=322.186 139.652 128.68 14.7452 113.935 182.534 170.796 24.0184 146.777 11.7383 9.22032
internal_count=1536 522 495 72 423 1014 929 155 774 85 73
is_linear=0
shrinkage=0.015


Tree=162
num_leaves=10
num_cat=0
split_feature=3 0 4 18 3 18 7 2 17
split_gain=7.09859 6.91814 7.209 5.58212 9.7624 7.41878 4.97519 4.90392 4.06882
threshold=0.81278797092021382 0.72985739750445744 0.75556629966366728 16.500000000000004 0.41423565063073886 10.500000000000002 10.35500000000002 0.828478033272951 -0.60152306176808756
decision_type=2 2 2 2 2 2 2 2 2
left_child=1 3 -3 5 -5 -1 -2 8 -8
right_child=6 2 -4 4 -6 -7 7 -9 -10
leaf_value=-0.00022462264808409185 0.0058890247973101438 0.002860943032319401 -0.016537155392817738 0.00017785353485096035 -0.013859753712106212 0.0052468688075128812 0.00013555296829922796 0.0053352916670952868 -0.014577214307107641
leaf_weight=122.1569506265223 3.6465335264802006 5.4759404659271231 8.5154471285641176 48.268844857811928 12.100602861493824 96.677960388362408 4.0298064202070298 2.5752718225121489 18.487262826412916
leaf_count=516 14 23 85 197 96 349 33 11 212
internal_value=-0.000206223 0.000485658 -0.00906784 0.00105216 -0.00286984 0.00218426 -0.00708116 -0.00953847 -0.0118419
internal_weight=321.935 293.196 13.9914 279.204 60.3694 218.835 28.7389 25.0923 22.5171
internal_count=1536 1266 108 1158 293 865 270 256 245
is_linear=0
shrinkage=0.015


Tree=163
num_leaves=15
num_cat=0
split_feature=3 1 10 5 12 0 0 13 0 4 1 13 10 18
split_gain=6.97482 7.14103 5.08672 6.19158 4.8719 4.38014 5.36695 5.76644 4.3141 4.26476 2.19681 2.86166 2.15163 2.08189
threshold=0.22276068163009491 0.45297890677662639 -0.0091459149428110478 0.96114386095066784 0.0024602927503398768 0.19261427460475081 0.26816955500536971 0.58712495773181994 0.57410710950048849 1.4151224325381568 1.4139003964349646 0.39212427453826204 0.00023241055690655842 17.500000000000004
decision_type=2 2 2 2 2 2 2 2 2 2 2 2 2 2
left_child=5 2 4 -4 -2 9 7 -7 -8 13 11 -3 -11 -1
right_child=1 10 3 -5 -6 6 8 -9 -10 12 -12 -13 -14 -15
leaf_value=0.011344216370333093 -0.014981432240357849 0.0013578922707857938 -0.00675163138625597 0.00098081070277394053 0.0044630476071333093 -0.016324300152621922 0.0037222986559552885 0 -0.0046750902025420966 0.0036547144174990894 0.00070121877949941194 -0.015397995837356595 -0.0086399284256703096 0.00028478658650932123
leaf_weight=21.912509776651863 8.4951441437005979 1.4241930022835703 26.168386574834585 129.99072231724858 2.2389014884829512 5.9785717129707363 71.940267987549305 10.542893938720225 14.420313306152819 4.4833421632647497 1.6294284835457808 12.212445538491009 3.7861058562994003 6.3789324834942809
leaf_count=55 65 7 145 621 8 35 250 37 91 13 10 158 19 22
internal_value=-0.000204751 -0.00214861 -0.00113408 -0.000336526 -0.0102728 0.00227604 0.000567982 -0.006689 0.00216116 0.00660924 -0.0113893 -0.0132185 -0.00183036 0.00928166
internal_weight=321.602 182.159 166.893 156.159 10.734 139.443 102.882 16.5215 86.3606 36.5609 15.2661 13.6366 8.26945 28.2914
internal_count=1536 1014 839 766 73 522 413 72 341 109 175 165 32 77
is_linear=0
shrinkage=0.015


Tree=164
num_leaves=15
num_cat=0
split_feature=3 1 2 15 0 0 22 3 2 4 15 1 15 3
split_gain=6.86315 5.91296 8.91188 9.64851 6.45547 5.38697 4.92019 6.07285 5.0943 4.88978 4.76909 4.56887 4.46551 3.80932
threshold=0.57781274281276596 0.097901855157798437 0.44462045442768527 5.9825000000000417 0.52509830620636366 0.45430684800765614 1.0000000180025095e-35 0.81278797092021382 0.828478033272951 1.5614939523328257 4.2700000000000315 0.17370100309557254 16.732500000000027 0.44221734010915237
decision_type=2 2 2 2 2 2 2 2 2 2 2 2 2 2
left_child=1 4 3 -3 12 -4 8 11 10 -9 -2 -8 -1 -6
right_child=6 2 5 -5 13 -7 7 9 -10 -11 -12 -13 -14 -15
leaf_value=0.0033781960352589923 0.0012921908969024799 0.00214843702136503 0.0016641521599043256 -0.0065989648344735941 -0.013966245140322176 0.014381941283501572 0.013353004412395118 0.0030317392263409415 0.0080232229663657149 -0.013894915550969663 -0.011886518673863148 -0.0026705030148541785 0.012963302004422758 0.0024107285528968923
leaf_weight=72.088988430798054 6.0124931260943404 43.765561155974865 44.657314471900463 70.209849048405886 4.9458426237106305 7.7471122965216628 7.8689198791980761 4.8949501365423185 2.1755433082580558 6.4321158416569233 29.222092974931002 4.6742656268179417 12.783455252647398 3.7929837256669998
leaf_count=240 28 180 160 398 30 18 17 29 8 70 285 31 28 14
internal_value=-0.000204292 0.000843651 -0.000818736 -0.00319625 0.00383205 0.00414171 -0.00465501 0.00039413 -0.00792352 -0.00666012 -0.00948764 0.00732 0.00517344 -0.00703448
internal_weight=321.271 259.991 166.38 113.975 93.6113 52.4044 61.2804 23.8703 37.4101 11.3271 35.2346 12.5432 84.8724 8.73883
internal_count=1536 1068 756 578 312 178 468 147 321 99 313 48 268 44
is_linear=0
shrinkage=0.015


Tree=165
num_leaves=11
num_cat=0
split_feature=3 0 18 3 18 7 2 17 0 18
split_gain=6.71731 6.6051 5.35685 9.423 7.18646 4.84418 4.7724 4.0342 3.15157 4.26229
threshold=0.81278797092021382 0.72985739750445744 16.500000000000004 0.41423565063073886 10.500000000000002 10.35500000000002 0.828478033272951 -0.60152306176808756 0.82518583410674629 10.500000000000002
decision_type=2 2 2 2 2 2 2 2 2 2
left_child=1 2 4 -4 -1 -2 7 -7 -3 -10
right_child=5 8 3 -5 -6 6 -8 -9 9 -11
leaf_value=-0.00023558356783592822 0.0058469544927930118 -0.015628819004546247 0.00016597663409535923 -0.013665683014792505 0.0051549396805728584 0.00022958783303512296 0.0052515230280444766 -0.014440328474601199 -0.011742212271294858 0.0063217453867778755
leaf_weight=121.89396311342716 3.6443203315138843 6.0178761146962625 48.197288557887077 11.995011426508425 96.442796695977449 4.0033313110470834 2.5806835219264022 18.190253920853138 3.0293795242905617 4.8247506581246853
leaf_count=516 14 58 197 96 349 33 11 212 28 22
internal_value=-0.000198192 0.000472613 0.00102613 -0.0028206 0.00213664 -0.00692399 -0.00937916 -0.0116839 -0.00889753 -0.000853622
internal_weight=320.82 292.401 278.529 60.1923 218.337 28.4186 24.7743 22.1936 13.872 7.85413
internal_count=1536 1266 1158 293 865 270 256 245 108 50
is_linear=0
shrinkage=0.015


Tree=166
num_leaves=12
num_cat=0
split_feature=3 1 16 5 7 7 16 0 6 1 13
split_gain=6.55277 6.94169 4.95386 9.85655 7.76792 4.88852 6.96192 5.64857 4.86249 2.17304 2.82166
threshold=0.22276068163009491 0.45297890677662639 0.0050880679265184513 0.9637194004567865 30.510000000000222 67.420000000000087 0.010040949100862605 0.21530686005672842 1.1789942138375553 1.4139003964349646 0.39212427453826204
decision_type=2 2 2 2 2 2 2 2 2 2 2
left_child=5 2 3 -2 -4 6 8 -8 -1 10 -3
right_child=1 9 4 -5 -6 -7 7 -9 -10 -11 -12
leaf_value=0.0039749748448387563 -0.010049210305325115 0.001340783128387101 -0.0092570975479535564 0.0034928481345737794 0 0.011106342822084361 0.0027262638928225147 -0.014079712534074824 -0.0040051085771145032 0.00073083042401152958 -0.015296829072365124
leaf_weight=95.196643657982349 12.234691794961689 1.4238976612687082 31.937883216887712 74.557642214000225 47.655117519199848 10.880992107093332 5.539547733962535 9.1649902611970884 18.28275715559721 1.6256612613797194 12.00435898452997
leaf_count=335 73 7 199 319 248 27 17 55 88 10 158
internal_value=-0.000197837 -0.002087 -0.00108891 0.00131607 -0.00377132 0.00220845 0.00123652 -0.00773114 0.00257725 -0.0112573 -0.0131014
internal_weight=320.504 181.439 166.385 86.7923 79.593 139.065 128.184 14.7045 113.479 15.0539 13.4283
internal_count=1536 1014 839 392 447 522 495 72 423 175 165
is_linear=0
shrinkage=0.015


Tree=167
num_leaves=12
num_cat=0
split_feature=3 0 2 2 9 15 2 17 0 18 9
split_gain=6.49924 6.41656 5.16425 13.1142 10.848 3.7871 5.24111 3.11868 3.10812 4.17338 0.71754
threshold=0.81278797092021382 0.72985739750445744 0.20283274504347931 0.25540084878785568 0.0051255826028127381 4.3232142857142604 0.828478033272951 1.0464359967519024 0.82518583410674629 10.500000000000002 0.00021763611052752
decision_type=2 2 2 2 2 2 2 2 2 2 2
left_child=1 2 4 -4 -1 10 7 -7 -3 -10 -2
right_child=5 8 3 -5 -6 6 -8 -9 9 -11 -12
leaf_value=0.0068691697672754745 0.0056866636551704966 -0.01550594305798661 -0.012428571896665958 0.00088114705587820537 -0.0055103786583428731 -0.013965721422830563 0.0057818066626550216 0.0029264613084072125 -0.011629081362283035 0.0062748169616989201 -0.0016745387048618296
leaf_weight=66.804788574576378 3.6585559621453312 5.9657168537378293 16.336186971515417 176.61897793412209 18.415826220065355 18.16312679275871 2.4817510172724715 1.294655967503785 3.0050289668142796 4.819901816546917 2.6327142119407654
leaf_count=241 15 58 101 718 98 221 10 8 28 22 16
internal_value=-0.000196818 0.00046163 0.00100697 -0.000323167 0.004043 -0.00683467 -0.00965091 -0.0123242 -0.00879801 -0.000805121 0.00204078
internal_weight=320.197 291.966 278.176 192.955 85.2206 28.2308 21.9395 19.4578 13.7906 7.82493 6.29127
internal_count=1536 1266 1158 819 339 270 239 229 108 50 31
is_linear=0
shrinkage=0.015


Tree=168
num_leaves=15
num_cat=0
split_feature=3 1 6 13 20 0 16 10 1 6 10 13 5 10
split_gain=6.35185 5.79549 6.55062 7.07334 4.9834 4.83638 5.70197 4.56002 4.40977 3.83388 3.83509 2.9944 2.79248 2.65151
threshold=0.57781274281276596 0.058336267641931873 1.2074946218649383 0.42231231192870827 1.0000000180025095e-35 0.19261427460475081 0.0075895602435722131 0.0014667263139007338 0.043521712614618069 0.95908764820804138 -0.0041606728278815513 0.82744671282625593 1.9088402961825357 -0.00077949772993320782
decision_type=2 2 2 2 2 2 2 2 2 2 2 2 2 2
left_child=1 2 3 -1 11 7 -7 -3 -4 13 -11 12 -2 -6
right_child=4 5 8 -5 9 6 -8 -9 -10 10 -12 -13 -14 -15
leaf_value=-0.0065717971842443601 -0.015542888843716221 0.011579707671703241 -0.015108385866089128 0.0085122427305199897 0 0.00015162493401374907 -0.0060605627547888228 -0.00061487072199280918 0.003899234750708682 -0.008873415993600673 0.0032897733311858476 0 0.0012304728542698931 -0.014733157860352068
leaf_weight=6.0275785475969306 12.965047530829908 11.662328496575357 3.9982513487339011 49.127510264515877 3.2749603986740112 132.76361844316125 41.376897342503071 11.37008250504732 2.9744552075862885 5.0589335821568957 28.95109286159277 4.0814664214849463 1.3544851765036572 4.9339551553130132
leaf_count=28 166 27 25 139 18 579 218 43 9 43 163 28 7 43
internal_value=-0.000196761 0.000808482 0.00473627 0.00656029 -0.00450493 -0.000426614 -0.00133391 0.00569202 -0.00710235 -0.00129181 0.0008799 -0.0106601 -0.0135404 -0.00943368
internal_weight=319.921 259.301 62.1278 55.1551 60.6199 197.173 174.141 23.0324 6.97271 42.2189 34.01 18.401 14.3195 8.20892
internal_count=1536 1068 201 167 468 867 797 70 34 267 206 201 173 61
is_linear=0
shrinkage=0.015


Tree=169
num_leaves=10
num_cat=0
split_feature=1 6 10 13 17 0 10 12 7
split_gain=6.29658 5.25766 6.25696 5.4843 7.12453 5.91979 2.93035 3.99372 2.78562
threshold=0.54476242354889681 1.2945415533128872 -0.0062170910561582509 0.83071354379425943 0.80569254215971964 0.40900974025975451 -0.00016194219349084448 -0.0015925923928160055 41.390000000000107
decision_type=2 2 2 2 2 2 2 2 2
left_child=1 3 -3 4 -1 -5 7 -2 -4
right_child=6 2 8 5 -6 -7 -8 -9 -10
leaf_value=0 -0.010570524400069147 0.0038249008683042818 -0.015149115383436865 0 0.0055799320712029499 -0.016650746422401011 -0.014264170128033727 0.0064516183587948238 0
leaf_weight=195.83135753497481 3.6339987646788359 6.5362046882510212 10.666220884770153 13.347821086645128 67.859330765902996 5.9568390324711791 8.0958060547709447 4.6577070653438586 2.979193076491355
leaf_count=891 49 23 93 63 230 48 102 23 14
internal_value=-0.000197225 0.000293892 -0.00670475 0.000862861 0.00146739 -0.00640521 -0.00873471 -0.000884337 -0.0120721
internal_weight=319.564 303.177 20.1816 282.995 263.691 19.3047 16.3875 8.29171 13.6454
internal_count=1536 1362 130 1232 1121 111 174 72 107
is_linear=0
shrinkage=0.015


Tree=170
num_leaves=13
num_cat=0
split_feature=3 0 16 4 7 7 6 10 0 10 12 16
split_gain=6.21647 6.21847 6.8469 7.10447 4.66513 4.52909 4.85978 4.17305 3.81023 3.26524 3.02635 1.85936
threshold=0.81278797092021382 0.24220017256256146 0.014889570690491112 1.0472900214547567 10.35500000000002 15.069999999999938 1.0284328449129327 0.0076758036160172191 0.59383956903264801 0.0012343456514048031 0.0087106335606270697 0.0089521716964850954
decision_type=2 2 2 2 2 2 2 2 2 2 2 2
left_child=1 5 3 -3 -2 6 -1 8 -6 -7 -4 -9
right_child=4 2 10 -5 7 9 -8 11 -10 -11 -12 -13
leaf_value=-0.011814080788732839 0.0057789043254004363 0.0019182067899314033 -0.01797990095995838 -0.0036741159345487174 -0.016055516193908988 0.0091474130921994322 0.0066362904246894316 0.0060808503825857179 0 0.0017806230543533272 0 -0.0069813818092639571
leaf_weight=5.7634043097496015 3.6397235915064838 133.14617304503918 5.2621163725852949 79.987793397158384 13.554534297436481 30.931849703192711 3.2504525035619736 4.2456857226788989 4.6633091904222956 30.184412077069283 2.7945927157998085 1.8748066611587999
leaf_count=30 14 520 41 461 159 86 8 29 46 108 12 22
internal_value=-0.000198329 0.000443928 -0.000768233 -0.000160339 -0.00671945 0.00428636 -0.00448289 -0.00917018 -0.0124867 0.00579961 -0.0128738 0.00042209
internal_weight=319.299 291.321 221.191 213.134 27.9781 70.1301 9.01386 24.3383 18.2178 61.1163 8.05671 6.12049
internal_count=1536 1266 1034 981 270 232 38 256 205 194 53 51
is_linear=0
shrinkage=0.015


Tree=171
num_leaves=11
num_cat=0
split_feature=3 12 9 4 16 5 7 16 4 6
split_gain=6.08542 4.87154 7.9753 7.52246 5.85502 6.13735 4.80408 6.65494 4.7714 4.66502
threshold=0.22276068163009491 -0.0015533436103690177 0.0095798235115976214 0.88942944752489528 0.0034025014412748639 0.99431522948747275 67.420000000000087 0.0074652516962205309 0.70199201439016812 1.1789942138375553
decision_type=2 2 2 2 2 2 2 2 2 2
left_child=6 4 3 -3 -2 -6 7 9 -9 -1
right_child=1 2 -4 -5 5 -7 -8 8 -10 -11
leaf_value=0.0044962060213282404 -0.017732782404172417 0.0052099426100193132 -0.015758439567466503 -0.0022883737056205102 -0.014331753094246266 -0.00035929214914391503 0.010970854976985288 0.00086192186295703827 -0.010599600624168936 -0.0037074450857520519
leaf_weight=83.26197013258934 6.3658401332795611 45.458227422088385 5.2217110507190219 79.489011883735657 7.1765839494764796 36.788253534585238 10.797684103250502 13.848001062870027 14.073678899556397 16.488666795194149
leaf_count=287 59 160 46 475 57 217 27 51 77 80
internal_value=-0.000197314 -0.00202372 -0.000401195 0.000419681 -0.00590098 -0.00332761 0.00212498 0.00116135 -0.00498685 0.00302022
internal_weight=318.97 180.5 130.169 124.947 50.3307 43.9648 138.47 127.672 27.9217 99.7506
internal_count=1536 1014 681 635 333 274 522 495 128 367
is_linear=0
shrinkage=0.015


Tree=172
num_leaves=12
num_cat=0
split_feature=3 7 2 3 10 7 20 17 2 7 18
split_gain=5.98641 4.57634 4.6134 4.32133 6.92067 11.12 5.99696 4.01891 3.46724 2.25544 1.94176
threshold=0.81278797092021382 10.35500000000002 0.828478033272951 0.052167991532987699 -0.0097815610132113654 64.000000000000014 1.0000000180025095e-35 -0.60152306176808756 0.44462045442768527 24.279999999999976 9.5000000000000018
decision_type=2 2 2 2 2 2 2 2 2 2 2
left_child=3 -2 7 8 5 -5 -6 -3 10 -10 -1
right_child=1 2 -4 4 6 -7 -8 -9 9 -11 -12
leaf_value=-0.0066955134812642066 0.0057385235161988637 0.00049395029351267765 0.0052566360147045573 -0.018404767600707021 -0.0021204187453558805 0.0047876377983301225 0.002644701168407656 -0.014201780792910507 0.002143440139328517 0.012341177638166112 0.0028289760494817728
leaf_weight=5.1808101981878307 3.6417289227247265 3.9300331491977039 2.5760416463017455 9.431577764451502 111.34071671590209 6.0024598389863959 121.93928169459105 17.653243629261851 12.021571837365629 12.614288263022898 12.366946384310721
leaf_count=28 14 33 11 68 542 22 490 212 41 29 46
internal_value=-0.00019927 -0.00661897 -0.00906474 0.00042966 -0.000307642 -0.00944031 0.000339819 -0.0113929 0.00476368 0.00818115 0
internal_weight=318.699 27.801 24.1593 290.898 248.714 15.434 233.28 21.5833 42.1836 24.6359 17.5478
internal_count=1536 270 256 1266 1122 90 1032 245 144 70 74
is_linear=0
shrinkage=0.015


Tree=173
num_leaves=10
num_cat=0
split_feature=1 3 16 16 7 20 15 10 12
split_gain=6.11365 5.95224 5.13957 4.77644 7.15125 5.88415 4.03177 2.90155 3.91107
threshold=0.54476242354889681 0.22276068163009491 0.0026137675197714957 0.0050880679265184513 30.510000000000222 1.0000000180025095e-35 6.1567857142857596 -0.00016194219349084448 -0.0015925923928160055
decision_type=2 2 2 2 2 2 2 2 2
left_child=1 2 -1 5 -5 -3 -4 8 -2
right_child=7 3 6 4 -6 -7 -8 -9 -10
leaf_value=-0.00992171720781076 -0.01047734117305411 -0.0040046067577375749 0.0071898208510448695 -0.0093314022025984301 -0.00025338385778066061 0.0037125098655143522 0.0013420171594074304 -0.014176612197829362 0.0064158603336995556
leaf_weight=4.7113840952515593 3.5876947678625584 32.978329598903656 40.88404656201601 32.64609582722187 49.091562461107969 57.62307970225811 84.260818228125572 7.9938293416053048 4.6447408758103865
leaf_count=24 49 188 121 210 267 241 311 102 23
internal_value=-0.000195221 0.000287769 0.00271131 -0.00150549 -0.00410499 0.000796714 0.00339449 -0.00864637 -0.000822136
internal_weight=318.422 302.195 129.856 172.339 81.7377 90.6014 125.145 16.2263 8.23244
internal_count=1536 1362 456 906 477 429 432 174 72
is_linear=0
shrinkage=0.015


Tree=174
num_leaves=12
num_cat=0
split_feature=3 0 4 18 8 18 15 12 18 17 9
split_gain=5.80743 6.09354 6.92142 4.91215 9.01875 6.8148 3.59602 4.32395 1.8304 1.66086 0.702257
threshold=0.81278797092021382 0.72985739750445744 0.75556629966366728 16.500000000000004 0.069109611356184195 10.500000000000002 4.3232142857142604 0.0040860162200209169 14.500000000000002 -0.66991231340349577 0.00021763611052752
decision_type=2 2 2 2 2 2 2 2 2 2 2
left_child=1 3 -3 5 -5 -1 10 9 -9 -8 -2
right_child=6 2 -4 4 -6 -7 7 8 -10 -11 -12
leaf_value=-0.00029104223824242675 0.0056753277969225384 0.0029705269730865022 -0.016148558146350172 0.0069074798351369 -0.0060146708788736836 0.004972695015437241 0 0.0059518116636367111 -0.0070070197112789426 -0.015275126925510184 -0.0015995599955684256
leaf_weight=121.26647344976664 3.6411800533533123 5.4313683360815039 8.2031619139015657 14.016899697482584 45.781190801411867 95.820128440856934 2.7271741107106235 4.2133943550288668 1.9156242273747919 12.513152064755557 2.6192660331726074
leaf_count=516 15 23 85 43 250 349 27 25 26 161 16
internal_value=-0.000195596 0.000422574 -0.00864697 0.000954883 -0.00273879 0.00202228 -0.00653838 -0.00934376 0.000251457 -0.0132191 0.00207334
internal_weight=318.149 290.519 13.6345 276.885 59.7981 217.087 27.6298 21.3693 6.12902 15.2403 6.26045
internal_count=1536 1266 108 1158 293 865 270 239 51 188 31
is_linear=0
shrinkage=0.015


Tree=175
num_leaves=10
num_cat=0
split_feature=3 0 4 2 2 10 7 2 6
split_gain=5.68193 5.95598 6.81653 5.12589 12.6133 7.85434 4.42885 4.52531 2.88444
threshold=0.81278797092021382 0.72985739750445744 0.75556629966366728 0.20283274504347931 0.25540084878785568 0.0052591227602783444 10.35500000000002 0.828478033272951 1.1104298798973946
decision_type=2 2 2 2 2 2 2 2 2
left_child=1 3 -3 5 -5 -1 -2 8 -8
right_child=6 2 -4 4 -6 -7 7 -9 -10
leaf_value=0.0073681637013302045 0.0056465857510423394 0.0029373771447541983 -0.016052823953334919 -0.012281577491235093 0.00079664750585284371 -0.0017874018146095663 -0.015593711384982882 0.0052327077141010045 -0.0026584265202790739
leaf_weight=53.863358363509178 3.6417118459939983 5.4328345507383338 8.1407002843916398 16.26111102104187 175.6545854434371 31.007298149168491 12.485363803803926 2.5765126198530188 8.8049212321639043
leaf_count=194 14 23 85 101 718 145 147 11 98
internal_value=-0.000195045 0.000415283 -0.00856927 0.0009411 -0.000388041 0.00397272 -0.0064829 -0.00891711 -0.0112538
internal_weight=317.868 290.36 13.5735 276.786 191.916 84.8707 27.5085 23.8668 21.2903
internal_count=1536 1266 108 1158 819 339 270 256 245
is_linear=0
shrinkage=0.015


Tree=176
num_leaves=11
num_cat=0
split_feature=1 3 2 2 16 7 9 1 8 1
split_gain=5.92201 5.66047 12.6313 8.18438 6.57182 4.80065 3.26753 2.23325 4.43623 2.03407
threshold=0.54476242354889681 0.28409416618764843 0.10706784578575894 0.1539532101292759 0.0026137675197714957 57.43500000000018 -0.003426283543263946 1.0303301739629658 0.029725409584602434 0.18948265932890879
decision_type=2 2 2 2 2 2 2 2 2 2
left_child=1 4 6 -4 9 -6 -3 8 -2 -1
right_child=7 2 3 -5 5 -7 -8 -9 -10 -11
leaf_value=-0.00030426858591387255 0.0035780294415383106 0 0.00940567250365653 -0.0016713403250821126 0.0018241915661666151 0.0098830142448893665 -0.017303475354154021 0 -0.015131802864085166 -0.017360372732456532
leaf_weight=3.9479460939764968 2.0951515138149288 3.8221542574465266 15.279163915663956 110.98716754093766 135.16751056909561 18.137879580259323 11.600925419479607 3.8734518624842158 10.093436459079383 2.6188409924507141
leaf_count=15 10 20 52 618 498 49 92 30 134 18
internal_value=-0.000194459 0.000279364 -0.00186127 -0.000146709 0.00222242 0.00294093 -0.0138395 -0.00855151 -0.0113361 -0.0104467
internal_weight=317.624 301.562 141.689 126.266 159.872 153.305 15.4231 16.062 12.1886 6.56679
internal_count=1536 1362 782 670 580 547 112 174 144 33
is_linear=0
shrinkage=0.015


Tree=177
num_leaves=9
num_cat=0
split_feature=1 3 2 2 16 16 10 12
split_gain=5.78354 5.5055 4.9354 5.99194 4.92091 3.4367 2.85196 3.81135
threshold=0.54476242354889681 0.22276068163009491 0.03285426484874495 0.20283274504347931 0.0026137675197714957 0.0065014336471400829 -0.00016194219349084448 -0.0015925923928160055
decision_type=2 2 2 2 2 2 2 2
left_child=1 4 -3 -4 -1 -6 7 -2
right_child=6 2 3 -5 5 -7 -8 -9
leaf_value=-0.0097375207072998675 -0.010348187754948298 -0.013193066673414957 0.0032613734278726021 -0.0027788300907608051 0.0051973794685324795 0 -0.014014417540871914 0.0063949693973451814
leaf_weight=4.7220753878355017 3.5246755853295326 5.7976727671921244 51.424221083521843 114.60946607962251 77.114633224904537 47.703771010041237 7.8127465024590483 4.6302661895751935
leaf_count=24 49 45 227 634 250 182 102 23
internal_value=-0.000194268 0.000272776 -0.00145357 -0.000846863 0.00260703 0.00327938 -0.00847577 -0.000715911
internal_weight=317.34 301.372 171.831 166.034 129.54 124.818 15.9677 8.15494
internal_count=1536 1362 906 861 456 432 174 72
is_linear=0
shrinkage=0.015


Tree=178
num_leaves=12
num_cat=0
split_feature=6 0 3 16 10 20 3 17 17 10 0
split_gain=5.67096 6.17441 6.6679 6.17534 6.11509 3.3297 3.40875 3.23925 3.23759 2.68512 2.7528
threshold=1.2945415533128872 0.17403082514470272 1.0093979862086557 0.0076307750376172741 -0.0062170910561582509 1.0000000180025095e-35 0.28242599693878218 -0.62180831744335141 0.3023939802385372 0.014066109766974087 0.09928919026168416
decision_type=2 2 2 2 2 2 2 2 2 2 2
left_child=1 5 3 -3 -2 6 -1 -4 -7 10 -6
right_child=4 2 7 -5 9 8 -8 -9 -10 -11 -12
leaf_value=0.0038670418584895298 0.0031173129710720445 0.0014090860029383075 0.002926327614544472 -0.0040107710456852115 0.00045434910087631587 0.00079721844491842885 -0.0095015173681095872 -0.014528753788353747 0.012528967877598914 0 -0.017382268044199897
leaf_weight=14.01807537674904 6.7243552207946804 179.7532179094851 1.4702502526342858 61.941161744296551 1.2404771745204914 9.9644601345062274 3.8422858491539946 8.7816666774451715 15.948300860822199 2.9536117501556864 10.469138184562324
leaf_count=44 26 774 12 330 5 45 31 108 42 14 105
internal_value=-0.000194956 0.00034095 -0.000548685 0 -0.00732094 0.00542554 0 -0.0113443 0.00866672 -0.0123575 -0.015155
internal_weight=317.107 295.719 251.946 241.694 21.3876 43.7731 17.8604 10.2519 25.9128 14.6632 11.7096
internal_count=1536 1386 1224 1104 150 162 75 120 87 124 110
is_linear=0
shrinkage=0.015


Tree=179
num_leaves=11
num_cat=0
split_feature=1 3 2 2 2 2 8 9 10 12
split_gain=5.65931 5.2866 12.3929 7.82413 4.79529 10.6977 5.38838 3.19288 2.80623 3.74068
threshold=0.54476242354889681 0.28409416618764843 0.10706784578575894 0.1539532101292759 0.19971390892108393 0.37766439909295485 0.97745980913418451 -0.003426283543263946 -0.00016194219349084448 -0.0015925923928160055
decision_type=2 2 2 2 2 2 2 2 2 2
left_child=1 4 7 -4 6 -6 -1 -3 9 -2
right_child=8 2 3 -5 5 -7 -8 -9 -10 -11
leaf_value=0.0075678663028900875 -0.010285240351090401 0 0.0092399464388280613 -0.0015984190892598549 -0.0080753507686794034 0.0028930990229167892 -0.0047740097144329408 -0.017136808046341361 -0.01393542192423106 0.006323462499820731
leaf_weight=47.275908470153809 3.4965532496571541 3.8205086290836325 15.259832657873629 110.81384565681219 24.358938381075859 80.593659572303295 7.2975113689899436 11.521091524511574 7.7313735783100119 4.6315229609608632
leaf_count=154 49 20 52 618 119 273 34 92 102 23
internal_value=-0.000192664 0.000268331 -0.00180129 -0.000104189 0.00214901 0.000173852 0.00567452 -0.0136947 -0.00841067 -0.000700941
internal_weight=316.801 300.941 141.415 126.074 159.526 104.953 54.5734 15.3416 15.8594 8.12808
internal_count=1536 1362 782 670 580 392 188 112 174 72
is_linear=0
shrinkage=0.015


Tree=180
num_leaves=12
num_cat=0
split_feature=1 13 10 9 20 14 13 18 3 7 13
split_gain=5.60492 7.47448 6.03624 7.24292 7.58612 5.7852 5.13455 4.93592 4.90566 2.39346 0.488552
threshold=0.097901855157798437 0.42016086844987233 -0.0093223085917822617 -0.0069913343968608351 1.0000000180025095e-35 1.0000000180025095e-35 0.64588885201918389 11.500000000000002 0.31848721126590762 16.670000000000304 0.84964782851047216
decision_type=2 2 2 2 2 2 2 2 2 2 2
left_child=1 7 6 -4 -5 9 -2 -1 -7 -3 -8
right_child=2 5 3 4 -6 8 10 -9 -10 -11 -12
leaf_value=-0.01599006754378228 0 0.011670891893038382 0.010830158892623384 -0.0053333394589821798 0.00082809504719715877 0.0038050768945050231 -0.018808761321398398 0.0012167629721942504 -0.0053244640988331267 0.004031000143208785 -0.0018054350905083198
leaf_weight=5.6982911080121976 5.3805100284516802 18.407082889229059 9.0351909287273866 72.573324231430888 108.05869426950812 31.407095283269882 6.6152841337025148 5.3856397680938244 19.879017792642117 32.131216656416655 1.9661972746253011
leaf_count=40 24 51 28 444 521 104 56 21 118 116 13
internal_value=-0.000193392 0.00243468 -0.00169658 -0.000897769 -0.00163764 0.00379366 -0.0106061 -0.00814813 5.85992e-05 0.00729471 -0.0166993
internal_weight=316.538 112.908 203.629 189.667 180.632 101.824 13.962 11.0839 51.2861 50.5383 8.58148
internal_count=1536 450 1086 993 965 389 93 61 222 167 69
is_linear=0
shrinkage=0.015


Tree=181
num_leaves=9
num_cat=0
split_feature=1 3 4 16 2 2 4 18
split_gain=5.54041 5.14706 6.6553 4.96937 4.79502 5.7048 4.28851 1.01871
threshold=0.54476242354889681 0.22276068163009491 1.9443388766105203 0.0023905703462532902 0.03285426484874495 0.20283274504347931 2.1714905847058401 14.500000000000002
decision_type=2 2 2 2 2 2 2 2
left_child=1 2 3 -1 -3 -6 -2 -8
right_child=6 4 -4 -5 5 -7 7 -9
leaf_value=-0.01156684633164975 -0.014126781865617779 -0.013016624567982958 -0.012290157726919331 0.0038661910468724167 0.0032025943485521637 -0.0026969066560492095 0.0052112491583301505 -0.0039271700270727657
leaf_weight=2.7535605803132048 9.0339979156851751 5.7443434558808795 4.3705234080553046 122.01766885071993 51.321656074374914 114.33921469375491 3.4466673359274855 3.2712850719690323
leaf_count=16 128 45 24 416 227 634 18 28
internal_value=-0.000190978 0.000264104 0.00252549 0.00328933 -0.00140592 -0.00080811 -0.00834794 2.09577e-05
internal_weight=316.299 300.547 129.142 124.771 171.405 165.661 15.752 6.71795
internal_count=1536 1362 456 432 906 861 174 46
is_linear=0
shrinkage=0.015


Tree=182
num_leaves=12
num_cat=0
split_feature=6 4 2 19 10 16 13 1 6 7 13
split_gain=5.55063 6.12143 6.73641 6.56997 5.91442 5.14314 6.33617 5.26219 2.80153 2.63923 1.40189
threshold=1.2945415533128872 0.93750610133090251 0.063109416814615585 2.5000000000000004 -0.0062170910561582509 0.014889570690491112 0.53192960440854475 0.05206463966273675 1.1439055687101307 41.390000000000107 0.47167648989912414
decision_type=2 2 2 2 2 2 2 2 2 2 2
left_child=1 5 8 -4 -2 6 -1 -7 -3 10 -6
right_child=4 2 3 -5 9 7 -8 -9 -10 -11 -12
leaf_value=-0.0027843596535597091 0.0029995837679424489 -0.016902004863203406 0.0017217249734453675 -0.0045653923144641168 0 0.0026239364141100521 0.0052750179609797757 -0.017226856520028203 0 0 -0.017161329474441434
leaf_weight=25.339976735413074 6.704022619873288 6.7005537152290326 94.03609037771821 58.612002708017826 1.9575474262237538 4.2561381906270972 99.020213484764099 3.7368651032447815 3.1187213473021984 3.0693164095282546 9.506629725918172
leaf_count=105 26 62 474 349 11 15 335 27 19 16 97
internal_value=-0.000193261 0.000336561 -0.00157751 -0.000671653 -0.00726698 0.00273046 0.00355538 -0.00749649 -0.0125286 -0.0122464 -0.0151085
internal_weight=316.058 294.821 162.467 152.648 21.2375 132.353 124.36 7.993 9.81928 14.5335 11.4642
internal_count=1536 1386 904 823 150 482 440 42 81 124 108
is_linear=0
shrinkage=0.015


Tree=183
num_leaves=12
num_cat=0
split_feature=6 4 2 16 10 16 1 16 6 7 0
split_gain=5.42145 5.94385 6.61309 6.3761 5.8096 5.02593 5.17068 4.93814 2.75956 2.60197 3.23164
threshold=1.2945415533128872 0.93750610133090251 0.063109416814615585 0.0054355189915294422 -0.0062170910561582509 0.014889570690491112 0.05206463966273675 0.011973908484022607 1.1439055687101307 41.390000000000107 0.081248898678399697
decision_type=2 2 2 2 2 2 2 2 2 2 2
left_child=1 5 8 -4 -2 7 -7 -1 -3 10 -6
right_child=4 2 3 -5 9 6 -8 -9 -10 -11 -12
leaf_value=0.002328578906845645 0.0029656220983709891 -0.0167879027831715 0.0017551833124458116 -0.0044060616191515436 0.001887501682818031 0.0025983921372527419 -0.017079042094368391 0.012096167449210389 0 0 -0.017415194665806617
leaf_weight=112.30994141101837 6.7020024396479156 6.6588120087981206 92.188229495659471 60.437399135902524 1.0868684723973263 4.2531944289803496 3.7300291880965233 11.955439932644365 3.1187213473021984 3.0693164095282546 10.306000767275689
leaf_count=409 26 62 445 378 4 15 27 31 19 16 104
internal_value=-0.000195171 0.000327662 -0.00155818 -0.000661504 -0.00719775 0.00268809 -0.00742397 0.00350442 -0.0124292 -0.0121513 -0.0150069
internal_weight=315.816 294.652 162.403 152.626 21.1642 132.249 7.98322 124.265 9.77753 14.4622 11.3929
internal_count=1536 1386 904 823 150 482 42 440 81 124 108
is_linear=0
shrinkage=0.015


Tree=184
num_leaves=13
num_cat=0
split_feature=1 10 9 20 0 2 0 4 4 15 4 17
split_gain=5.3722 5.89027 6.97747 7.33395 5.25229 5.93553 4.88732 4.33896 7.0553 4.18293 4.76174 3.55496
threshold=0.097901855157798437 -0.0093223085917822617 -0.0069913343968608351 1.0000000180025095e-35 0.52260155797035646 0.34286715624224134 0.36187794904056192 0.63827691863290503 2.292209650527171 6.1671428571428848 0.99913470064934518 0.53789664133794923
decision_type=2 2 2 2 2 2 2 2 2 2 2 2
left_child=4 7 -3 -4 5 11 -7 -2 -9 -6 -11 -1
right_child=1 2 3 -5 9 6 -8 8 -10 10 -12 -13
leaf_value=0.012190752369411216 0.0019240229638281098 0.010647627563411401 -0.005247828549482832 0.00081848896130400648 0.0028132825887471264 0.0020910550975922464 -0.010642571152059473 -0.019621788553809506 0.0055811482835670676 -0.018041734879236635 0.0015231310391757209 0.0025778933482203405
leaf_weight=20.457324903458357 3.3203202039003363 9.0045062340795976 72.299911493435502 107.85994284600019 6.0712144151329985 51.631416980177164 5.7139102146029463 8.8470594249665719 1.7352009937167157 5.4055104367434961 2.9916007183492184 20.234012357890606
leaf_count=52 11 28 444 521 25 202 42 76 6 41 17 71
internal_value=-0.000194405 -0.00166813 -0.000877895 -0.0016057 0.00238278 0.00368504 0.000379986 -0.0104861 -0.0146629 -0.00536173 -0.0113979 0.00793108
internal_weight=315.572 203.067 189.164 180.16 112.505 98.0367 57.3453 13.9026 10.5823 14.4683 8.39711 40.6913
internal_count=1536 1086 993 965 450 367 244 93 82 83 58 123
is_linear=0
shrinkage=0.015


Tree=185
num_leaves=9
num_cat=0
split_feature=1 3 4 16 2 2 4 18
split_gain=5.35309 4.89452 6.4569 4.85268 4.56803 5.52808 4.21138 0.993035
threshold=0.54476242354889681 0.22276068163009491 1.9443388766105203 0.0023905703462532902 0.03285426484874495 0.20283274504347931 2.1714905847058401 14.500000000000002
decision_type=2 2 2 2 2 2 2 2
left_child=1 2 3 -1 -3 -6 -2 -8
right_child=6 4 -4 -5 5 -7 7 -9
leaf_value=-0.011446636674158748 -0.014028141526450526 -0.012764956492118342 -0.01211155265514737 0.0037934248031424212 0.0031604155452375406 -0.002653011570866004 0.0051589411631846804 -0.0038667055627331914
leaf_weight=2.7586506828665724 8.8943269196897727 5.6708994507789603 4.3812269121408454 121.64361915737391 51.205313205718994 114.08432682603598 3.4422517456114283 3.2567788995802402
leaf_count=16 128 45 24 416 227 634 18 28
internal_value=-0.000190783 0.000255298 0.00246419 0.00322037 -0.00137454 -0.000790976 -0.00824614 2.87205e-05
internal_weight=315.337 299.744 128.783 124.402 170.961 165.29 15.5934 6.69903
internal_count=1536 1362 456 432 906 861 174 46
is_linear=0
shrinkage=0.015


Tree=186
num_leaves=12
num_cat=0
split_feature=0 3 7 18 16 20 3 12 17 7 9
split_gain=5.1586 6.62344 5.33544 9.95604 9.20113 4.1242 6.50145 2.98538 2.87102 2.55968 2.22933
threshold=0.17403082514470272 1.0093979862086557 15.805000000000065 10.500000000000002 0.0033739473533374201 1.0000000180025095e-35 0.40295681401127631 -0.0014147638938105664 -0.62180831744335141 30.149999999999867 -0.0035976659498789102
decision_type=2 2 2 2 2 2 2 2 2 2 2
left_child=5 2 3 -2 -4 6 9 -7 -3 -1 -9
right_child=1 8 4 -5 -6 7 -8 10 -10 -11 -12
leaf_value=-0.0014930565285233039 -0.0021334226168311311 0.0015598771900609775 -0.012457699712302185 0.0088692759020178296 -0.00071583924571939645 -0.0020590037251539579 -0.014513111931952684 -0.0044644681059761862 -0.014515907034218144 0.0089197872857249352 0.011047806359037857
leaf_weight=8.2478658407926613 37.008809331804514 1.7313576918095339 14.700304808095096 32.403588924556971 173.95553397014737 3.7069648653268841 3.8326190151274195 0.51147592067719116 9.1671393848955613 7.9660600274801245 21.867251671850678
leaf_count=32 171 17 96 116 837 21 38 4 119 20 65
internal_value=-0.000193027 -0.0010181 -0.000459843 0.00300246 -0.0017912 0.00430403 -0.000501437 0.00803675 -0.0115347 0.00362879 0.0100484
internal_weight=315.099 268.967 258.068 69.4124 188.656 46.1322 20.0465 26.0857 10.8985 16.2139 22.3787
internal_count=1536 1356 1220 287 933 180 90 90 136 52 69
is_linear=0
shrinkage=0.015


Tree=187
num_leaves=10
num_cat=0
split_feature=1 3 4 16 9 12 4 3 16
split_gain=5.2252 4.70429 6.32237 4.75096 4.57261 7.41384 4.16571 0.827043 1.23043
threshold=0.54476242354889681 0.22276068163009491 1.9443388766105203 0.0023905703462532902 0.0095798235115976214 0.005432698228170608 2.1714905847058401 0.2109701840734016 0.0064517442636885932
decision_type=2 2 2 2 2 2 2 2 2
left_child=1 2 3 -1 5 -3 -2 -8 -9
right_child=6 4 -4 -5 -6 -7 7 8 -10
leaf_value=-0.011337946812244318 -0.013962927091167379 -0.0021898031639090119 -0.011999808929493726 0.0037340753042088516 -0.012828048869846165 0.0062751076289781675 0.0049529403931691659 -0.0084421758483619169 0.0031943951422591511
leaf_weight=2.761700987815856 8.8046319372951967 139.55329412221909 4.3862618654966345 121.42312302440405 5.5655967369675627 25.65068980678916 3.2012579888105384 2.2402001246809964 1.2485282793641088
leaf_count=16 128 754 24 416 44 108 11 26 9
internal_value=-0.000193436 0.000246348 0.00241439 0.00316507 -0.0013516 -0.00077129 -0.00817521 3.93658e-05 -0.00326477
internal_weight=314.835 299.341 128.571 124.185 170.77 165.204 15.4946 6.68999 3.48873
internal_count=1536 1362 456 432 906 862 174 46 35
is_linear=0
shrinkage=0.015


Tree=188
num_leaves=12
num_cat=0
split_feature=6 10 4 2 16 16 13 1 6 10 13
split_gain=5.28059 5.63008 5.55303 6.41498 6.20361 4.90435 6.18032 5.00725 2.7021 2.55224 1.34485
threshold=1.2945415533128872 -0.0062170910561582509 0.93750610133090251 0.063109416814615585 0.0054355189915294422 0.014889570690491112 0.53192960440854475 0.05206463966273675 1.1439055687101307 0.014066109766974087 0.47167648989912414
decision_type=2 2 2 2 2 2 2 2 2 2 2
left_child=2 -2 5 8 -5 6 -1 -7 -4 10 -3
right_child=1 9 3 4 -6 7 -8 -9 -10 -11 -12
leaf_value=-0.0028495328865341457 0.0028737390309966984 0 -0.016598233364530215 0.001763570144805688 -0.0043254415755244 0.0024923606031475101 0.0051194793435709318 -0.016900320612236047 0 0 -0.016829911152264478
leaf_weight=25.274892039597034 6.6783254481852081 1.9416874684393395 6.5760652013123018 91.912914283573627 60.1780841704458 4.2258343622088423 98.606222383677959 3.7159318849444389 3.1029237806797028 2.9355483502149573 9.4449878800660354
leaf_count=105 26 11 62 445 378 15 335 27 19 14 99
internal_value=-0.000195095 -0.0071316 0.000320593 -0.00150505 -0.000621877 0.00260603 0.00341458 -0.00740151 -0.0122576 -0.012037 -0.0148175
internal_weight=314.593 21.0005 293.593 161.77 152.091 131.823 123.881 7.94177 9.67899 14.3222 11.3867
internal_count=1536 150 1386 904 823 482 440 42 81 124 110
is_linear=0
shrinkage=0.015


Tree=189
num_leaves=12
num_cat=0
split_feature=6 0 4 10 10 10 20 3 17 10 0
split_gain=5.1575 5.65027 6.95431 7.18779 5.53118 5.51601 3.24233 3.12107 3.10721 2.51767 3.12441
threshold=1.2945415533128872 0.17403082514470272 1.0472900214547567 0.0040968113397053486 -0.0062170910561582509 -0.01080057684656412 1.0000000180025095e-35 0.28242599693878218 0.3023939802385372 0.014066109766974087 0.081248898678399697
decision_type=2 2 2 2 2 2 2 2 2 2 2
left_child=1 6 5 -4 -2 -3 7 -1 -8 10 -6
right_child=4 2 3 -5 9 -7 8 -9 -10 -11 -12
leaf_value=0.0035961351547417219 0.0028412354734858049 -0.0090877113212257023 -0.00066247840911561452 -0.009097780644937976 0.0018515168952135095 0.0023754550990403964 0.00071540974444749038 -0.0092673471831291997 0.012257749841819319 0 -0.017101085065695944
leaf_weight=13.83547303825617 6.6762994378805187 7.9757524207234374 73.933771433308721 32.573898943141103 1.0813930854201306 135.75301159545779 9.9186560474336165 3.7921638563275328 15.633785285055636 2.9355483502149573 10.232388220727442
leaf_count=44 26 47 427 242 4 508 45 31 42 14 106
internal_value=-0.000196871 0.000311983 -0.000538308 -0.00343156 -0.00706386 0.00157189 0.00521127 0 0.00842674 -0.0119448 -0.0147202
internal_weight=314.342 293.417 250.236 106.508 20.9256 143.729 43.1801 17.6276 25.5524 14.2493 11.3138
internal_count=1536 1386 1224 669 150 555 162 75 87 124 110
is_linear=0
shrinkage=0.015


Tree=190
num_leaves=10
num_cat=0
split_feature=1 6 0 4 6 0 4 20 12
split_gain=5.04233 4.50225 4.64373 5.10613 4.21909 4.37765 4.1091 3.21862 0.80982
threshold=0.54476242354889681 1.2945415533128872 0.17403082514470272 1.0472900214547567 1.6230583376549164 0.21993441451073223 2.1714905847058401 1.0000000180025095e-35 6.6483929935357025e-05
decision_type=2 2 2 2 2 2 2 2 2
left_child=1 2 7 -4 5 -3 -2 -1 -8
right_child=6 4 3 -5 -6 -7 8 -9 -10
leaf_value=0 -0.013869923244596474 0.0012274960155905332 0.00170117298366083 -0.0027659312717274029 0.0061184161624020543 -0.013708426254126159 -0.00391586970345095 0.0083969388571210474 0.0042906719367943507
leaf_weight=17.595009729266167 8.6793695241212827 4.7591643482446733 142.55386038124561 93.556197300553322 2.9295834787189952 11.862375691533087 2.5866505168378344 25.410838253796101 4.0794868841767311
leaf_count=75 128 20 542 529 11 99 21 86 25
internal_value=-0.000195388 0.000235319 0.00076419 -4.57383e-05 -0.00633718 -0.00935661 -0.00807112 0.00518192 7.20457e-05
internal_weight=314.013 298.667 279.116 236.11 19.5511 16.6215 15.3455 43.0058 6.66614
internal_count=1536 1362 1232 1071 130 119 174 161 46
is_linear=0
shrinkage=0.015


Tree=191
num_leaves=8
num_cat=0
split_feature=1 4 5 5 5 10 18
split_gain=4.94458 4.05533 3.98792 5.03675 7.0193 6.97952 0.963997
threshold=0.54476242354889681 2.1714905847058401 0.3710928666518219 0.70985945788541116 0.96114386095066784 0.0021656055332962974 14.500000000000002
decision_type=2 2 2 2 2 2 2
left_child=2 -2 -1 5 -5 -4 -3
right_child=1 6 3 4 -6 -7 -8
leaf_value=-0.012519322255048315 -0.013808034284285217 0.0051123709571541803 0.013839776649318351 -0.0050502154248863737 0.0010687158655116303 -0.0024901821516420423 -0.003782205902052551
leaf_weight=3.3788234516978255 8.5970818586647493 3.4371161572635165 12.15611330419779 49.769786957651377 225.13672690466046 8.0380442291498166 3.2305545099079609
leaf_count=21 128 18 29 244 1030 38 28
internal_value=-0.000192984 -0.0080112 0.000232554 0.000487097 -4.04611e-05 0.00736324 5.92455e-05
internal_weight=313.744 15.2648 298.479 295.101 274.907 20.1942 6.66767
internal_count=1536 174 1362 1341 1274 67 46
is_linear=0
shrinkage=0.015


Tree=192
num_leaves=12
num_cat=0
split_feature=1 13 6 5 10 9 20 6 13 1 13
split_gain=4.939 7.12823 5.92117 6.98077 5.67869 6.70328 6.95359 5.36946 5.03264 3.54626 0.47084
threshold=0.097901855157798437 0.42016086844987233 1.1347362195368607 0.59062887780879703 -0.0093223085917822617 -0.0069913343968608351 1.0000000180025095e-35 1.0007813258987441 0.64588885201918389 0.043521712614618069 0.84964782851047216
decision_type=2 2 2 2 2 2 2 2 2 2 2
left_child=1 7 3 -3 8 -6 -7 -1 -2 -4 -10
right_child=4 2 9 -5 5 6 -8 -9 10 -11 -12
leaf_value=-0.016179922283707619 0.00013549227364557725 -0.0084522794773532525 -0.010899077896647692 0.006542625101835709 0.010490232765257013 -0.0051100069010799314 0.00081406659683789877 0.0018015282162392374 -0.01847431084041434 0.0013407197847033932 -0.0016721553228275954
leaf_weight=5.7618669010698778 5.3617795333266249 5.5269382745027533 6.9194029457867172 78.192721381783485 8.9532939717173559 71.775920610874891 107.34394218400121 5.2534185498952866 6.502324862405656 10.121819887310265 1.9337871633470056
leaf_count=40 24 30 42 272 28 444 521 21 56 45 13
internal_value=-0.000192189 0.00228581 0.00362579 0.0052911 -0.00161001 -0.000831678 -0.0015486 -0.00806891 -0.010296 -0.00385801 -0.0164
internal_weight=313.647 111.776 100.761 83.7197 201.871 188.073 179.12 11.0153 13.7979 17.0412 8.43611
internal_count=1536 450 389 302 1086 993 965 61 93 87 69
is_linear=0
shrinkage=0.015


Tree=193
num_leaves=12
num_cat=0
split_feature=3 0 4 10 2 10 15 10 12 13 2
split_gain=4.90501 5.17295 6.42246 4.79499 5.86697 5.60248 3.35288 4.81401 3.62766 3.503 2.5873
threshold=0.81278797092021382 0.72985739750445744 0.75556629966366728 0.016127776390869403 0.20283274504347931 0.01842065615940329 4.3232142857142604 0.0076758036160172191 -0.0006356197925994066 0.39212427453826204 0.63454764958509957
decision_type=2 2 2 2 2 2 2 2 2 2 2
left_child=1 3 -3 4 -1 -5 8 9 -2 -8 -9
right_child=6 2 -4 5 -6 -7 7 10 -10 -11 -12
leaf_value=0.0047147574061977646 0.0094529450045026612 0.0029520453258038292 -0.015639537650500343 -0.016792647260628419 -9.8287471481851082e-05 0.00013576029068005136 0.0023159600766926251 -0.0071703895393387795 -0.008648705143281147 -0.015463523184617784 0.0082416871696929517
leaf_weight=79.42717906460166 4.2624149173498154 5.3828153237700445 7.7281537652015686 5.2790490686893454 179.97449896857142 8.9100205227732641 1.5771626159548784 2.0513220466673365 1.9380620941519762 13.179191071540115 3.7147284410893917
leaf_count=312 15 23 85 40 768 38 13 29 16 176 21
internal_value=-0.000192851 0.000372082 -0.00812982 0.000862766 0.00137154 -0.00699567 -0.00611884 -0.00891955 0.00215099 -0.013066 0.00135841
internal_weight=313.425 286.702 13.111 273.591 259.402 14.1891 26.7229 20.5224 6.20048 14.7564 5.76605
internal_count=1536 1266 108 1158 1080 78 270 239 31 189 50
is_linear=0
shrinkage=0.015


Tree=194
num_leaves=15
num_cat=0
split_feature=0 17 17 9 15 16 7 0 0 15 6 0 15 4
split_gain=4.82445 6.19186 9.81794 9.08689 8.02054 5.0823 7.58244 5.13541 4.21106 4.18076 3.15574 2.81035 2.17346 0.326946
threshold=0.393794782917188 0.93887916895468615 0.85451350443818119 0.0033711032546792081 6.0714285714285561 0.0032369708302672942 15.689999999999829 0.37113850096551559 0.64342085696683726 4.5814285714285958 1.0139854981978742 0.18516581434991541 7.42607142857144 0.63318444342361424
decision_type=2 2 2 2 2 2 2 2 2 2 2 2 2 2
left_child=5 2 4 -3 -2 6 10 9 -5 -7 -1 -8 -9 -4
right_child=1 3 13 8 -6 7 11 12 -10 -11 -12 -13 -14 -15
leaf_value=-0.004609387854663095 0.0021420760185524371 0.0062873583365230107 0.0010941327491568275 -0.020417413117251877 -0.0056368352670569501 0.0090525771259047823 0 0.00088405558344200686 -0.00021384854558492125 0.0004314454285970246 0.0071383158846301097 -0.019931338166642446 0.013986740440156997 0.013012630326247339
leaf_weight=7.9932788684964242 49.065668769180775 3.9843110181391266 2.4967163354158393 9.3994047455489618 67.433451304212213 12.593111477792261 2.0890337601304045 5.8153477087616912 3.9308100603520861 116.71244664862752 8.1551168039441091 5.2021665386855602 9.9845437705516797 8.3496996127068979
leaf_count=36 235 13 9 77 442 38 9 25 28 508 26 43 23 24
internal_value=-0.000193237 -0.00220776 -0.000926986 -0.010168 -0.00231646 0.00149744 -0.00461783 0.00258561 -0.0157542 0.00145328 0.00104293 -0.0154881 0.0102267 0.0114504
internal_weight=313.205 144.66 127.346 17.3145 116.499 168.545 23.4396 145.105 13.3302 129.306 16.1484 7.2912 15.7999 10.8464
internal_count=1536 828 710 118 677 708 114 594 105 546 62 52 48 33
is_linear=0
shrinkage=0.015


Tree=195
num_leaves=12
num_cat=0
split_feature=6 10 0 4 13 10 20 17 7 7 0
split_gain=4.78922 5.35551 5.26833 6.51094 8.0226 5.27843 3.06163 3.08354 2.78906 2.5124 3.06864
threshold=1.2945415533128872 -0.0062170910561582509 0.17403082514470272 1.0472900214547567 0.60525750567854575 -0.01080057684656412 1.0000000180025095e-35 0.3023939802385372 26.805000000000067 41.390000000000107 0.081248898678399697
decision_type=2 2 2 2 2 2 2 2 2 2 2
left_child=2 -2 6 5 -5 -4 8 -8 -1 10 -3
right_child=1 9 3 4 -6 -7 7 -9 -10 -11 -12
leaf_value=-0.0060755200534246953 0.0028711383628394456 0.0018191795156213264 -0.0089161137138145403 0.00014463285926347291 -0.0079772834274787346 0.002310227994952748 0.00054571835427141065 0.012026979603187434 0.0048162533499490554 0 -0.016984796162498449
leaf_weight=7.2765768691897419 6.6638174057006863 1.0785090252757061 7.9497322961688033 60.885578196495771 45.13985587656498 135.42928225919604 9.8762593753635901 15.443398438394068 10.29171137139201 3.0314773730933657 9.9289255253970605
leaf_count=37 26 4 47 323 346 508 45 42 38 16 104
internal_value=-0.00018841 -0.00684006 0.000300517 -0.000519771 -0.00332748 0.00152209 0.0050484 0.0081909 0 -0.0117005 -0.0145694
internal_weight=312.995 20.7027 292.292 249.404 106.025 143.379 42.8879 25.3197 17.5683 14.0389 11.0074
internal_count=1536 150 1386 1224 669 555 162 87 75 124 108
is_linear=0
shrinkage=0.015


Tree=196
num_leaves=10
num_cat=0
split_feature=1 6 10 13 17 0 4 10 12
split_gain=4.70493 4.16791 5.1291 5.03401 6.09325 5.64763 4.01436 2.44714 0.806817
threshold=0.54476242354889681 1.2945415533128872 -0.0062170910561582509 0.83071354379425943 0.80569254215971964 0.40900974025975451 2.1714905847058401 0.014066109766974087 -1.0000000180025095e-35
decision_type=2 2 2 2 2 2 2 2 2
left_child=1 3 -3 4 -1 -5 -2 -4 -8
right_child=6 2 7 5 -6 -7 8 -9 -10
leaf_value=-6.4486976013892437e-06 -0.013696672166920408 0.0033452574839203078 -0.014116401126950371 0 0.0051586378886523954 -0.016388569273724642 -0.0038423329090991258 0 0.0043396723611358028
leaf_weight=192.63497731089592 8.4318442568182927 6.4502996392548111 10.099987484514712 13.107510365545751 66.693891856819391 5.8130708262324324 2.5713904090225697 2.8193098008632651 4.0653264336287966
leaf_count=891 128 23 95 63 230 48 21 12 25
internal_value=-0.000185736 0.000227542 -0.00612276 0.000736904 0.00132252 -0.00629021 -0.007858 -0.0111674 0.00014551
internal_weight=312.688 297.619 19.3696 278.249 259.329 18.9206 15.0686 12.9193 6.63672
internal_count=1536 1362 130 1232 1121 111 174 107 46
is_linear=0
shrinkage=0.015


Tree=197
num_leaves=13
num_cat=0
split_feature=1 10 9 6 0 2 0 4 4 15 4 17
split_gain=4.67928 5.48147 6.50774 6.07747 4.87155 5.85038 4.55357 4.13776 6.90392 4.02285 4.70856 3.59726
threshold=0.097901855157798437 -0.0093223085917822617 -0.0069913343968608351 1.3229643394197164 0.52260155797035646 0.34286715624224134 0.36187794904056192 0.63827691863290503 2.292209650527171 6.1671428571428848 0.99913470064934518 0.53789664133794923
decision_type=2 2 2 2 2 2 2 2 2 2 2 2
left_child=4 7 -3 -4 5 11 -7 -2 -9 -6 -11 -1
right_child=1 2 3 -5 9 6 -8 8 -10 10 -12 -13
leaf_value=0.012007322834695487 0.0019218718630862972 0.010362989910651956 -0.00078405378559404538 -0.012840708351977615 0.0027685945981377352 0.0018754077389464571 -0.010486476897493328 -0.019263143516797858 0.00565125696865136 -0.017835021838743685 0.0016412171723361917 0.0023459732871396171
leaf_weight=20.27425004914403 3.316210910677909 8.9286089427769166 170.31505420990288 8.1556536369025689 6.0340725295245639 51.073412399739027 5.6414216943085185 8.6641936320811492 1.7311298400163639 5.355783671140669 2.9635775871574879 19.985871508717537
leaf_count=52 11 28 885 80 25 202 42 76 6 41 17 71
internal_value=-0.000186829 -0.00156998 -0.000803894 -0.00151277 0.00222922 0.00349518 0.00020272 -0.0101278 -0.0142667 -0.00524668 -0.0111968 0.00772673
internal_weight=312.439 201.111 187.399 178.471 111.328 96.975 56.7148 13.7115 10.3953 14.3534 8.31936 40.2601
internal_count=1536 1086 993 965 450 367 244 93 82 83 58 123
is_linear=0
shrinkage=0.015


Tree=198
num_leaves=13
num_cat=0
split_feature=3 1 5 13 9 16 7 10 0 9 16 1
split_gain=4.7164 5.09715 6.95412 6.63228 6.63115 6.46892 4.11158 4.0479 3.94968 2.50242 1.81069 1.47417
threshold=0.81278797092021382 0.17370100309557254 0.57566437663098491 0.37127008476972084 0.0069409389502197638 0.0026137675197714957 10.35500000000002 0.0076758036160172191 0.59383956903264801 0.0034479303115834375 0.0089521716964850954 0.51837775375999107
decision_type=2 2 2 2 2 2 2 2 2 2 2 2
left_child=1 2 9 -4 5 -3 -2 8 -8 -1 -9 -6
right_child=6 4 3 -5 11 -7 7 10 -10 -11 -12 -13
leaf_value=0 0.0056174248386866299 -0.012591549818131993 -0.009666932074234148 0.0036290474794622488 -0.014675674159648083 0.00031642952324453078 -0.01563715182707728 0.0064895483281865608 0 -0.017917564741842973 -0.0064793173500050268 0
leaf_weight=3.5633522644639006 3.6033203378319767 7.4273901358246794 6.7779316902160636 147.32374913990498 8.2621604762971383 107.48101081699133 12.611769815906888 4.1152790300548068 4.3867827765643588 2.9285931140184402 1.7561718448996542 1.9647772014141072
leaf_count=15 14 50 37 527 62 536 159 29 46 21 22 18
internal_value=-0.000184917 0.000368045 0.00214654 0.00287984 -0.00185327 -0.000654892 -0.00602313 -0.008463 -0.0118863 -0.0109555 0.000997017 -0.0123951
internal_weight=312.202 285.729 160.594 154.102 125.135 114.908 26.4733 22.87 16.9986 6.49195 5.87145 10.2269
internal_count=1536 1266 600 564 666 586 270 256 205 36 51 80
is_linear=0
shrinkage=0.015


Tree=199
num_leaves=13
num_cat=0
split_feature=3 1 5 9 13 16 12 12 12 9 13 1
split_gain=4.59341 4.9491 6.81896 6.49231 6.47178 6.32322 2.48292 2.59909 4.24165 2.45333 1.75922 1.4462
threshold=0.81278797092021382 0.17370100309557254 0.57566437663098491 0.0069409389502197638 0.37127008476972084 0.0026137675197714957 0.0080073636000846955 -0.0006356197925994066 -0.0022442304482346849 0.0034479303115834375 0.78150076454937045 0.51837775375999107
decision_type=2 2 2 2 2 2 2 2 2 2 2 2
left_child=1 2 9 5 -4 -3 7 8 -2 -1 -9 -5
right_child=6 3 4 11 -6 -7 -8 10 -10 -11 -12 -13
leaf_value=0 -0.0088664187584942353 -0.012455417004773303 -0.0095513159294020843 -0.014544108064570918 0.003578497192373417 0.00031176462444550325 0.0036697886857285345 -0.01477976144750268 0.0064884539134873022 -0.017755368011423595 0 0
leaf_weight=3.5633522644639006 6.6596189215779305 7.4178708717226973 6.7812608405947676 8.2301799803972226 147.19303527474403 107.48280204087496 3.0072957500815383 9.1972252763807756 5.3104836530983501 2.9292803779244423 2.1823278963565818 1.9647772014141072
leaf_count=15 80 50 37 62 527 536 22 116 35 21 17 18
internal_value=-0.000188681 0.000355952 0.00210977 -0.00183255 0.0028371 -0.000647307 -0.00596288 -0.00769103 -0.00156377 -0.0108619 -0.0123785 -0.0122788
internal_weight=311.92 285.563 160.467 125.096 153.974 114.901 26.357 23.3497 11.9701 6.49263 11.3796 10.195
internal_count=1536 1266 600 666 564 586 270 248 115 36 133 80
is_linear=0
shrinkage=0.015


Tree=200
num_leaves=9
num_cat=0
split_feature=1 3 4 2 2 4 10 18
split_gain=4.54278 4.23098 6.06487 4.39799 5.26868 3.97977 3.04579 0.942347
threshold=0.54476242354889681 0.22276068163009491 1.9443388766105203 0.03285426484874495 0.20283274504347931 2.1714905847058401 -0.011401215118831349 14.500000000000002
decision_type=2 2 2 2 2 2 2 2
left_child=1 2 6 -3 -5 -2 -1 -7
right_child=5 3 -4 4 -6 7 -8 -9
leaf_value=-0.0054878969298105063 -0.013619941657695285 -0.012563425434858886 -0.011830511346541943 0.0031362456320028266 -0.0025638797098026913 0.0051506490959478913 0.0036426606810594344 -0.0036254072313399305
leaf_weight=6.4585040509700766 8.3255144432187063 5.5610933750867835 4.3869415447115889 50.793805863708258 112.89833500981331 3.4290582463145247 116.60101410001516 3.1968179829418659
leaf_count=30 128 45 24 227 634 18 402 28
internal_value=-0.000192799 0.000212718 0.00227927 -0.00130803 -0.000733355 -0.00775808 0.00302339 0.000188108
internal_weight=311.651 296.7 127.446 169.253 163.692 14.9514 123.06 6.62588
internal_count=1536 1362 456 906 861 174 432 46
is_linear=0
shrinkage=0.015


Tree=201
num_leaves=12
num_cat=0
split_feature=6 13 4 5 5 6 13 2 2 7 13
split_gain=4.51684 5.04496 5.78971 5.834 5.45317 4.14806 3.66236 8.62059 4.15452 2.99032 3.09762
threshold=1.2945415533128872 0.83071354379425943 0.81651572866476441 0.72395298280720011 0.59062887780879703 1.6230583376549164 0.88942490628785698 0.74067112225005383 0.29732524087361956 62.344999999999807 0.47167648989912414
decision_type=2 2 2 2 2 2 2 2 2 2 2
left_child=1 2 4 -4 -1 9 7 -3 -8 10 -2
right_child=5 6 3 -5 -6 -7 8 -9 -10 -11 -12
leaf_value=-0.0081015765853484807 0.00056328402387115413 -0.017886020398096263 0.01025746772230578 -0.0012656725472248659 0.0051475420324859043 0.0057135366502309879 0.0073960996061222996 0.0087817805269132018 -0.0098199710792928 0.0031797831555763168 -0.014376723796427642
leaf_weight=5.4514872431755057 2.5720936395227971 8.6996892876923102 8.3899536132812482 177.53635830245912 79.957429736852646 2.9612886495888224 5.7824651375412923 1.8831328600645054 3.2788520120084286 1.8903111815452565 13.02563340961933
leaf_count=28 12 72 26 942 265 12 21 5 27 6 120
internal_value=-0.000194394 0.000279196 0.000853717 -0.000602149 0.00405005 -0.00669183 -0.00665549 -0.0119031 0 -0.0095481 -0.0117029
internal_weight=311.429 290.979 271.335 185.926 85.4089 20.4493 19.6441 10.5828 9.06132 17.488 15.5977
internal_count=1536 1386 1261 968 293 150 125 77 48 138 132
is_linear=0
shrinkage=0.015


Tree=202
num_leaves=16
num_cat=0
split_feature=0 13 2 2 2 16 7 0 15 0 6 3 6 0 15
split_gain=4.43268 6.10926 6.22086 14.0661 6.71974 4.96039 7.31762 5.02085 4.11299 3.85291 6.7933 4.54156 3.06271 2.65449 2.05255
threshold=0.393794782917188 0.66930613541586303 0.19484359926606351 0.096125221098951816 0.25857347942005277 0.0032369708302672942 15.689999999999829 0.37113850096551559 4.5814285714285958 0.5409798457430709 1.0936731172905103 0.26867111228349733 1.0139854981978742 0.18516581434991541 7.42607142857144
decision_type=2 2 2 2 2 2 2 2 2 2 2 2 2 2 2
left_child=5 2 3 -2 -4 6 12 8 -7 10 -3 -11 -1 -8 -9
right_child=1 9 4 -5 -6 7 13 14 -10 11 -12 -13 -14 -15 -16
leaf_value=-0.0046123317698707842 -0.0052434712792869048 -0.017902231729002915 -0.014948694627960998 0.010418080886013899 -0.00084378284549482319 0.0089451069877835403 0 0.00090589869975572323 0.00037256857597769115 0.0042153421731261232 0 -0.0073798458685609813 0.0069924396061133961 -0.019678429652986721 0.013754283040394647
leaf_weight=7.9741789288818898 20.258869435638189 11.395142044872047 7.7123772986233226 28.0563741363585 42.888105994090438 12.50571323931217 2.060820445418357 5.785190198570489 116.00737097859383 11.184104938060047 7.2445891480892888 14.992501802742479 8.0810234025120717 5.1509372405707836 9.9259047210216504
leaf_count=36 124 89 65 105 229 38 9 25 508 57 40 119 26 43 23
internal_value=-0.000191545 -0.00212955 0 0.00375465 -0.00362284 0.0014328 -0.00462891 0.00251194 0.00138853 -0.00659378 -0.0115733 -0.002212 0.000940822 -0.0153549 0.0100832
internal_weight=311.223 143.732 98.9157 48.3152 50.6005 167.491 23.267 144.224 128.513 44.8163 18.6397 26.1766 16.0552 7.21176 15.7111
internal_count=1536 828 523 229 294 708 114 594 546 305 129 176 62 52 48
is_linear=0
shrinkage=0.015


Tree=203
num_leaves=10
num_cat=0
split_feature=1 3 4 9 12 4 7 12 4
split_gain=4.40089 4.03627 5.89249 4.29621 7.13659 3.93408 3.15798 0.818764 0.00727578
threshold=0.54476242354889681 0.22276068163009491 1.9443388766105203 0.0095798235115976214 0.005432698228170608 2.1714905847058401 67.420000000000087 -1.0000000180025095e-35 1.2579097375957278
decision_type=2 2 2 2 2 2 2 2 2
left_child=1 2 6 4 -3 -2 -1 -7 -5
right_child=5 3 -4 8 -6 7 -8 -9 -10
leaf_value=0.0020742892189641511 -0.013541149031946198 -0.0021148041310347864 -0.011663542712001007 -0.01417557381488487 0.0062278195454087285 -0.0038170641429699213 0.010611681251609351 0.0044169565873048346 -0.0010169360097851742
leaf_weight=113.16109076887369 8.2178673855960351 138.10081722959876 4.3977582156658164 3.77168995887041 25.415680140256882 2.5614794157445431 9.6507113352417928 4.0561950393021098 1.681415047496557
leaf_count=408 128 754 24 31 108 21 24 25 13
internal_value=-0.000190851 0.000207204 0.00222809 -0.00127863 -0.000713197 -0.00766374 0.00296455 0.00021334 -0.0124862
internal_weight=311.015 296.179 127.21 168.97 163.516 14.8355 122.812 6.61767 5.45311
internal_count=1536 1362 456 906 862 174 432 46 44
is_linear=0
shrinkage=0.015


Tree=204
num_leaves=12
num_cat=0
split_feature=6 10 13 4 15 16 13 3 3 7 13
split_gain=4.38681 5.05912 4.91962 5.52583 5.42841 4.94813 3.53777 5.53265 3.34591 2.41189 1.33611
threshold=1.2945415533128872 -0.0062170910561582509 0.83071354379425943 0.81651572866476441 5.8546428571428031 0.0075895602435722131 0.88942490628785698 0.66126079531838877 0.26603559163687479 41.390000000000107 0.47167648989912414
decision_type=2 2 2 2 2 2 2 2 2 2 2
left_child=2 -2 3 4 -1 -5 7 -4 -8 10 -3
right_child=1 9 6 5 -6 -7 8 -9 -10 -11 -12
leaf_value=0.0091687681558275929 0.0028041904039455383 0 -0.017893627393626113 0.00060698649496641367 0.0010644012648284942 -0.0053903070809594791 0.0076912113161216695 0.0019607562787884048 -0.0075038842816887875 0 -0.016336179271531373
leaf_weight=28.079742655158043 6.6281240768730667 1.898038201034068 7.231054939329626 149.08068020828068 57.164084617048502 36.568545110523701 4.781972795724867 3.2999169528484344 4.2449857145547867 3.0048114918172351 8.8290342632681114
leaf_count=77 26 11 54 739 216 229 13 23 35 16 97
internal_value=-0.000190695 -0.00660744 0.000275571 0.0008431 0.00396897 -0.000579232 -0.00658622 -0.0117537 0 -0.011406 -0.0142636
internal_weight=310.811 20.36 290.451 270.893 85.2438 185.649 19.5579 10.531 9.02696 13.7319 10.7271
internal_count=1536 150 1386 1261 293 968 125 77 48 124 108
is_linear=0
shrinkage=0.015


Tree=205
num_leaves=15
num_cat=0
split_feature=1 2 2 17 5 19 5 2 6 6 8 2 5 12
split_gain=4.31429 4.85697 14.105 7.51076 7.02653 9.09561 8.46435 5.0498 4.26869 5.311 4.6421 4.40179 4.37651 0.648333
threshold=0.097901855157798437 0.34674657534246678 0.20283274504347931 0.65704144776927154 1.2945710096992247 1.5000000000000002 1.0835661879070078 0.10706784578575894 1.1347362195368607 1.0245819122639861 0.080911670774162031 0.75236398324749498 1.0754157762548322 -0.0055343040040510263
decision_type=2 2 2 2 2 2 2 2 2 2 2 2 2 2
left_child=8 2 7 -4 6 -6 -3 -2 9 11 -10 -1 -12 -11
right_child=1 4 3 -5 5 -7 -8 -9 10 13 12 -13 -14 -15
leaf_value=0.0024278206595667422 -0.0036739119460763281 -0.0016363968975781496 -0.01772471554473207 -0.0026985362712328691 0.0031244433702513454 -0.013178381472551784 0.0084215146970531181 0.0041647083636726298 0.0063647074825365886 0 -0.016772218395876993 -0.010200841439448402 0 0.0099969993241264942
leaf_weight=64.628118056803942 36.048734109848738 35.225507568567991 17.82572078704834 15.539852127432821 12.747008476406338 13.738402726128696 34.979002637788653 33.901697972789407 4.6787884682416943 0.97280336916446941 5.4026297815144053 4.7305977493524543 8.2791931256651861 21.906128790229559
leaf_count=253 216 161 153 86 66 111 133 160 13 5 43 29 39 68
internal_value=-0.000189307 -0.0015214 -0.00376491 -0.0114868 0.000827572 -0.00540033 0.00336549 3.1027e-05 0.00213728 0.00349485 -0.00398776 0.00119962 -0.00836649 0.00949573
internal_weight=310.604 200.006 103.316 33.3656 96.6899 26.4854 70.2045 69.9504 110.598 92.2376 18.3606 69.3587 13.6818 22.8789
internal_count=1536 1086 615 239 471 177 294 376 450 355 95 282 82 73
is_linear=0
shrinkage=0.015


Tree=206
num_leaves=10
num_cat=0
split_feature=1 4 6 10 13 17 13 7 18
split_gain=4.25497 3.8776 3.78067 4.82716 4.65623 5.8111 3.57346 2.36945 0.917212
threshold=0.54476242354889681 2.1714905847058401 1.2945415533128872 -0.0062170910561582509 0.83071354379425943 0.80569254215971964 0.8909943111482953 41.390000000000107 14.500000000000002
decision_type=2 2 2 2 2 2 2 2 2
left_child=2 -2 4 -4 5 -1 -6 -5 -3
right_child=1 8 3 7 6 -7 -8 -9 -10
leaf_value=-4.8674964549037621e-05 -0.013455698506600972 0.0051250247555851428 0.0032630112754897518 -0.013870560285857661 -0.011005047080343737 0.0050104639003773106 0.00087845908277869845 0 -0.0035275429269200974
leaf_weight=191.60832930728793 8.1004956252872926 3.4198269173502913 6.4181725606322315 9.7519986033439618 10.951561607420446 66.26505845412612 7.760834999382495 2.8980526477098456 3.1818040981888771
leaf_count=891 128 18 23 93 73 230 38 14 28
internal_value=-0.000190126 -0.00756859 0.000199979 -0.00589196 0.000686172 0.00125105 -0.00610543 -0.0108602 0.000232248
internal_weight=310.356 14.7021 295.654 19.0682 276.586 257.873 18.7124 12.6501 6.60163
internal_count=1536 174 1362 130 1232 1121 111 107 46
is_linear=0
shrinkage=0.015


Tree=207
num_leaves=10
num_cat=0
split_feature=3 0 4 10 18 2 7 2 0
split_gain=4.30325 4.79119 6.21344 4.56915 5.71744 5.48748 3.94811 4.08215 2.69157
threshold=0.81278797092021382 0.72985739750445744 0.75556629966366728 0.016127776390869403 8.5000000000000018 0.20283274504347931 10.35500000000002 0.828478033272951 0.59383956903264801
decision_type=2 2 2 2 2 2 2 2 2
left_child=1 3 -3 5 -5 -1 -2 8 -8
right_child=6 2 -4 4 -6 -7 7 -9 -10
leaf_value=0.0045553729391177872 0.0055632599168622659 0.0029472609025144613 -0.015442088536217235 0.0025634951293051021 -0.014330548562962373 -0.00011743407239300023 -0.013356060207422461 0.0050583575200782065 0
leaf_weight=78.77486439794302 3.5946641638875034 5.3425075411796552 7.5003239661455154 6.2819847799837572 7.7156001813709736 178.46419973671436 15.207444170489913 2.5670674070715895 4.6765807848423711
leaf_count=312 14 23 85 25 53 768 194 11 51
internal_value=-0.00018992 0.000336282 -0.00792063 0.000809803 -0.00690723 0.0013087 -0.00581129 -0.0082453 -0.0106109
internal_weight=310.125 284.079 12.8428 271.237 13.9976 257.239 26.0458 22.4511 19.884
internal_count=1536 1266 108 1158 78 1080 270 256 245
is_linear=0
shrinkage=0.015


Tree=208
num_leaves=12
num_cat=0
split_feature=3 10 16 20 4 9 1 6 18 5 10
split_gain=4.26568 6.53645 9.16377 5.55634 9.48193 8.65143 4.75814 5.57326 3.72405 3.59796 1.45832
threshold=0.052167991532987699 -0.0097815610132113654 0.011831856038086324 1.0000000180025095e-35 0.59908831114347116 0.0058723739761670545 0.34342881700005862 0.90654589704310296 4.5000000000000009 0.3710928666518219 0.0010150555321628044
decision_type=2 2 2 2 2 2 2 2 2 2 2
left_child=6 2 -2 4 -3 -5 9 -8 -4 -1 -11
right_child=1 3 8 5 -6 -7 7 -9 -10 10 -12
leaf_value=-0.00919337280579593 -0.020102244783346736 0.0055412862413425305 0.010919073639642013 0.003079128894582798 -0.0048698055127070821 -0.0084863377730146142 0.0047132006678265066 -0.016234453832013589 -0.0054580962617572521 0.010518980275401449 0.0026113062942782891
leaf_weight=0.98357474803924461 7.250790216028693 22.529972411692142 3.0092290714383108 124.32399266958237 91.769927127286792 14.255850799381731 4.0420895516872397 3.2262764796614647 6.1054034493863583 19.1817382350564 13.239479683339594
leaf_count=7 60 80 6 554 559 90 15 26 43 50 46
internal_value=-0.000188819 -0.000903994 -0.0095563 -0.000244031 -0.00269316 0.00173222 0.00419017 -0.00527258 0.000265962 0.00664249 0.00784706
internal_weight=309.918 269.245 16.3654 252.88 114.3 138.58 40.6732 7.26837 9.11463 33.4048 32.4212
internal_count=1536 1392 109 1283 639 644 144 41 49 103 96
is_linear=0
shrinkage=0.015


Tree=209
num_leaves=12
num_cat=0
split_feature=0 3 7 18 16 12 18 3 9 13 13
split_gain=4.2166 5.80779 4.87896 9.65531 8.55014 3.62704 4.06289 4.42304 3.61076 3.15806 2.2645
threshold=0.17403082514470272 1.0093979862086557 15.805000000000065 10.500000000000002 0.0033739473533374201 0.0040363824273361723 8.5000000000000018 0.24345607668760313 0.0057227678662969085 0.39604989424777332 0.5380374106197926
decision_type=2 2 2 2 2 2 2 2 2 2 2
left_child=5 2 3 -2 -4 6 10 -8 -7 -3 -1
right_child=1 9 4 -5 -6 8 7 -9 -10 -11 -12
leaf_value=0 -0.0021617647537611577 0.0030975323477022572 -0.012073511284460783 0.0087384417481419611 -0.00065987436692377019 0.013595881082496245 0.0079202225659741263 -0.0051092964370447365 0 -0.014147239824647554 -0.015344365781121387
leaf_weight=4.2634397223591831 36.64474131911993 1.421250496059655 14.424518594518302 31.902145640924573 171.43034146167338 10.707046240568159 15.750116698443891 6.3883115835487834 5.2510706558823577 8.8672423977404815 2.6303222328424454
leaf_count=18 171 10 96 116 837 29 46 41 26 126 20
internal_value=-0.000188358 -0.000939955 -0.000419392 0.00290886 -0.00170474 0.00392569 0.00035001 0.00373788 0.00924973 -0.0110383 -0.00808037
internal_weight=309.681 264.69 254.402 68.5469 185.855 44.9903 29.0322 22.1384 15.9581 10.2885 6.89376
internal_count=1536 1356 1220 287 933 180 125 87 55 136 38
is_linear=0
shrinkage=0.015


Tree=210
num_leaves=12
num_cat=0
split_feature=3 7 14 16 7 7 20 7 3 2 2
split_gain=4.12072 3.87565 4.03161 3.31253 6.83283 6.63683 7.27901 4.1758 3.75535 3.16575 0.0311751
threshold=0.81278797092021382 10.35500000000002 1.0000000180025095e-35 0.0069380170391304822 62.344999999999807 41.390000000000107 1.0000000180025095e-35 42.035000000000089 0.32899164200143532 0.828478033272951 0.41612055370600992
decision_type=2 2 2 2 2 2 2 2 2 2 2
left_child=3 -2 -3 5 7 6 -1 -5 -6 -4 -7
right_child=1 2 9 4 8 10 -8 -9 -10 -11 -12
leaf_value=-0.0026818258426219901 0.0055380758397030796 -0.01467868305547847 -0.0052003399041670711 -0.0017921050343589059 0.008116272990340791 0.0035763388347575236 0.0032258772121126003 -0.010382764271695924 -0.0045847499200598104 0.010122925436791769 0.013658756704572218
leaf_weight=80.652406014502048 3.5939001291990307 9.5417724289000034 10.858314763754604 46.241659998893738 16.746002499014143 4.3775768782943469 105.231410484761 18.054862197488546 4.9591440297663203 1.8372863009572036 7.3566177040338516
leaf_count=396 14 125 126 232 51 19 407 112 33 5 16
internal_value=-0.000187942 -0.00571162 -0.00814614 0.000325352 -0.00206743 0.00141452 0.000621427 -0.00455799 0.004756 -0.00139654 0.011512
internal_weight=309.451 25.8313 22.2374 283.62 86.0017 197.618 185.884 64.2965 21.7051 12.6956 11.7342
internal_count=1536 270 256 1266 428 838 803 344 84 131 35
is_linear=0
shrinkage=0.015


Tree=211
num_leaves=13
num_cat=0
split_feature=1 13 14 6 10 10 20 6 13 17 8 12
split_gain=4.12285 6.7838 5.4815 6.13845 5.17068 5.09723 7.09166 5.0885 4.76435 2.74202 2.022 0.539753
threshold=0.097901855157798437 0.42016086844987233 1.0000000180025095e-35 1.1186299847159697 -0.0093223085917822617 -0.0072615628599984779 1.0000000180025095e-35 1.0007813258987441 0.64588885201918389 0.93219166819660881 0.090749949259190985 -0.017799525006476465
decision_type=2 2 2 2 2 2 2 2 2 2 2 2
left_child=1 7 9 -4 8 10 -7 -1 -2 -3 -6 -10
right_child=4 2 3 -5 5 6 -8 -9 11 -11 -12 -13
leaf_value=-0.015934144672649676 0.00023253890722913577 0.0081092337671999169 0.0026232851630565261 -0.0094753915944289519 0.010656466944134451 -0.0051710880625788127 0.00092878513404141686 0.0016327756290999567 -0.00075907247421572264 -0.0016260290215777853 -0.00017918261155479867 -0.017780893104474046
leaf_weight=5.7209812663495523 5.3161021843552581 43.834044739603996 39.727178439497948 10.184939138591288 9.5594889856874925 68.95296560972929 103.33963962458074 5.1870971843600273 1.6440294794738282 5.4521276801824561 3.7619765624403945 6.5314159262925378
leaf_count=40 24 144 162 60 28 436 505 21 10 23 24 59
internal_value=-0.000184446 0.00209421 0.00341969 0 -0.00149014 -0.000743096 -0.00150073 -0.00804088 -0.00986093 0.00686465 0.00748302 -0.015917
internal_weight=309.212 110.106 99.1983 49.9121 199.106 185.614 172.293 10.9081 13.4915 49.2862 13.3215 8.17545
internal_count=1536 450 389 222 1086 993 941 61 93 167 52 69
is_linear=0
shrinkage=0.015


Tree=212
num_leaves=16
num_cat=0
split_feature=0 13 2 2 2 16 7 0 15 0 6 3 6 0 2
split_gain=4.11355 5.75058 5.88781 13.3812 6.52439 4.87103 6.96919 4.91705 3.96674 3.82632 6.60736 4.36902 2.93291 2.49367 1.94792
threshold=0.393794782917188 0.66930613541586303 0.19484359926606351 0.096125221098951816 0.25857347942005277 0.0032369708302672942 15.689999999999829 0.37113850096551559 4.5814285714285958 0.5409798457430709 1.0936731172905103 0.26867111228349733 1.0139854981978742 0.18516581434991541 0.2131678760770144
decision_type=2 2 2 2 2 2 2 2 2 2 2 2 2 2 2
left_child=5 2 3 -2 -4 6 12 8 -7 10 -3 -11 -1 -8 -9
right_child=1 9 4 -5 -6 7 13 14 -10 11 -12 -13 -14 -15 -16
leaf_value=-0.0046093504045007574 -0.0051291962138717354 -0.017655937125785542 -0.014742922371583702 0.010181194516231886 -0.00078489228580456093 0.0087867591333042495 0 0.016061256798900209 0.00033963291802506111 0.004258385401223354 0 -0.0071640791332215339 0.0067868668584162815 -0.019354801039304485 0.0034798219397879837
leaf_weight=7.950870383530857 20.131875656545162 11.276149189099671 7.6197585240006438 27.933964451774955 42.637607365846634 12.40611197799444 2.0343644469976416 5.9366491213440886 115.24156687036157 11.106705017387869 7.1635697372257701 14.78899893350899 7.9884374290704727 5.0972398724406958 9.6839994676411134
leaf_count=36 124 89 65 105 229 38 9 10 508 57 40 119 26 43 38
internal_value=-0.000184381 -0.00205932 0 0.00367006 -0.00352791 0.00138444 -0.00464589 0.00245775 0.00134134 -0.00641591 -0.0113906 -0.00204205 0.000803997 -0.0151561 0.00996733
internal_weight=308.998 142.659 98.3232 48.0658 50.2574 166.339 23.0709 143.268 127.648 44.3354 18.4397 25.8957 15.9393 7.1316 15.6206
internal_count=1536 828 523 229 294 708 114 594 546 305 129 176 62 52 48
is_linear=0
shrinkage=0.015


Tree=213
num_leaves=9
num_cat=0
split_feature=1 4 3 4 2 2 7 18
split_gain=4.07401 3.81488 3.69359 5.74152 4.22703 4.73949 3.05373 0.899103
threshold=0.54476242354889681 2.1714905847058401 0.22276068163009491 1.9443388766105203 0.03285426484874495 0.20283274504347931 67.420000000000087 14.500000000000002
decision_type=2 2 2 2 2 2 2 2
left_child=2 -2 3 6 -4 -6 -1 -3
right_child=1 7 4 -5 5 -7 -8 -9
leaf_value=0.0019916497128793162 -0.0133504022268079 0.0051177906290728751 -0.012334887190289454 -0.011580849557427027 0.0030133256484236861 -0.0024116865012752272 0.010415995997895916 -0.0034496358730982837
leaf_weight=112.53115150332451 7.9489470031112415 3.4051423333585262 5.4586889743804923 4.3898202478885642 50.467472925782204 111.86935181543231 9.5600514784455282 3.1582355964928865
leaf_count=408 128 18 45 24 227 634 24 28
internal_value=-0.000183262 -0.0074462 0.000197444 0.00213663 -0.00122805 -0.000663367 0.00286898 0.000276568
internal_weight=308.789 14.5123 294.277 126.481 167.796 162.337 122.091 6.56338
internal_count=1536 174 1362 456 906 861 432 46
is_linear=0
shrinkage=0.015


Tree=214
num_leaves=12
num_cat=0
split_feature=6 10 0 4 13 10 18 5 2 0 13
split_gain=4.06527 4.76015 4.61189 5.50135 7.53051 4.73275 2.66726 2.71101 2.3714 2.14895 2.02857
threshold=1.2945415533128872 -0.0062170910561582509 0.17403082514470272 1.0472900214547567 0.60525750567854575 -0.01080057684656412 7.5000000000000009 1.373453141633368 0.019471240770376732 0.21315491108724574 0.57207746170554807
decision_type=2 2 2 2 2 2 2 2 2 2 2
left_child=2 -2 6 5 -5 -4 10 -8 -3 -10 -1
right_child=1 8 3 4 -6 -7 7 -9 9 -11 -12
leaf_value=0.0035425231761288989 0.0027073782558452619 0.0026415752779665471 -0.0085599766204850179 0.0002559885436187266 -0.0076735739456200791 0.0021295513686266287 0.0086776922260972077 -0.0013589440116754405 0 -0.016101658834176438 -0.007800528503864439
leaf_weight=5.3882313892245275 6.5923399105668095 0.98968411982059379 7.8322935029864302 60.30414417758584 44.151601303368807 134.19516539573669 26.827815357595682 5.4936981722712508 3.2696490548551074 9.2199379634112102 4.3200916945934296
leaf_count=18 26 3 47 323 346 508 92 26 18 103 26
internal_value=-0.000182832 -0.00640211 0.000265118 -0.000502361 -0.00310644 0.00137731 0.00475469 0.00677346 -0.011116 -0.0129379 -0.0013347
internal_weight=308.585 20.0716 288.513 246.483 104.456 142.027 42.0298 32.3215 13.4793 12.4896 9.70832
internal_count=1536 150 1386 1224 669 555 162 118 124 121 44
is_linear=0
shrinkage=0.015


Tree=215
num_leaves=12
num_cat=0
split_feature=6 10 0 3 16 17 12 12 7 0 15
split_gain=3.96768 4.67432 4.48485 5.3385 5.04103 3.219 3.00763 3.8375 2.31409 2.92138 0.913916
threshold=1.2945415533128872 -0.0062170910561582509 0.17403082514470272 1.0093979862086557 0.0076307750376172741 -0.62180831744335141 0.0040363824273361723 0.0020350405321303282 41.390000000000107 0.081248898678399697 6.0532142857142466
decision_type=2 2 2 2 2 2 2 2 2 2 2
left_child=2 -2 6 4 -4 -5 7 -1 9 -3 -8
right_child=1 8 3 5 -6 -7 10 -9 -10 -11 -12
leaf_value=0.0045713502460585052 0.0026768692829699818 0.0019063963611218233 0.0012688079917158293 0.0035839444772022429 -0.0036841640009428215 -0.01392185078586022 0 -0.007069237722248543 0 -0.016361525087718817 0.011353106092902552
leaf_weight=21.050752885639671 6.5902726501226452 1.0676093026995648 176.55876383930445 1.3771557267755259 60.386338822543621 8.0261095501482469 2.3284268826246253 6.5758651420474044 2.9798190519213668 9.3575157728046161 11.988570794463156
leaf_count=80 26 4 774 12 330 108 10 36 16 104 36
internal_value=-0.00018197 -0.00633746 0.000259845 -0.000496332 0 -0.0105214 0.00469224 0.00125726 -0.0110282 -0.0138814 0.00989433
internal_weight=308.287 19.9952 288.292 246.348 236.945 9.40327 41.9436 27.6266 13.4049 10.4251 14.317
internal_count=1536 150 1386 1224 1104 120 162 116 124 108 46
is_linear=0
shrinkage=0.015


Tree=216
num_leaves=8
num_cat=0
split_feature=1 5 5 5 14 1 17
split_gain=3.933 3.70653 4.79444 6.84183 5.89167 2.05792 2.3246
threshold=0.54476242354889681 0.3710928666518219 0.70985945788541116 0.96114386095066784 1.0000000180025095e-35 1.0303301739629658 -0.89203068319156598
decision_type=2 2 2 2 2 2 2
left_child=1 -1 4 -4 -3 6 -2
right_child=5 2 3 -5 -6 -7 -8
leaf_value=-0.012117841325402796 0 0.013673284797103955 -0.005060413485597352 0.0010286139598927452 -0.0012601922446422444 0.00054195018204891557 -0.013825340109332031
leaf_weight=3.3629901260137549 2.964900527149438 11.068072810769081 48.940992962568998 221.4822751507163 8.8097849562764168 3.6476760506629935 7.7744041942059985
leaf_count=21 25 26 244 1030 41 30 119
internal_value=-0.000179589 0.000193354 0.000443569 -7.49037e-05 0.00720185 -0.00734421 -0.0102761
internal_weight=308.051 293.664 290.301 270.423 19.8779 14.387 10.7393
internal_count=1536 1362 1341 1274 67 174 144
is_linear=0
shrinkage=0.015


Tree=217
num_leaves=14
num_cat=0
split_feature=0 17 17 9 18 0 0 3 10 12 3 7 7
split_gain=3.92366 6.03325 9.11138 8.65266 7.08548 4.08936 3.8813 3.91502 5.02427 3.96624 3.78649 4.19907 0.193642
threshold=0.393794782917188 0.93887916895468615 0.85451350443818119 0.0033711032546792081 10.500000000000002 0.64342085696683726 0.37113850096551559 0.054478488043760341 0.0010150555321628044 0.005432698228170608 0.33337288376725144 28.240000000000013 19.19499999999994
decision_type=2 2 2 2 2 2 2 2 2 2 2 2 2
left_child=6 2 4 -3 -2 -5 7 8 -1 -9 -8 -12 -4
right_child=1 3 12 5 -6 -7 10 9 -10 -11 11 -13 -14
leaf_value=0.0096306850297719748 -0.0062832632506141326 0.0061431615233085027 0.00077811370972020598 -0.020110644471899201 0.001062436049591058 0 0.011908560858059147 -0.0021995083934007063 -0.0017128556086072764 0.0044475740687919228 -0.012099439444901184 0.0076212649193732928 0.01245303020060911
leaf_weight=18.830100953578953 49.521653950214386 3.9278266578912762 2.1043519452214232 9.1630562767386419 64.987307067960501 3.8084229938685885 12.023933149874212 93.597387617453933 12.620080344378946 23.224682833999395 2.5546823777258387 2.9941218420863152 8.6150788143277151
leaf_count=50 309 13 9 77 368 28 28 447 51 100 22 10 24
internal_value=-0.000178391 -0.00201378 -0.000744101 -0.00995116 -0.00210331 -0.0154952 0.00135509 0.000465738 0.00502437 -0.000762305 0.00766154 -0.00126478 0.0112335
internal_weight=307.973 142.128 125.228 16.8993 114.509 12.9715 165.845 148.272 31.4502 116.822 17.5727 5.5488 10.7194
internal_count=1536 828 710 118 677 105 708 648 101 547 60 32 33
is_linear=0
shrinkage=0.015


Tree=218
num_leaves=11
num_cat=0
split_feature=3 0 4 10 18 15 7 10 0 0
split_gain=3.89807 4.51595 6.06381 4.39706 5.56531 3.8951 3.74091 3.87473 3.92214 1.82309
threshold=0.81278797092021382 0.72985739750445744 0.75556629966366728 0.016127776390869403 8.5000000000000018 10.121785714285677 10.35500000000002 0.0076758036160172191 0.59383956903264801 0.11283110140998999
decision_type=2 2 2 2 2 2 2 2 2 2
left_child=1 3 -3 5 -5 -1 -2 8 -8 -9
right_child=6 2 -4 4 -6 -7 7 9 -10 -11
leaf_value=0.00016604747704358414 0.0054565339198719316 0.0029619270447289146 -0.015269901805687439 0.002539058576904799 -0.014176078401954333 0.0044660343106776345 -0.015319423758427458 0.0095212661724783133 0 -0.0034300955554589009
leaf_weight=193.02178374491632 3.5824891775846508 5.3191323280334455 7.3440802432596684 6.2380462139844877 7.6343682780861855 62.711785946041346 11.9512468893081 1.9026715233921994 4.2502270620316258 3.8243752047419548
leaf_count=836 14 23 85 25 53 244 159 6 46 45
internal_value=-0.000173603 0.000324421 -0.00774076 0.000785061 -0.00681438 0.00127608 -0.00557964 -0.00800143 -0.011463 0.00125277
internal_weight=307.78 282.269 12.6632 269.606 13.8724 255.734 25.511 21.9285 16.2015 5.72705
internal_count=1536 1266 108 1158 78 1080 270 256 205 51
is_linear=0
shrinkage=0.015


Tree=219
num_leaves=13
num_cat=0
split_feature=1 13 14 10 10 5 8 13 18 13 0 12
split_gain=3.88307 6.61107 5.24504 5.00912 4.88019 8.22191 5.35751 4.64583 4.39988 4.12126 3.20347 0.517177
threshold=0.097901855157798437 0.42016086844987233 1.0000000180025095e-35 -0.0093223085917822617 -0.0037812979784706273 1.2745461906881523 0.14739278525461733 0.64588885201918389 11.500000000000002 0.46329498762218463 0.5053830700544103 -0.017799525006476465
decision_type=2 2 2 2 2 2 2 2 2 2 2 2
left_child=1 8 10 7 6 -6 -5 -2 -1 -4 -3 -9
right_child=3 2 9 4 5 -7 -8 11 -10 -11 -12 -13
leaf_value=-0.015406461114207869 0.00023316019073614733 0.0080958474282785721 0.0094689437727857387 0.0075284909514435894 0.00037282880047693784 -0.0070917915513495329 -0.0041299603493120136 -0.00072167893968975907 0.00094221690086656533 -0.0019074209832583304 -0.0024855635612791955 -0.01758040445055694
leaf_weight=5.5903984494507295 5.3050023838877669 43.631763951852918 6.5097223334014407 26.361384149640799 101.86557059548795 45.957219451665878 10.471970953047274 1.6327041462063778 5.2733988873660564 43.15763308480382 5.3627314865589133 6.4449619185179463
leaf_count=40 24 137 18 95 498 325 75 10 21 204 30 59
internal_value=-0.000172082 0.00204422 0.00335848 -0.00144349 -0.00070648 -0.00196151 0.00397879 -0.00971121 -0.00797494 0 0.00673852 -0.0157365
internal_weight=307.564 109.526 98.6619 198.039 184.656 147.823 36.8334 13.3827 10.8638 49.6674 48.9945 8.07767
internal_count=1536 450 389 1086 993 823 170 93 61 222 167 69
is_linear=0
shrinkage=0.015


Tree=220
num_leaves=11
num_cat=0
split_feature=6 13 0 17 4 4 6 0 2 13
split_gain=3.86523 4.44333 5.22487 5.07313 8.87611 6.97052 3.86316 4.19038 2.58382 1.83388
threshold=1.2945415533128872 0.83071354379425943 0.40900974025975451 0.71814882659917034 0.56658364804776495 1.4708560054652235 1.6230583376549164 0.21993441451073223 0.039164089454597394 0.8909943111482953
decision_type=2 2 2 2 2 2 2 2 2 2
left_child=1 3 9 4 -1 -5 7 -2 -9 -3
right_child=6 2 -4 5 -6 -7 -8 8 -10 -11
leaf_value=0.010802448041236435 0.0013381171056061352 -0.0050691349961459525 -0.015763290352497454 0.0053492381545285654 -0.001507530965081223 -0.0078737976066773803 0.0056743033100119262 0.00038610569763245672 -0.015576950589919099 0.0047255335331143943
leaf_weight=12.194110348820685 4.6809853091836038 6.8688384704291838 6.1284519284963599 75.33838040754199 172.6923912987113 7.9414729028940192 2.9210383072495452 1.5762534104287613 10.698189834132789 6.272360548377037
leaf_count=31 20 41 59 271 906 53 12 10 108 25
internal_value=-0.000171835 0.000263976 -0.00629992 0.000806545 -0.000548585 0.00384527 -0.00626494 -0.00909915 -0.0132347 0
internal_weight=307.312 287.436 19.2697 268.166 184.887 83.2799 19.8765 16.9554 12.2744 13.1412
internal_count=1536 1386 125 1261 937 324 150 138 118 66
is_linear=0
shrinkage=0.015


Tree=221
num_leaves=11
num_cat=0
split_feature=0 2 2 9 2 4 3 15 7 2
split_gain=3.74508 4.8976 10.9223 8.35732 12.0321 4.65199 4.1887 3.53906 2.72166 2.49356
threshold=0.72985739750445744 0.20283274504347931 0.25540084878785568 0.0051255826028127381 0.036989908499794909 0.75556629966366728 0.052167991532987699 17.373928571428568 12.315000000000056 0.18657111513879229
decision_type=2 2 2 2 2 2 2 2 2 2
left_child=1 3 8 4 -1 -2 -4 -5 -3 -7
right_child=5 2 6 7 -6 9 -8 -9 -10 -11
leaf_value=-0.0090666727320930108 0.002540583284731582 0 0.0050384777573098064 -0.0086467669582693946 0.0082814093572152817 -0.015461733559298736 -0.00090852449503649017 0.0049606174342635275 -0.014382889907899342 0.00048628747250596596
leaf_weight=8.5046006850898248 5.4332768432795993 2.6582924872636822 29.794410802423954 14.133170265704395 57.456378677859902 8.0330910105258209 162.02219912223518 3.6257843524217597 13.864563804119824 1.5468656886368979
leaf_count=51 24 11 99 87 207 95 836 11 102 13
internal_value=-0.000170379 0.000201864 -0.00100404 0.00324368 0.0057333 -0.00702508 1.89728e-05 -0.00526811 -0.0120049 -0.0125997
internal_weight=307.073 292.059 208.339 83.7199 65.961 15.0132 191.817 17.759 16.5229 9.57996
internal_count=1536 1404 1048 356 258 132 935 98 113 108
is_linear=0
shrinkage=0.015


Tree=222
num_leaves=12
num_cat=0
split_feature=3 7 14 22 13 2 2 17 2 2 4
split_gain=3.69195 3.66206 4.03787 3.25271 7.2231 5.08368 14.4045 5.26377 4.23258 2.95107 2.24645
threshold=0.81278797092021382 10.35500000000002 1.0000000180025095e-35 1.0000000180025095e-35 0.79355155469308103 0.40847278397557979 0.20283274504347931 -0.89203068319156598 0.57056117191747235 0.828478033272951 1.1507329803048401
decision_type=2 2 2 2 2 2 2 2 2 2 2
left_child=3 -2 -3 5 8 6 -1 -7 -5 -4 -6
right_child=1 2 9 4 10 7 -8 -9 -10 -11 -12
leaf_value=0.0016263168388972653 0.0054479862209511004 -0.014486584518969345 -0.004904984129751001 0.006864796420146136 -0.015773106750142631 0.0093000478202065681 -0.0083442558096622921 0.00023243038723110099 -0.0035311131559904365 0.0099267694927544139 0
leaf_weight=77.165011929348111 3.5763950794935253 9.2475373037159443 10.623897036537526 47.796038467437029 3.2528907209634772 16.568178229033947 52.714333159849048 73.217729113996029 8.3734071850776655 1.8420393019914634 2.4806426838040352
leaf_count=359 14 125 126 176 24 47 308 298 37 5 17
internal_value=-0.00016995 -0.00545401 -0.00787398 0.000313324 0.00330945 -0.00051941 -0.00242876 0.00215357 0.00511798 -0.00112547 -0.0101798
internal_weight=306.858 25.2899 21.7135 281.568 61.903 219.665 129.879 89.7859 56.1694 12.4659 5.73353
internal_count=1536 270 256 1266 254 1012 667 345 213 131 41
is_linear=0
shrinkage=0.015


Tree=223
num_leaves=13
num_cat=0
split_feature=1 13 16 14 10 9 13 13 18 0 5 13
split_gain=3.77946 6.43633 5.1331 5.06068 4.90254 5.73746 4.54343 4.04189 3.93529 3.10165 2.8095 0.502118
threshold=0.097901855157798437 0.42016086844987233 0.0044661897039478321 1.0000000180025095e-35 -0.0093223085917822617 -0.0069913343968608351 0.64588885201918389 0.46329498762218463 16.500000000000004 0.5053830700544103 0.8524511139273746 0.84964782851047216
decision_type=2 2 2 2 2 2 2 2 2 2 2 2
left_child=1 2 -1 9 6 -6 -2 -5 -7 -3 -4 -8
right_child=4 3 10 7 5 8 11 -9 -10 -11 -12 -13
leaf_value=0.0041997724518564785 0.00019971715678707377 0.0079900412429232265 0 0.0094095551194206747 0.0098721169719212069 -0.0002630100624783202 -0.017641970533784482 -0.0018704753483663236 -0.0061418570829412569 -0.0024235340463606625 -0.018859341902726156 -0.0011422778410869105
leaf_weight=3.4923947602510435 5.2976770289242259 43.435679430142045 2.3584966361522675 6.4906156100332728 8.753659548237918 145.38656765036285 6.1863957736641151 43.065227668732405 30.020773177966475 5.3482869416475287 4.9882100522518158 1.8251910954713819
leaf_count=11 24 137 10 18 28 747 56 204 218 30 40 13
internal_value=-0.000167934 0.00202172 -0.00787053 0.00332195 -0.0014243 -0.000694398 -0.00962398 0 -0.00136934 0.00665021 -0.0140817 -0.0156113
internal_weight=306.649 109.179 10.8391 98.3398 197.47 184.161 13.3093 49.5558 175.407 48.784 7.34671 8.01159
internal_count=1536 450 61 389 1086 993 93 222 965 167 50 69
is_linear=0
shrinkage=0.015


Tree=224
num_leaves=12
num_cat=0
split_feature=6 10 13 17 4 4 13 2 2 10 13
split_gain=3.75189 4.43962 4.22531 4.93451 8.58996 6.77846 3.2812 8.31087 4.84389 2.28468 1.29255
threshold=1.2945415533128872 -0.0062170910561582509 0.83071354379425943 0.71814882659917034 0.56658364804776495 1.4708560054652235 0.8909943111482953 0.65432441332875302 0.29732524087361956 0.014066109766974087 0.47167648989912414
decision_type=2 2 2 2 2 2 2 2 2 2 2
left_child=2 -2 3 4 -1 -5 7 -4 -8 10 -3
right_child=1 9 6 5 -6 -7 8 -9 -10 -11 -12
leaf_value=0.01064813131504643 0.0025782712952628121 0 -0.01737681937533133 0.0052780718602684377 -0.0014900952320008405 -0.0077725437431348026 0.0082963443428168294 0.0069611668829800298 -0.011410609511884322 0 -0.015699039734302107
leaf_weight=12.12334769964218 6.5601155571639564 1.853354688733815 8.5290764234960097 75.148249082267284 172.31558607518673 7.9197665080428115 5.5430796220898619 2.7099708765745154 2.4013335444033146 2.8575056679546824 8.4683007895946485
leaf_count=31 26 11 73 271 906 53 20 10 22 14 99
internal_value=-0.000167505 -0.00619061 0.000261234 0.000791195 -0.000546343 0.00379217 -0.00615182 -0.0107768 0.000488524 -0.0108141 -0.0136303
internal_weight=306.43 19.7393 286.69 267.507 184.439 83.068 19.1835 11.239 7.94441 13.1792 10.3217
internal_count=1536 150 1386 1261 937 324 125 83 42 124 110
is_linear=0
shrinkage=0.015


Tree=225
num_leaves=8
num_cat=0
split_feature=1 4 5 5 5 10 0
split_gain=3.70058 3.75343 3.65773 4.50142 6.71342 6.38543 0.86675
threshold=0.54476242354889681 2.1714905847058401 0.3710928666518219 0.70985945788541116 0.96114386095066784 0.0021656055332962974 0.46062381700294169
decision_type=2 2 2 2 2 2 2
left_child=2 -2 -1 5 -5 -4 -3
right_child=1 6 3 4 -6 -7 -8
leaf_value=-0.01205671201580214 -0.01315650044710019 -0.0037477396714622724 0.013312772506280332 -0.0050106176437589517 0.0010365736325987176 -0.0024187676679670771 0.0047289293545120193
leaf_weight=3.3445903658866873 7.6648308094590885 2.4978258050978184 11.810728114098312 48.689784357324243 220.28376485407352 7.9123258441686621 3.9761363342404366
leaf_count=21 128 23 29 244 1030 38 23
internal_value=-0.00016672 -0.00717224 0.000193414 0.000443107 -5.93181e-05 0.00701483 0.000460711
internal_weight=306.18 14.1388 292.041 288.697 268.974 19.7231 6.47396
internal_count=1536 174 1362 1341 1274 67 46
is_linear=0
shrinkage=0.015


Tree=226
num_leaves=14
num_cat=0
split_feature=1 13 6 13 16 13 17 17 16 8 1 4 18
split_gain=3.65223 6.24614 5.12978 5.30578 5.03432 4.58602 5.02579 9.6152 8.19463 3.76302 3.22252 2.45444 1.75248
threshold=0.097901855157798437 0.42016086844987233 1.1347362195368607 0.83071354379425943 0.0044661897039478321 0.39212427453826204 0.80569254215971964 1.0665525522714712 0.0033486803253486475 0.48206180323214681 0.043521712614618069 0.69550489664356496 8.5000000000000018
decision_type=2 2 2 2 2 2 2 2 2 2 2 2 2
left_child=1 4 3 -3 -1 9 8 -8 -7 12 -4 -6 -2
right_child=5 2 10 -5 11 6 7 -9 -10 -11 -12 -13 -14
leaf_value=0.0041773518283619981 0.015024380952175759 0.0060363911234523294 -0.010530894138899429 -0.0064382848606768673 0 -0.01170712005234893 0.0059808855489890253 -0.0069783889989729125 -0.0018104581319663986 -0.0039125039901273979 0.0012388337357198912 -0.018451443375174275 0.0011709738980265948
leaf_weight=3.4906653389334661 5.7391923256218416 75.193065833300352 6.7412306666374233 6.3142390698194495 2.3984513580799103 21.996542973443866 36.557399500161409 17.086536262184381 106.72227226942778 4.0057768113911143 9.853530162945388 4.9353782087564468 5.0585745573043823
leaf_count=11 13 267 42 35 10 162 148 103 616 21 45 40 23
internal_value=-0.000166322 0.0019884 0.00327236 0.00484913 -0.00775885 -0.00140239 -0.00210375 0.00161588 -0.0037123 0.00601328 -0.00375743 -0.0139214 0.0103176
internal_weight=306.093 108.927 98.1021 81.5073 10.8245 197.166 182.363 53.6439 128.719 14.8035 16.5948 7.33383 10.7978
internal_count=1536 450 389 302 61 1086 1029 251 778 57 87 50 36
is_linear=0
shrinkage=0.015


Tree=227
num_leaves=12
num_cat=0
split_feature=6 10 0 3 16 12 18 17 7 0 18
split_gain=3.60079 4.36806 4.13672 4.92687 4.77863 2.9966 4.89495 2.87655 2.25599 2.35266 0.521402
threshold=1.2945415533128872 -0.0062170910561582509 0.17403082514470272 1.0093979862086557 0.0076307750376172741 0.0040363824273361723 8.5000000000000018 -0.59532709299293074 41.390000000000107 0.09928919026168416 12.500000000000002
decision_type=2 2 2 2 2 2 2 2 2 2 2
left_child=2 -2 5 4 -4 6 -1 -5 9 -3 -7
right_child=1 8 3 7 -6 10 -8 -9 -10 -11 -12
leaf_value=-0.008140255724406277 0.002592684506153397 0.00049934765606668983 0.0012376817247842248 0.0027404199349934958 -0.0036009688435617729 0.012309417211437671 0.004952529902081686 -0.013630925260077184 0 -0.01590376115962671 0.0026602360226162984
leaf_weight=6.8196627758443382 6.561657119542363 1.2060065940022457 175.65464251302183 1.5188236553221939 59.930458769202232 8.5312249660491926 20.519917268306017 7.6056711040437204 2.9514185581356278 8.9190045781433565 5.6536798626184455
leaf_count=38 26 5 774 14 330 24 78 106 16 103 22
internal_value=-0.000166586 -0.0060817 0.000252604 -0.000473921 0 0.00453147 0.00109873 -0.0102289 -0.0106984 -0.0135713 0.00973091
internal_weight=305.872 19.6381 286.234 244.71 235.585 41.5245 27.3396 9.12449 13.0764 10.125 14.1849
internal_count=1536 150 1386 1224 1104 162 116 120 124 108 46
is_linear=0
shrinkage=0.015


Tree=228
num_leaves=13
num_cat=0
split_feature=0 2 2 9 2 6 7 1 4 10 6 0
split_gain=3.58448 4.62129 10.4733 7.95739 11.6293 4.59171 4.06735 4.00583 3.17514 2.19225 1.57976 0.743769
threshold=0.72985739750445744 0.20283274504347931 0.25540084878785568 0.0051255826028127381 0.036989908499794909 1.0936731172905103 37.490000000000016 0.0715258938561847 0.65304384356211165 0.012719750301515651 1.1470518139200607 0.84776784936248217
decision_type=2 2 2 2 2 2 2 2 2 2 2 2
left_child=1 3 7 4 -1 9 -4 -3 -5 -2 -7 -12
right_child=5 2 6 8 -6 10 -8 -9 -10 -11 11 -13
leaf_value=-0.008965034991900012 -0.015935396018399977 -0.00033202716691519389 -0.0011501558393922371 0.001529363711429442 0.0081105896416756897 0.0079782749822373718 0.0039209651200457574 -0.016710337658068924 -0.0098742876828426997 0 -0.0075044918470697983 0.0012418901706485034
leaf_weight=8.4746771007776243 7.0779929198324663 6.048061270266774 146.18175476230681 7.2332014292478588 57.212847869843245 2.997253790497779 44.786050109192729 10.374451214447616 10.468016322702168 1.4472401216626165 1.9738079905509951 1.3657350987195966
leaf_count=51 75 28 732 28 207 12 203 85 70 8 28 9
internal_value=-0.000164014 0.000199517 -0.000973966 0.00316029 0.00559697 -0.00690141 2.85766e-05 -0.0117765 -0.00515155 -0.0131208 0.00170664 -0.00339758
internal_weight=305.641 290.779 207.39 83.3887 65.6875 14.862 190.968 16.4225 17.7012 8.52523 6.3368 3.33954
internal_count=1536 1404 1048 356 258 132 935 113 98 83 49 37
is_linear=0
shrinkage=0.015


Tree=229
num_leaves=14
num_cat=0
split_feature=0 17 17 16 15 16 0 10 15 0 10 15 15
split_gain=3.55894 5.87388 8.58 7.17191 7.16906 4.61707 4.71123 4.05556 3.95718 3.42008 2.59971 1.88022 0.264332
threshold=0.393794782917188 0.93887916895468615 0.85451350443818119 0.0032369708302672942 6.0714285714285561 0.0032369708302672942 0.37113850096551559 0.0033952551697511795 4.5814285714285958 0.64342085696683726 0.0016582941508819081 7.42607142857144 5.9625000000000261
decision_type=2 2 2 2 2 2 2 2 2 2 2 2 2
left_child=5 2 4 -3 -2 7 8 10 -7 -5 -1 -8 -4
right_child=1 3 12 9 -6 6 11 -9 -10 -11 -12 -13 -14
leaf_value=-0.004883272669729646 0.0022491039396147269 0.0043271227207612242 0.00052797280398250517 -0.019508872636789926 -0.0051911900911432848 0.008708001473196867 0.00079266443061852207 -0.016995825854944517 0.00024649464642572121 -0.00039006827194837412 0.0053452646197647887 0.013255185932833355 0.012255791600486649
leaf_weight=13.540622279047971 48.028197502717376 4.277452144771817 2.1020005866885176 8.6634025573730451 65.538131156936288 12.30101829767227 5.6592996157705775 2.8889755196869364 113.97832617536187 3.7526084110140792 6.3876187875866881 9.793102599680422 8.5509711503982526
leaf_count=67 235 17 9 74 442 38 25 23 508 27 24 23 24
internal_value=-0.000165402 -0.00192229 -0.000666367 -0.00979549 -0.00199526 0.00129911 0.00235169 -0.00459952 0.00125212 -0.0151065 -0.00107419 0.00973454 0.0109837
internal_weight=305.462 140.913 124.219 16.6935 113.566 164.549 141.732 22.8172 126.279 12.416 19.9282 15.4524 10.653
internal_count=1536 828 710 118 677 708 594 114 546 101 91 48 33
is_linear=0
shrinkage=0.015


Tree=230
num_leaves=12
num_cat=0
split_feature=1 5 5 5 10 12 2 2 14 5 8
split_gain=3.55176 4.54319 5.82452 6.58328 4.51983 6.1289 5.08268 4.77927 2.84082 2.28527 0.970749
threshold=0.39448946073540825 0.57566437663098491 0.70985945788541116 0.96114386095066784 0.0051755433962583737 -0.00084510516199876029 0.41612055370600992 0.19649072826400879 1.0000000180025095e-35 1.1001130681346398 0.12884856602752434
decision_type=2 2 2 2 2 2 2 2 2 2 2
left_child=1 8 10 -4 5 6 -2 -7 -1 -6 -3
right_child=4 2 3 -5 9 7 -8 -9 -10 -11 -12
leaf_value=0 -0.015277743173321664 0.014832244849957543 -0.0045552812324408448 0.0015588582477155056 0 0.011479830048450384 0.0019159738784086371 -0.0018012981072582695 -0.016329793922663163 -0.015645946894115741 0.0035853865213318469
leaf_weight=4.518634691834448 7.3031599950045329 5.2138921320438367 47.505613872781396 193.54860487580299 3.6058984883129579 8.4523980841040629 4.7613639105111361 11.74521293863654 3.6913550719618797 7.2212669625878334 7.7204502746462822
leaf_count=19 94 9 233 872 24 38 27 79 27 86 28
internal_value=-0.000161124 0.00047867 0.000893283 0.000295492 -0.00406915 -0.000771819 -0.00865132 0.00395234 -0.00927586 -0.0116574 0.0100004
internal_weight=305.288 262.199 253.989 241.054 43.0893 32.2621 12.0645 20.1976 8.20999 10.8272 12.9343
internal_count=1536 1188 1142 1105 348 238 121 117 46 110 37
is_linear=0
shrinkage=0.015


Tree=231
num_leaves=9
num_cat=0
split_feature=3 0 10 0 10 7 14 4
split_gain=3.49632 4.28141 3.73718 5.41264 4.1582 3.53721 3.98567 2.68176
threshold=0.81278797092021382 0.073798295053338167 0.016127776390869403 0.72985739750445744 0.01842065615940329 10.35500000000002 1.0000000180025095e-35 1.7398313368295364
decision_type=2 2 2 2 2 2 2 2
left_child=1 -1 3 -3 -4 -2 -7 -8
right_child=5 2 4 -5 -6 6 7 -9
leaf_value=0.0096733552423311168 0.005371375953762394 0.00088928293099275481 -0.015666422806927496 -0.0089624173629373818 0 -0.014369743289772674 0.0028923276008523068 -0.0098145446103852715
leaf_weight=8.5793494209647161 3.5595763623714474 247.03704694099724 5.0942622683942309 11.151462061330674 8.3064849860966188 9.0647869762033224 8.8795396182686073 3.4775126371532687
leaf_count=24 14 1061 40 102 39 125 76 55
internal_value=-0.000160769 0.000308495 -2.84744e-05 0.00036933 -0.00723249 -0.00533433 -0.00774022 -0.0010303
internal_weight=305.15 280.169 271.589 258.189 13.4007 24.9814 21.4218 12.3571
internal_count=1536 1266 1242 1163 79 270 256 131
is_linear=0
shrinkage=0.015


Tree=232
num_leaves=11
num_cat=0
split_feature=1 10 12 2 15 2 15 10 10 18
split_gain=3.45649 4.44532 5.99184 5.00478 4.76916 4.66854 4.17607 5.64504 5.82416 5.05696
threshold=0.39448946073540825 0.0051755433962583737 -0.00084510516199876029 0.41612055370600992 15.39392857142858 0.19649072826400879 21.701071428571471 0.016127776390869403 -0.0097815610132113654 8.5000000000000018
decision_type=2 2 2 2 2 2 2 2 2 2
left_child=6 2 3 -2 -3 -4 7 8 -1 -9
right_child=1 4 5 -5 -6 -7 -8 9 -10 -11
leaf_value=-0.0079903632769620266 -0.015190359105972344 -0.016274996389356026 0.011348028200409676 0.0018920883280117208 0.003014861141751435 -0.0017753463920028695 0.0092782660398571873 0.00075200108868839525 0.0012597080160281031 -0.015901579620389711
leaf_weight=14.305933602154253 7.2311073783785087 8.3499202281236631 8.4552721679210681 4.7591414768248796 2.4101757295429698 11.733729068189858 9.5864364802837354 5.6684243232011777 225.29926203750074 7.1457630097866058
leaf_count=86 94 98 38 27 12 79 29 25 995 53
internal_value=-0.000161078 -0.00402363 -0.000751051 -0.00857275 -0.0115711 0.00391025 0.000469221 3.48832e-05 0.000614806 -0.00892154
internal_weight=304.945 42.9393 32.1793 11.9902 10.7601 20.189 262.006 252.419 239.605 12.8142
internal_count=1536 348 238 121 110 117 1188 1159 1081 78
is_linear=0
shrinkage=0.015


Tree=233
num_leaves=11
num_cat=0
split_feature=6 13 0 4 15 2 6 0 2 13
split_gain=3.46271 3.96506 4.98051 4.54869 5.31148 5.26621 3.67239 3.97126 2.51644 1.69632
threshold=1.2945415533128872 0.83071354379425943 0.40900974025975451 0.81651572866476441 5.8546428571428031 0.043710127591687763 1.6230583376549164 0.21993441451073223 0.039164089454597394 0.8909943111482953
decision_type=2 2 2 2 2 2 2 2 2 2
left_child=1 3 9 4 -1 -5 7 -2 -9 -3
right_child=6 2 -4 5 -6 -7 -8 8 -10 -11
leaf_value=0.008788970519937515 0.0013267605039779548 -0.0047751414302450819 -0.015338621774581998 -0.011021280883783844 0.0007404961823097529 3.4688453594290726e-05 0.0056395737734274013 0.00048699121285160758 -0.015256783922246378 0.0046753858486308832
leaf_weight=27.653052560985088 4.6505673602223458 6.8443646058440226 5.9644027035683385 8.1880221180617792 56.29000049829483 174.0907180737704 2.8917874842882147 1.5523797199130047 10.403035622090099 6.2346144653856754
leaf_count=77 20 41 59 68 216 900 12 10 108 25
internal_value=-0.000160967 0.000249632 -0.00598269 0.00076469 0.00362197 -0.000535475 -0.00598151 -0.008797 -0.0128983 0
internal_weight=304.763 285.265 19.0434 266.222 83.9431 182.279 19.4978 16.606 11.9554 13.079
internal_count=1536 1386 125 1261 293 968 150 138 118 66
is_linear=0
shrinkage=0.015


Tree=234
num_leaves=12
num_cat=0
split_feature=3 7 14 19 9 7 10 3 4 7 2
split_gain=3.40141 3.47808 3.9305 3.08428 11.2471 8.53798 7.46496 12.4028 6.60993 6.17826 2.8078
threshold=0.81278797092021382 10.35500000000002 1.0000000180025095e-35 2.5000000000000004 -0.0013306661626516557 64.000000000000014 0.00017285696253256923 0.54080448356248045 1.0057204381124498 24.509999999999994 0.828478033272951
decision_type=2 2 2 2 2 2 2 2 2 2 2
left_child=3 -2 -3 6 5 -5 7 -1 -6 -8 -4
right_child=1 2 10 4 8 -7 9 -9 -10 -11 -12
leaf_value=0.0072996737275613554 0.0053299270802915633 -0.014297807240797569 -0.0047583327712984267 -0.014610968900928355 0.0042431517266155209 0.0064164779724168444 0.0019142327976620103 -0.011111147796266548 -0.0041166868291963431 -0.0055046503354921044 0.0097233382168023502
leaf_weight=66.215262126177549 3.5575678423047092 8.9657773692160845 10.486597476527093 18.846895817667249 51.099652647972107 3.7030759975314131 59.268554490059614 7.2700003385543814 33.048255547881126 40.241206366568804 1.8471542373299605
leaf_count=227 14 125 126 130 184 12 245 59 186 223 5
internal_value=-0.000159641 -0.00527508 -0.00767375 0.000302583 -0.00165111 -0.010611 0.00155552 0.00513277 0.000853499 -0.00106138 -0.00101217
internal_weight=304.55 24.8571 21.2995 279.693 106.698 22.55 172.995 73.4853 84.1479 99.5098 12.3338
internal_count=1536 270 256 1266 512 142 754 286 370 468 131
is_linear=0
shrinkage=0.015


Tree=235
num_leaves=15
num_cat=0
split_feature=0 3 13 17 19 18 8 7 0 0 0 5 7 5
split_gain=3.42075 4.25273 4.1968 9.27879 6.74 11.5259 8.7712 5.32033 3.75325 3.43629 4.78268 4.66987 1.81101 0.414443
threshold=0.23560009630431292 0.054478488043760341 0.69370523241889503 0.6032657231911096 2.5000000000000004 10.500000000000002 0.11565540034922518 19.934999999999949 0.4942559047979973 0.20758337182978118 0.17403082514470272 0.97793730876420104 17.704999999999931 0.88695938010270681
decision_type=2 2 2 2 2 2 2 2 2 2 2 2 2 2
left_child=1 12 4 8 6 -6 -2 -5 -4 10 -3 -11 -1 -14
right_child=2 9 3 7 5 -7 -8 -9 -10 11 -12 -13 13 -15
leaf_value=0 0.0091230369753593221 0.00051872096674127391 -0.016708515947166949 0.0068857758982002826 -0.011640199272312071 0.0017025881971977313 -0.00017976196594446552 -0.0035989547545810761 -0.0030907023525285553 -0.0059363215541735383 -0.011322040608951454 0.010210809082528034 0.0031416621188485689 0.012421817956043137
leaf_weight=4.3744097650051144 29.317166909575462 30.294649712741375 12.411456139758231 14.40556591004133 22.955913037061691 32.095834672451019 78.16905078291893 30.366111904382706 10.592893289402125 3.5300797894597045 7.7840492241084567 11.841229759156702 5.9110020324587849 10.203046768903731
leaf_count=17 97 140 103 51 148 167 406 179 79 19 52 34 19 25
internal_value=-0.00015896 0.00257704 -0.00108422 -0.00416668 0.000190568 -0.00394275 0.0024094 0 -0.0114866 0.000125849 -0.00215884 0.00581429 0.00805827 0.0101544
internal_weight=304.252 73.9385 230.314 67.776 162.538 55.0517 107.486 44.7717 23.0043 53.45 38.0787 15.3713 20.4885 16.114
internal_count=1536 306 1230 412 818 315 503 230 182 245 192 53 61 44
is_linear=0
shrinkage=0.015


Tree=236
num_leaves=12
num_cat=0
split_feature=6 10 0 4 13 10 20 3 17 10 0
split_gain=3.38766 4.23845 3.88517 4.68138 7.01561 4.21915 2.84223 4.37728 2.85625 2.22354 2.67353
threshold=1.2945415533128872 -0.0062170910561582509 0.17403082514470272 1.0472900214547567 0.60525750567854575 -0.01080057684656412 1.0000000180025095e-35 0.40295681401127631 0.3023939802385372 0.014066109766974087 0.081248898678399697
decision_type=2 2 2 2 2 2 2 2 2 2 2
left_child=2 -2 6 5 -5 -4 7 -1 -8 10 -3
right_child=1 9 3 4 -6 -7 8 -9 -10 -11 -12
leaf_value=0.0034301308147542241 0.0025975167706736245 0.0016953172873740991 -0.0081543295425496511 0.00036172503337655561 -0.0073584962401851946 0.0019951904157263995 0.00012741763176501693 -0.012836908539518998 0.011277426414452034 0 -0.015794849340526357
leaf_weight=14.151427611708643 6.5362908914685276 1.0573352053761471 7.7112588211894026 59.627932535484433 43.085076969116926 132.93700002506375 9.5811171755194682 2.8235397748649111 14.691181525588034 2.8276002928614608 8.9877157323062402
leaf_count=46 26 4 47 323 346 508 45 29 42 14 106
internal_value=-0.000157274 -0.00592697 0.000248637 -0.000456184 -0.00288375 0.00127962 0.00440933 0 0.00750636 -0.0105269 -0.0133554
internal_weight=304.017 19.4089 284.609 243.361 102.713 140.648 41.2473 16.975 24.2723 12.8727 10.0451
internal_count=1536 150 1386 1224 669 555 162 75 87 124 110
is_linear=0
shrinkage=0.015


Tree=237
num_leaves=11
num_cat=0
split_feature=6 10 13 0 17 4 4 2 0 16
split_gain=3.30104 4.15837 3.79108 4.9183 4.60323 8.04351 6.33666 2.21711 1.90537 1.69867
threshold=1.2945415533128872 -0.0062170910561582509 0.83071354379425943 0.40900974025975451 0.71814882659917034 0.56658364804776495 1.4708560054652235 0.019471240770376732 0.21315491108724574 0.014889570690491112
decision_type=2 2 2 2 2 2 2 2 2 2
left_child=2 -2 4 9 5 -1 -6 -3 -9 -4
right_child=1 7 3 -5 6 -7 -8 8 -10 -11
leaf_value=0.010348177851864386 0.0025683204470718264 0.0026755732523789481 0.0031121986789072365 -0.015209119858518035 0.0051042750191692471 -0.0014618955335731936 -0.0075612931985376735 0 -0.015421876349050206 -0.0070102921773426809
leaf_weight=11.961468011140822 6.5341871343553093 0.97959958761930366 9.5358138866722602 5.8971370775252572 74.539066061377525 171.09808091819286 7.8317109681665888 3.2291729860007754 8.5897648585960251 3.5035579130053511
leaf_count=31 26 3 45 59 271 906 53 18 103 21
internal_value=-0.00015564 -0.00586194 0.000244344 -0.00586479 0.000748832 -0.000546179 0.00366046 -0.0104382 -0.0122977 0
internal_weight=303.7 19.3327 284.367 18.9365 265.43 183.06 82.3708 12.7985 11.8189 13.0394
internal_count=1536 150 1386 125 1261 937 324 124 121 66
is_linear=0
shrinkage=0.015


Tree=238
num_leaves=13
num_cat=0
split_feature=0 6 18 3 12 18 9 12 9 6 15 12
split_gain=3.2882 4.50244 3.96086 9.56646 7.51965 4.21305 7.93406 7.0162 2.34241 1.49502 1.36742 0.73631
threshold=0.72985739750445744 1.0936731172905103 16.500000000000004 0.41423565063073886 0.0020956076473820366 10.500000000000002 0.0051255826028127381 0.002422547720925317 0.0059723812127480827 1.1470518139200607 12.079999999999977 0.0034941642199995964
decision_type=2 2 2 2 2 2 2 2 2 2 2 2
left_child=2 8 5 4 -4 7 -7 -1 -2 -3 -5 -11
right_child=1 9 3 10 -6 6 -8 -9 -10 11 -12 -13
leaf_value=-0.0036556327206047259 -0.015785248866664964 0.007931331619110556 0.0052384483545115778 -0.016575562223803759 -0.0065623033875077275 0.005033474932881591 -0.0064519776833033378 0.0033737640962245388 0.00039583592230053763 -0.007269046023316004 -0.0027302815778471978 0.0014861481059226366
leaf_weight=73.996243786066771 7.0192532632499915 2.9782606698572627 26.841090384870768 9.0101914992555958 18.929321903735399 89.269512366503477 13.598579563200472 52.553648062050343 1.3447458446025846 1.9828045740723612 4.6489958725869647 1.2888745069503782
leaf_count=387 75 12 97 113 100 372 81 215 8 30 39 7
internal_value=-0.000155647 -0.00665865 0.000191104 -0.00316485 0.000130583 0.0011127 0.00334955 -0.000671049 -0.0128857 0.0018692 -0.0132928 -0.00314197
internal_weight=303.462 14.6139 288.848 59.4296 45.7704 229.418 102.868 126.55 8.364 6.24994 13.6592 3.27168
internal_count=1536 132 1404 349 197 1055 453 602 83 49 152 37
is_linear=0
shrinkage=0.015


Tree=239
num_leaves=13
num_cat=0
split_feature=1 13 6 5 6 13 17 17 18 8 1 18
split_gain=3.28664 6.05644 4.79544 6.19253 4.72383 4.47238 4.72132 9.17107 6.29675 3.71775 3.10571 1.65308
threshold=0.097901855157798437 0.42016086844987233 1.1347362195368607 0.59062887780879703 1.0007813258987441 0.39212427453826204 0.80569254215971964 1.0665525522714712 10.500000000000002 0.48206180323214681 0.043521712614618069 8.5000000000000018
decision_type=2 2 2 2 2 2 2 2 2 2 2 2
left_child=1 4 3 -3 -1 9 8 -8 -7 11 -4 -2
right_child=5 2 10 -5 -6 6 7 -9 -10 -11 -12 -13
leaf_value=-0.015376427910321575 0.01488717222491473 -0.0083445646929400184 -0.010327866339864867 0.0059201956235945472 0.0016122045885885157 -0.0075315581129576474 0.0058637746283289032 -0.0068601963009868637 -0.00067718496238320985 -0.0038711617294050547 0.0012607977079401639 0.0012484627687932895
leaf_weight=5.6375008374452573 5.7154962830245477 5.3568307757377616 6.6749435849487808 75.345105029642582 5.1023283004760742 51.966063670814037 36.23545290902257 16.854498188942671 75.553559060208499 3.996017161756753 9.7694347240030748 5.0337085165083408
leaf_count=40 13 30 42 272 21 330 148 103 448 21 45 23
internal_value=-0.000156957 0.0018953 0.0031696 0.00470374 -0.00773064 -0.00133605 -0.00203499 0.00158574 -0.00360151 0.00599763 -0.00364636 0.0102864
internal_weight=303.241 107.886 97.1463 80.7019 10.7398 195.355 180.61 53.09 127.52 14.7452 16.4444 10.7492
internal_count=1536 450 389 302 61 1086 1029 251 778 57 87 36
is_linear=0
shrinkage=0.015


Tree=240
num_leaves=15
num_cat=0
split_feature=0 17 17 8 16 16 7 0 15 0 6 0 15 4
split_gain=3.21387 5.79429 8.10738 7.05498 6.91331 4.4731 6.59362 4.62996 3.78071 3.26696 2.71461 2.35253 1.77884 0.439238
threshold=0.393794782917188 0.93887916895468615 0.85451350443818119 0.91687990446946188 0.0032369708302672942 0.0032369708302672942 15.689999999999829 0.37113850096551559 4.5814285714285958 0.64342085696683726 1.0139854981978742 0.15986753856474009 7.42607142857144 0.63318444342361424
decision_type=2 2 2 2 2 2 2 2 2 2 2 2 2 2
left_child=5 2 3 -2 -3 6 10 8 -7 -6 -1 -8 -9 -4
right_child=1 4 13 -5 9 7 11 12 -10 -11 -12 -13 -14 -15
leaf_value=-0.0044573847494002346 -0.00039726638172590285 0.0041958350186360339 0.00054279042892041093 -0.011768028640746721 -0.019300889065016445 0.0085047502613902256 0 0.0008077917761677145 0.00019912194686940251 -0.00042696105325880075 0.0065613775899332439 -0.018900434198194919 0.013054944861674498 0.012383970322957067
leaf_weight=7.9081342369318026 100.29754640255123 4.2423048503696945 2.4546345025300971 12.295804440975187 8.5166053771972638 12.171596914529799 1.8743644505739201 5.6131801642477503 113.17668034508824 3.7237212732434264 7.8305229879915714 5.0597564689815044 9.7321216985583288 8.146198380738495
leaf_count=36 597 17 9 80 74 38 8 25 508 27 26 44 23 24
internal_value=-0.00015687 -0.00183542 -0.000585528 -0.00188818 -0.00969732 0.00123776 -0.0045835 0.00227952 0.00118541 -0.0149522 0.000723697 -0.0149343 0.00961713 0.0107587
internal_weight=303.043 139.677 123.194 112.593 16.4826 163.366 22.6728 140.694 125.348 12.2403 15.7387 6.93412 15.3453 10.6008
internal_count=1536 828 710 677 118 708 114 594 546 101 62 52 48 33
is_linear=0
shrinkage=0.015


Tree=241
num_leaves=9
num_cat=0
split_feature=3 0 3 4 7 14 2 15
split_gain=3.21493 4.07367 3.62256 4.45532 3.37392 3.90155 2.68652 1.50884
threshold=0.81278797092021382 0.073798295053338167 0.77189352062400707 1.0472900214547567 10.35500000000002 1.0000000180025095e-35 0.828478033272951 6.0714285714285561
decision_type=2 2 2 2 2 2 2 2
left_child=1 -1 3 -3 -2 -6 -7 -4
right_child=4 2 7 -5 5 6 -8 -9
leaf_value=0.0094856945170549364 0.0052709398070954492 0.001099928978400894 0.014566881957567732 -0.002886079123128495 -0.014194389884831356 -0.004621791892382131 0.0095559148060508619 0.00043795720406045863
leaf_weight=8.4529059529304487 3.5514832809567478 162.86308573931456 3.2458457052707663 99.265403451398015 8.8069087816402316 10.38048769533634 1.8517438024282462 4.4653058089315891
leaf_count=24 14 658 7 549 125 126 5 28
internal_value=-0.000154391 0.000294257 -3.3752e-05 -0.00039156 -0.00515404 -0.00754414 -0.000907314 0.00893273
internal_weight=302.883 278.293 269.84 262.128 24.5906 21.0391 12.2322 7.71115
internal_count=1536 1266 1242 1207 270 256 131 35
is_linear=0
shrinkage=0.015


Tree=242
num_leaves=8
num_cat=0
split_feature=5 5 5 3 1 14 17
split_gain=3.28196 4.48076 5.79814 8.39611 5.43711 5.37899 2.83057
threshold=0.3710928666518219 0.70985945788541116 0.96114386095066784 0.088094949701211137 0.21710613946557569 1.0000000180025095e-35 0.65704144776927154
decision_type=2 2 2 2 2 2 2
left_child=-1 5 3 -3 -4 -2 -7
right_child=1 2 4 -5 -6 6 -8
leaf_value=-0.011830286431808265 0.012894613829611429 0.003378397815674459 0.0024658358852991898 -0.0092135633127378158 -0.0021537529534591789 0.0034090254156005978 -0.011126806986485941
leaf_weight=3.3220795020461074 10.879468776285648 15.669126857072113 135.81287852674723 33.142353266477585 95.120496027171612 6.2168267518281937 2.5425152480602264
leaf_count=21 27 54 584 198 610 25 17
internal_value=-0.000148868 3.3515e-05 -0.000447009 -0.0050499 0.000528694 0.00663361 -0.00139714
internal_weight=302.706 299.384 279.745 48.8115 230.933 19.6388 8.75934
internal_count=1536 1515 1446 252 1194 69 42
is_linear=0
shrinkage=0.015


Tree=243
num_leaves=8
num_cat=0
split_feature=5 5 5 3 0 9 3
split_gain=3.21963 4.36325 5.62873 8.16569 4.28505 3.97727 2.3287
threshold=0.3710928666518219 0.70985945788541116 0.96114386095066784 0.088094949701211137 0.17403082514470272 0.00021763611052752 0.16554144146538632
decision_type=2 2 2 2 2 2 2
left_child=-1 5 3 -3 -4 -2 -7
right_child=1 2 4 -5 -6 6 -8
leaf_value=-0.011715445987138235 0.012337947385416864 0.0033368867945243789 0.0052962172865942438 -0.0090813088079646602 -0.00030991604012462387 0.0047064498971359807 -0.0078629043305284193
leaf_weight=3.3239153213798991 9.9708395302295703 15.651107784360645 33.940115850418806 33.1497124992311 196.91257993783802 6.0400871708989126 3.5942368432879448
leaf_count=21 26 54 138 198 1056 20 23
internal_value=-0.000147508 3.30073e-05 -0.000440631 -0.00497641 0.000520503 0.00655162 0
internal_weight=302.583 299.259 279.654 48.8008 230.853 19.6052 9.63432
internal_count=1536 1515 1446 252 1194 69 43
is_linear=0
shrinkage=0.015


Tree=244
num_leaves=8
num_cat=0
split_feature=5 5 10 5 10 3 13
split_gain=3.15901 4.25596 5.89478 5.46546 8.3278 7.9419 1.55209
threshold=0.3710928666518219 0.70985945788541116 0.0021656055332962974 0.96114386095066784 -0.0093223085917822617 0.088094949701211137 0.80428249900744886
decision_type=2 2 2 2 2 2 2
left_child=-1 2 -2 5 -5 -3 -4
right_child=1 3 6 4 -6 -7 -8
leaf_value=-0.011602099377675318 0.012591581846318985 0.0032958605048336652 -0.0076510783847390778 -0.01038469087649248 0.0012681271461377848 -0.0089511765193913805 0.0027994900486956404
leaf_weight=3.3255686759948722 11.675046749413015 15.633271891623734 4.2943169698119155 12.660357385873793 218.13950751163065 33.156194031238556 3.5979570224881172
leaf_count=21 30 54 25 94 1100 198 14
internal_value=-0.00014528 3.33803e-05 0.00647756 -0.000433791 0.00051298 -0.00490402 -0.0025259
internal_weight=302.482 299.157 19.5673 279.589 230.8 48.7895 7.89227
internal_count=1536 1515 69 1446 1194 252 39
is_linear=0
shrinkage=0.015


Tree=245
num_leaves=8
num_cat=0
split_feature=1 4 5 5 10 5 0
split_gain=3.16107 3.6956 3.31328 3.92458 5.88265 5.81148 0.883343
threshold=0.54476242354889681 2.1714905847058401 0.3710928666518219 0.70985945788541116 0.0021656055332962974 0.96114386095066784 0.46062381700294169
decision_type=2 2 2 2 2 2 2
left_child=2 -2 -1 4 -4 -5 -3
right_child=1 6 3 5 -6 -7 -8
leaf_value=-0.011490217170615232 -0.012872809643848841 -0.003525372254573775 0.012760917981001711 -0.0046741384245639105 -0.0024105659887643017 0.00098077970960442967 0.0050079973267715882
leaf_weight=3.3270440250635138 7.2580346111208183 2.4420047160238028 11.51660702750087 48.19030587375164 7.8370357155799857 217.90536390058696 3.9258855655789375
leaf_count=21 128 23 29 244 38 1030 23
internal_value=-0.000144595 -0.00672983 0.000184488 0.000425653 0.0066158 -4.25882e-05 0.000778822
internal_weight=302.402 13.6259 288.776 285.449 19.3536 266.096 6.36789
internal_count=1536 174 1362 1341 67 1274 46
is_linear=0
shrinkage=0.015


Tree=246
num_leaves=11
num_cat=0
split_feature=3 0 3 4 15 10 13 2 15 0
split_gain=3.1666 3.88944 3.51475 4.38362 2.73172 4.29844 3.49222 2.23047 1.49164 1.00355
threshold=0.81278797092021382 0.073798295053338167 0.77189352062400707 1.0472900214547567 4.3232142857142604 0.0076758036160172191 0.39212427453826204 0.81425206165747088 6.0714285714285561 0.31068739409433649
decision_type=2 2 2 2 2 2 2 2 2 2
left_child=1 -1 3 -3 9 6 -6 -7 -4 -2
right_child=4 2 8 -5 5 7 -8 -9 -10 -11
leaf_value=0.0093168260084039323 0.0068093326330828825 0.0011077498511410633 0.014410246835459635 -0.0028494133394964482 0.0030856270837945022 -0.0033963368736445844 -0.01478833664793475 0.011246428978964497 0.00038637993753901133 -0.0021694660728192399
leaf_weight=8.3715270087122899 3.2646976560354259 162.66690928116441 3.2445379346609107 99.089774563908577 1.4655934907496 3.8217134699225417 11.547305077314375 1.6324417814612386 4.4618998356163502 2.7478916123509407
leaf_count=24 12 658 7 549 13 47 176 3 28 19
internal_value=-0.000144442 0.000300409 -1.86581e-05 -0.000372073 -0.00511791 -0.00786968 -0.0121328 0.00182174 0.00881599 0.00225254
internal_weight=302.314 277.835 269.463 261.757 24.4796 18.4671 13.0129 5.45416 7.70644 6.01259
internal_count=1536 1266 1242 1207 270 239 189 50 35 31
is_linear=0
shrinkage=0.015


Tree=247
num_leaves=12
num_cat=0
split_feature=6 10 13 18 18 13 13 2 2 2 15
split_gain=3.12572 4.01546 3.7421 4.58781 10.8953 10.4628 3.04291 7.57517 3.74602 2.66539 1.11324
threshold=1.2945415533128872 -0.0062170910561582509 0.83071354379425943 10.500000000000002 14.500000000000002 0.79792827714947878 0.88942490628785698 0.74067112225005383 0.29732524087361956 0.011903118460867097 9.6367857142857627
decision_type=2 2 2 2 2 2 2 2 2 2 2
left_child=2 -2 3 5 -5 -1 7 -4 -8 -3 -11
right_child=1 9 6 4 -6 -7 8 -9 -10 10 -12
leaf_value=-0.0026455036089677404 0.002539341546270407 0.0044940679730010999 -0.016608150303821713 0.006935781942786181 -0.0012550274290547348 0.012858706681736857 0.0073539643016254574 0.0083950950891929031 -0.0092146368696673173 -0.013779077105051165 0
leaf_weight=114.52378547005355 6.5148224309086826 0.75827980041503806 8.2406604923307913 66.554455837234855 74.522268323227763 8.610570412129162 5.5637273974716646 1.8819205984473217 3.1101665683090687 10.295289413072167 1.5467809140682209
leaf_count=585 26 1 72 240 410 26 21 5 27 114 9
internal_value=-0.000138636 -0.00572211 0.000249681 0.000751717 0.00259959 -0.0013132 -0.00584014 -0.0107229 9.69704e-05 -0.01027 -0.0122699
internal_weight=302.123 19.1152 283.008 264.211 141.077 123.134 18.7965 10.1226 8.67389 12.6004 11.8421
internal_count=1536 150 1386 1261 650 611 125 77 48 124 123
is_linear=0
shrinkage=0.015


Tree=248
num_leaves=10
num_cat=0
split_feature=3 7 14 3 3 7 4 15 4
split_gain=3.07773 3.24607 3.85407 2.96156 4.53533 3.59877 2.59579 1.6654 1.0707
threshold=0.81278797092021382 10.35500000000002 1.0000000180025095e-35 0.77189352062400707 0.6942779136003886 62.344999999999807 1.7398313368295364 6.0714285714285561 0.81651572866476441
decision_type=2 2 2 2 2 2 2 2 2
left_child=3 -2 -3 4 5 -1 -4 -5 -6
right_child=1 2 6 7 8 -7 -8 -9 -10
leaf_value=-0.00016752654505552533 0.0051512257423084271 -0.014086654616075214 0.0030134882944118429 0.014258488034709409 0 0.0060067833925320042 -0.0096106266683885066 1.7115557268574095e-05 -0.013789423495232643
leaf_weight=242.79088114388287 3.5467153415083912 8.6508411569520831 8.7692392608150822 3.2456045635044566 1.4220440760254849 21.100106067955494 3.3683072254061708 4.5714984908699989 4.472453074529767
leaf_count=1098 14 125 76 7 7 78 55 29 47
internal_value=-0.000136029 -0.00505417 -0.00742372 0.000301348 0 0.000339419 -0.000823327 0.00839421 -0.0111974
internal_weight=301.938 24.3351 20.7884 277.603 269.785 263.891 12.1375 7.8171 5.8945
internal_count=1536 270 256 1266 1230 1176 131 36 54
is_linear=0
shrinkage=0.015


Tree=249
num_leaves=11
num_cat=0
split_feature=0 2 2 9 2 4 7 1 15 2
split_gain=3.12742 4.4049 9.90051 7.33361 11.095 4.33137 4.07968 3.81724 3.21512 2.44999
threshold=0.72985739750445744 0.20283274504347931 0.25540084878785568 0.0051255826028127381 0.036989908499794909 0.75556629966366728 37.490000000000016 0.0715258938561847 17.373928571428568 0.18657111513879229
decision_type=2 2 2 2 2 2 2 2 2 2
left_child=1 3 7 4 -1 -2 -4 -3 -5 -7
right_child=5 2 6 8 -6 9 -8 -9 -10 -11
leaf_value=-0.0088188164042074402 0.0026570955814332643 -0.00029325062043832821 -0.0011577343270478034 -0.0081868897342980348 0.0079293393809167813 -0.015032618637869397 0.0039512496335009258 -0.016391469603295492 0.0047999729328547375 0.00078008469726172037
leaf_weight=8.3814769275486452 5.3425475694239131 5.9982337504625347 144.47600065544248 13.878331918269398 56.623847417533398 7.5983925610780698 44.230111734941602 10.178228836506603 3.5944704785943022 1.4962856620550153
leaf_count=51 24 28 732 87 207 95 203 85 11 13
internal_value=-0.000134216 0.000203127 -0.000949225 0.00310915 0.00545921 -0.00651276 2.92933e-05 -0.0115239 -0.00491151 -0.0120834
internal_weight=301.798 287.361 204.883 82.4781 65.0053 14.4372 188.706 16.1765 17.4728 9.09468
internal_count=1536 1404 1048 356 258 132 935 113 98 108
is_linear=0
shrinkage=0.015


Tree=250
num_leaves=13
num_cat=0
split_feature=1 10 12 2 2 10 18 12 19 7 8 0
split_gain=3.05287 4.31904 5.76796 4.84295 4.4419 3.87003 4.91044 4.52007 7.1134 2.65995 2.39065 0.529219
threshold=0.39448946073540825 0.0051755433962583737 -0.00084510516199876029 0.41612055370600992 0.19649072826400879 0.016127776390869403 8.5000000000000018 0.005432698228170608 2.5000000000000004 37.490000000000016 0.89911039661665326 0.21993441451073223
decision_type=2 2 2 2 2 2 2 2 2 2 2 2
left_child=5 2 3 -2 -4 7 -7 8 -1 -3 -9 -8
right_child=1 9 4 -5 -6 6 11 10 -10 -11 -12 -13
leaf_value=0.0022030667179917802 -0.014987439224335063 -0.015705344241574309 0.011251409541895669 0.0019068330355736106 -0.001588759374879289 0.0021058201127852967 -0.0018294386659086447 0 -0.0034571993842097016 0 0.0079551143344196995 -0.016402130899637577
leaf_weight=129.55146633833647 7.0002879388630408 6.9087525214999896 8.4054215997457522 4.7236510626971722 11.583810938522218 6.2122602164745313 2.6060914732515812 11.527084190398453 78.496075380593538 3.5895790532231331 26.020994521677494 4.9840640425682068
leaf_count=559 94 80 38 27 79 26 13 67 397 30 85 41
internal_value=-0.000135257 -0.00379857 -0.000565836 -0.00834821 0.0040017 0.000456679 -0.006688 0.00093928 1.91655e-05 -0.0113107 0.00558904 -0.0136056
internal_weight=301.61 42.2115 31.7132 11.7239 19.9892 259.398 13.8024 245.596 208.048 10.4983 37.5481 7.59016
internal_count=1536 348 238 121 117 1188 80 1108 956 110 152 54
is_linear=0
shrinkage=0.015


Tree=251
num_leaves=11
num_cat=0
split_feature=0 4 10 18 12 4 4 0 12 10
split_gain=3.03208 4.2501 3.97126 4.59726 3.36071 9.14878 4.96677 2.54561 2.13677 0.693767
threshold=0.72985739750445744 0.75556629966366728 0.016127776390869403 8.5000000000000018 -0.0015925923928160055 0.63827691863290503 0.46005880911543545 0.18077021805506968 -0.0042651638456874799 0.019477068158604508
decision_type=2 2 2 2 2 2 2 2 2 2
left_child=2 -2 4 9 5 -1 -6 -5 -3 -4
right_child=1 8 3 7 6 -7 -8 -9 -10 -11
leaf_value=0.0076717712307589579 0.0026300732759106105 0 -0.001955074352628209 0 -0.0098718908925615016 -0.0048344934194735102 0.0021461607940840158 -0.017523104174221066 -0.014884369998105513 0.0052728095787412726
leaf_weight=14.669506426900623 5.3409538865089408 1.7038118001073588 2.9464672766625863 2.0616894476115704 5.9079045355319968 57.412446803413332 194.76752883382142 5.7504468001425266 7.3125238195061675 3.5567328929901123
leaf_count=45 24 16 19 8 34 360 875 51 92 12
internal_value=-0.000136336 -0.00643276 0.000194948 -0.0069585 0.000645604 -0.00204968 0.00166142 -0.0135709 -0.0119849 0.00142639
internal_weight=301.43 14.3573 287.073 14.3153 272.757 72.082 200.675 7.81214 9.01634 6.5032
internal_count=1536 132 1404 90 1314 405 909 59 108 31
is_linear=0
shrinkage=0.015


Tree=252
num_leaves=12
num_cat=0
split_feature=6 10 0 3 10 17 20 3 17 2 0
split_gain=3.05031 3.90479 3.47018 4.34455 4.14469 3.15615 2.73662 4.14397 2.76171 2.65175 1.82115
threshold=1.2945415533128872 -0.0062170910561582509 0.17403082514470272 1.0093979862086557 -0.0093223085917822617 -0.62180831744335141 1.0000000180025095e-35 0.40295681401127631 0.3023939802385372 0.011903118460867097 0.21315491108724574
decision_type=2 2 2 2 2 2 2 2 2 2 2
left_child=2 -2 6 4 -4 -5 7 -1 -8 -3 -11
right_child=1 9 3 5 -6 -7 8 -9 -10 10 -12
leaf_value=0.0032215343967765672 0.0024725881077176178 0.0045168819902514966 -0.0071321654061869055 0.0040447338373964734 0.00056076887110710844 -0.013382119103912236 1.1047594247647014e-05 -0.012663822209960445 0.011003354506976638 0 -0.015251561077229893
leaf_weight=13.988905452191831 6.5023514404892948 0.75890189409255882 14.9738832116127 1.3134397882968185 217.84359940513968 7.3605470582842809 9.5159096121788043 2.7799954190850249 14.454337038099764 3.2118673622608176 8.5390021530911309
leaf_count=46 26 1 95 12 1009 108 45 29 42 18 105
internal_value=-0.000137045 -0.00566686 0.000246331 -0.000419485 0 -0.00977723 0.00420354 -8.1209e-05 0.00726524 -0.0101722 -0.0121852
internal_weight=301.243 19.0121 282.231 241.491 232.817 8.67399 40.7391 16.7689 23.9702 12.5098 11.7509
internal_count=1536 150 1386 1224 1104 120 162 75 87 124 123
is_linear=0
shrinkage=0.015


Tree=253
num_leaves=12
num_cat=0
split_feature=6 6 0 0 3 16 17 20 17 7 20
split_gain=2.97533 3.4252 3.66251 3.38348 4.25511 4.19949 3.12486 2.68645 2.70549 2.6486 2.23807
threshold=1.2945415533128872 1.6230583376549164 0.21993441451073223 0.17403082514470272 1.0093979862086557 0.0076307750376172741 -0.62180831744335141 1.0000000180025095e-35 0.3023939802385372 26.805000000000067 1.0000000180025095e-35
decision_type=2 2 2 2 2 2 2 2 2 2 2
left_child=3 2 -2 7 5 -5 -6 9 -9 -1 -4
right_child=1 -3 10 4 6 -7 -8 8 -10 -11 -12
leaf_value=-0.0065498783797573491 0.0012630802719442327 0.0055811239121106981 -0.014732295940141841 0.0011852500065518484 0.0040170303219676309 -0.0033821779114041627 -0.013319573072900385 1.0910522926159337e-05 0.010908267680660977 0.0042330013605017267 0.00021817416658604174
leaf_weight=6.9897351749241379 4.6098853871226373 2.8550128936767569 9.9555522995069587 173.78416887484491 1.3164301440119741 59.01345631107688 7.2940768487751466 9.5158910453319567 14.379628568887709 9.743168003857134 1.5177995599806315
leaf_count=37 20 12 109 774 12 330 108 45 42 38 9
internal_value=-0.000136232 -0.00560792 -0.00840648 0.000241677 -0.000414863 0 -0.00970462 0.00415512 0.00719426 -8.92988e-05 -0.0124591
internal_weight=300.975 18.9383 16.0832 282.037 241.408 232.798 8.61051 40.6284 23.8955 16.7329 11.4734
internal_count=1536 150 138 1386 1224 1104 120 162 87 75 118
is_linear=0
shrinkage=0.015


Tree=254
num_leaves=12
num_cat=0
split_feature=1 10 12 15 5 5 5 15 15 14 1
split_gain=2.9506 4.24129 5.57875 4.54968 4.20923 5.21775 5.69449 2.97165 2.94206 2.61339 1.01269
threshold=0.39448946073540825 0.0051755433962583737 -0.00084510516199876029 15.39392857142858 0.57566437663098491 0.70985945788541116 0.96114386095066784 4.3232142857142604 12.80785714285714 1.0000000180025095e-35 0.046681169815395808
decision_type=2 2 2 2 2 2 2 2 2 2 2
left_child=4 2 8 -3 9 10 -7 -4 -2 -1 -6
right_child=1 3 7 -5 5 6 -8 -9 -10 -11 -12
leaf_value=0 -0.012617279730025391 -0.015933610507683819 -0.0081852229147816556 0.0029743953190005806 0 -0.0042508131192155107 0.0014677099751237821 0.0061348707902524491 0.00097149961452264871 -0.015782268393528427 0.011788272187408673
leaf_weight=4.4745048992335779 7.9230106631293911 8.0298593118786794 1.6927251368761087 2.3890581503510466 3.3718851879239073 46.952770233154297 191.03227195888758 18.272197769954801 3.7044117115437984 3.6373163238167763 9.2695787623524648
leaf_count=19 97 98 17 12 14 233 872 100 24 27 23
internal_value=-0.000133498 -0.00374393 -0.000536373 -0.0112133 0.000448184 0.000851859 0.000282211 0.00394454 -0.00823043 -0.0089839 0.00956024
internal_weight=300.75 42.0113 31.5923 10.4189 258.738 250.627 237.985 19.9649 11.6274 8.11182 12.6415
internal_count=1536 348 238 110 1188 1142 1105 117 121 46 37
is_linear=0
shrinkage=0.015


Tree=255
num_leaves=13
num_cat=0
split_feature=1 13 16 14 6 10 9 20 13 0 5 13
split_gain=2.93309 5.77729 4.72554 4.63056 5.3344 4.44679 5.12912 5.24465 4.26545 4.05849 3.03001 0.524917
threshold=0.097901855157798437 0.42016086844987233 0.0044661897039478321 1.0000000180025095e-35 1.1186299847159697 -0.0093223085917822617 -0.0069913343968608351 1.0000000180025095e-35 0.64588885201918389 0.52260155797035646 0.8475290025447918 0.84964782851047216
decision_type=2 2 2 2 2 2 2 2 2 2 2 2
left_child=1 2 -1 9 -5 8 -7 -8 -2 -3 -4 -10
right_child=5 3 10 4 -6 6 7 -9 11 -11 -12 -13
leaf_value=0.0039870196700823824 0.00029227576420294641 0.0077567630606947841 0 0.0023738910995750933 -0.0090248234635832078 0.00951393269312493 -0.0043836045479079197 0.00086655170282214696 -0.017097105424404343 -0.0049273283669132055 -0.01844920697199242 -0.00077111515402352392
leaf_weight=3.4486341178417188 5.2561840638518316 43.279624762013555 2.2094110958278179 38.665374591946602 9.9258708842098695 8.588269576430319 68.3667210964486 103.77742432244122 5.9624353833496571 4.3620315492153159 5.0268568731844425 1.7447908073663709
leaf_count=11 24 139 9 162 60 28 444 521 56 28 41 13
internal_value=-0.000134271 0.00181174 -0.00760357 0.00306702 -7.10342e-05 -0.00125431 -0.000553061 -0.00120187 -0.00914908 0.00629261 -0.0136066 -0.0150941
internal_weight=300.614 106.918 10.6849 96.2329 48.5912 193.696 180.732 172.144 12.9634 47.6417 7.23627 7.70723
internal_count=1536 450 61 389 222 1086 993 965 93 167 50 69
is_linear=0
shrinkage=0.015


Tree=256
num_leaves=8
num_cat=0
split_feature=5 5 10 5 10 4 14
split_gain=2.99382 3.95414 5.57246 5.03297 7.87097 5.21778 1.28321
threshold=0.3710928666518219 0.70985945788541116 0.0021656055332962974 0.96114386095066784 -0.0093223085917822617 0.59908831114347116 1.0000000180025095e-35
decision_type=2 2 2 2 2 2 2
left_child=-1 2 -2 5 -5 -3 -4
right_child=1 3 6 4 -6 -7 -8
leaf_value=-0.011303934952714891 0.012271508705722557 0.0018796144325903428 0.0024811045652879866 -0.0101454111343076 0.0012371505226446017 -0.0080066309876739919 -0.0069861837012139784
leaf_weight=3.3110161237418643 11.526549991220238 15.712567031383513 3.3895203322172156 12.517318708822129 216.619673111476 32.835713325068355 4.4600944668054581
leaf_count=21 30 62 13 94 1100 190 26
internal_value=-0.000134755 3.94203e-05 0.0062795 -0.000410971 0.000500488 -0.00471082 -0.00246298
internal_weight=300.372 297.061 19.3762 277.685 229.137 48.5483 7.84961
internal_count=1536 1515 69 1446 1194 252 39
is_linear=0
shrinkage=0.015


Tree=257
num_leaves=12
num_cat=0
split_feature=3 7 14 22 5 8 14 10 12 15 4
split_gain=2.88647 3.19406 3.76083 2.96888 4.88249 6.01562 4.83045 3.34356 7.03983 3.48429 2.50635
threshold=0.81278797092021382 10.35500000000002 1.0000000180025095e-35 1.0000000180025095e-35 1.3396139807349667 0.97315683835584477 1.0000000180025095e-35 0.0059624333540031051 -4.7576096500578917e-05 16.732500000000027 1.7398313368295364
decision_type=2 2 2 2 2 2 2 2 2 2 2
left_child=3 -2 -3 4 6 -6 -1 8 -5 -9 -4
right_child=1 2 10 7 5 -7 -8 9 -10 -11 -12
leaf_value=0.002917765815636509 0.0051917187830488503 -0.013964305410106567 0.0029719747275911727 -0.0023964808291183442 -0.0088066200828397431 0.0063696301889101681 -0.0018815195720285243 -0.0060316819630749138 0.0093954466246846963 0.0080099430368601419 -0.0094890454481095822
leaf_weight=88.789106484502554 3.5262737572193172 8.4575891094282269 8.7418530760332924 15.424311676993964 26.161811325699095 5.2870961315929881 95.139944912865758 12.756545484066008 29.514252424240112 3.2185222655534735 3.3031197991222152
leaf_count=364 14 125 76 79 165 19 464 73 94 8 55
internal_value=-0.000134215 -0.00492681 -0.00730717 0.000288054 -0.000515064 -0.00580271 0.000401393 0.00317303 0.00525865 -0.00220899 -0.000775867
internal_weight=300.32 24.0288 20.5026 276.292 215.378 31.4489 183.929 60.9136 44.9386 15.9751 12.045
internal_count=1536 270 256 1266 1012 184 828 254 173 81 131
is_linear=0
shrinkage=0.015


Tree=258
num_leaves=13
num_cat=0
split_feature=1 10 12 10 12 19 10 13 13 7 17 0
split_gain=2.90794 4.11329 5.42764 3.72888 4.40783 6.8676 4.33762 3.00116 2.64246 2.60115 2.07701 1.21406
threshold=0.39448946073540825 0.0051755433962583737 -0.0029320217862486837 0.016127776390869403 0.005432698228170608 2.5000000000000004 0.01842065615940329 0.5215459904386347 0.68379126324582595 37.490000000000016 -1.6601685228210323 0.24220017256256146
decision_type=2 2 2 2 2 2 2 2 2 2 2 2
left_child=3 2 10 4 5 -1 -5 -6 -4 -3 -2 -8
right_child=1 9 8 6 7 -7 11 -9 -10 -11 -12 -13
leaf_value=0.0021592153693644825 0.0019866040006095427 -0.015497511338148308 -0.00034239527911254921 -0.015345317505654646 -0.0033001114258447285 -0.0034133915465452331 0.0047736196217886611 0.0072397761749537822 0.0092440723195455921 0 -0.014067073069374167 -0.0045028884284397481
leaf_weight=129.02888540178537 0.80234280228614796 6.7792810462415201 18.07220566645265 5.0414069928228846 5.0949316769838324 78.192213358357549 4.6356764100491983 32.303527191281319 6.9575764555484048 3.5574282333254814 5.6542914016172316 4.0146769471466541
leaf_count=559 2 80 126 40 24 397 16 128 32 30 78 24
internal_value=-0.000132694 -0.00372542 -0.000557673 0.000444345 0.000918937 8.0879e-06 -0.00659326 0.00551889 0.00253172 -0.011112 -0.0111872 0
internal_weight=300.134 41.8231 31.4864 258.311 244.62 207.221 13.6918 37.3985 25.0298 10.3367 6.45663 8.65035
internal_count=1536 348 238 1188 1108 956 80 152 158 110 80 40
is_linear=0
shrinkage=0.015


Tree=259
num_leaves=11
num_cat=0
split_feature=1 10 17 2 2 15 15 10 10 10
split_gain=2.84275 4.0403 4.79146 10.5572 6.59816 4.43889 4.02773 5.08597 5.22095 2.52064
threshold=0.39448946073540825 0.0051755433962583737 0.18239637448722421 0.41612055370600992 0.23021849312150872 15.39392857142858 21.701071428571471 0.016127776390869403 -0.0097815610132113654 0.01842065615940329
decision_type=2 2 2 2 2 2 2 2 2 2
left_child=6 2 3 -2 -4 -3 7 8 -1 -9
right_child=1 5 4 -5 -6 -7 -8 9 -10 -11
leaf_value=-0.0076666088520762473 -0.015875673849504179 -0.015748689328808546 0.012061747264445049 0.0045530288704539526 -0.007726679271951916 0.0029413038104607338 0.0091434571871733886 -0.015206467178136309 0.0011752871833531392 -0.0010844232130016584
leaf_weight=13.988093994557856 8.8378003789112025 7.900272496044634 9.268002260476349 9.7435935828834754 3.5916873868554822 2.3862438388168812 9.430116802453993 5.0294804312288743 222.29388013668358 7.5118674375116825
leaf_count=86 117 98 40 47 34 12 29 40 995 38
internal_value=-0.000134311 -0.00369096 -0.000549678 -0.00539752 0.00573408 -0.0110296 0.000435489 5.2898e-06 0.000560409 -0.00857613
internal_weight=299.981 41.7276 31.4411 18.5814 12.8597 10.2865 258.253 248.823 236.282 12.5413
internal_count=1536 348 238 164 74 110 1188 1159 1081 78
is_linear=0
shrinkage=0.015


Tree=260
num_leaves=9
num_cat=0
split_feature=5 3 10 16 9 4 0 18
split_gain=2.93855 3.91454 5.37405 8.6158 4.05241 3.47133 3.83994 1.15477
threshold=0.3710928666518219 0.052167991532987699 -0.0097815610132113654 0.011831856038086324 -0.0040806680011024167 0.82662031331753971 0.18777431417750859 9.5000000000000018
decision_type=2 2 2 2 2 2 2 2
left_child=-1 5 3 -3 -4 7 -7 -2
right_child=1 2 4 -5 -6 6 -8 -9
leaf_value=-0.011203568046911024 0.00057259206539878396 -0.019050189933156211 0.0055147654231173663 0.0010011489151090852 -0.0006931347612920268 0.0069990385155167404 -0.0053157939135221946 0.010883599863490648
leaf_weight=3.3085563741624346 5.0901316404342678 6.9089166540652505 24.496331313624978 8.6806711629033071 218.5703890947625 7.8806366845965412 11.446554172784088 13.395196259021757
leaf_count=21 18 60 111 49 1158 24 58 37
internal_value=-0.000135768 3.68655e-05 -0.000607265 -0.00861439 0 0.00444058 0 0.00874357
internal_weight=299.777 296.469 258.656 15.5896 243.067 37.8125 19.3272 18.4853
internal_count=1536 1515 1378 109 1269 137 82 55
is_linear=0
shrinkage=0.015


Tree=261
num_leaves=8
num_cat=0
split_feature=5 5 10 5 10 4 13
split_gain=2.88356 3.81938 5.46838 4.9306 7.43533 5.05645 1.51786
threshold=0.3710928666518219 0.70985945788541116 0.0021656055332962974 0.96114386095066784 -0.0093223085917822617 0.59908831114347116 0.80428249900744886
decision_type=2 2 2 2 2 2 2
left_child=-1 2 -2 5 -5 -3 -4
right_child=1 3 6 4 -6 -7 -8
leaf_value=-0.011097113023226387 0.012144005738183469 0.0018256696911038268 -0.0075627648555031688 -0.0098839678229282087 0.0012139275982547748 -0.0079082214808206992 0.0027891780249029831
leaf_weight=3.3093707077205172 11.455723430961372 15.686762377619742 4.2579216361045829 12.419124133884905 216.1380429463461 32.808211259543896 3.5809310302138329
leaf_count=21 30 62 25 94 1100 190 14
internal_value=-0.000134154 3.67029e-05 0.00618211 -0.000405642 0.000497862 -0.00466345 -0.00246583
internal_weight=299.656 296.347 19.2946 277.052 228.557 48.495 7.83885
internal_count=1536 1515 69 1446 1194 252 39
is_linear=0
shrinkage=0.015


Tree=262
num_leaves=11
num_cat=0
split_feature=0 2 2 9 2 4 7 1 10 2
split_gain=2.86782 4.23698 9.54583 6.91744 10.7305 4.12534 4.01601 3.67254 3.21427 2.39985
threshold=0.72985739750445744 0.20283274504347931 0.25540084878785568 0.0051255826028127381 0.036989908499794909 0.75556629966366728 37.490000000000016 0.0715258938561847 0.0079332523481230339 0.18657111513879229
decision_type=2 2 2 2 2 2 2 2 2 2
left_child=1 3 7 4 -1 -2 -4 -3 -5 -7
right_child=5 2 6 8 -6 9 -8 -9 -10 -11
leaf_value=-0.0087270464390250199 0.0026187502925632974 -0.00030470373374057343 -0.0011633820303461413 -0.015139486529694993 0.0077788600211840808 -0.014799864230337167 0.0039249453802615913 -0.016193928465925145 -0.00049922686524670552 0.000860631358117612
leaf_weight=8.3335727714002115 5.3118471242487422 5.9653351046144989 143.6484186463058 3.0524565912783173 56.247491285204887 7.386393925175069 43.862629482522607 10.038722114637492 14.283067990094422 1.4748070137575267
leaf_count=51 24 28 732 24 207 95 203 85 74 13
internal_value=-0.000133617 0.000187799 -0.000945515 0.00304823 0.00533812 -0.00629312 1.61656e-05 -0.0113797 -0.00476432 -0.0118244
internal_weight=299.605 285.432 203.515 81.9166 64.5811 14.173 187.511 16.0041 17.3355 8.8612
internal_count=1536 1404 1048 356 258 132 935 113 98 108
is_linear=0
shrinkage=0.015


Tree=263
num_leaves=9
num_cat=0
split_feature=5 3 10 18 1 6 9 10
split_gain=2.82619 3.801 5.15149 7.97794 4.64727 5.10408 3.87394 1.40133
threshold=0.3710928666518219 0.052167991532987699 -0.0097815610132113654 4.5000000000000009 0.34342881700005862 0.90654589704310296 -0.0040806680011024167 0.0010150555321628044
decision_type=2 2 2 2 2 2 2 2
left_child=-1 4 3 -3 7 -6 -4 -2
right_child=1 2 6 -5 5 -7 -8 -9
leaf_value=-0.010991473612162295 0.0096018384997651508 0.0071061404264030426 0.0053876677868384534 -0.014110072247732655 0.0045839563311241786 -0.015635940349705234 -0.00068514623698022763 0.0018916749643210396
leaf_weight=3.307450469583272 17.956607796251777 3.6466836221516123 24.463688930496573 11.878964595496653 3.9143279269337645 3.1288214400410652 218.44142703991383 12.687891267240046
leaf_count=21 50 15 111 94 15 26 1158 46
internal_value=-0.000136614 3.23959e-05 -0.000601558 -0.00845658 0.00437975 -0.0050406 -3.90784e-06 0.00695078
internal_weight=299.426 296.118 258.431 15.5256 37.6876 7.04315 242.905 30.6445
internal_count=1536 1515 1378 109 137 41 1269 96
is_linear=0
shrinkage=0.015


Tree=264
num_leaves=12
num_cat=0
split_feature=6 6 3 7 18 18 9 7 12 8 6
split_gain=2.83586 3.32377 3.30165 3.90165 3.29358 7.26168 8.60291 8.09241 7.10073 7.40831 5.37618
threshold=1.2945415533128872 1.6230583376549164 0.052167991532987699 22.619999999999894 10.500000000000002 14.500000000000002 0.0051255826028127381 15.805000000000065 0.002422547720925317 0.22248689896711424 0.75431992977251994
decision_type=2 2 2 2 2 2 2 2 2 2 2
left_child=4 2 -2 -4 8 6 -6 -7 9 -1 -10
right_child=1 -3 3 -5 5 7 -8 -9 10 -11 -12
leaf_value=7.3029796529017806e-06 0.0031447263975916424 0.0055153737234210128 0 -0.016832887843455605 0.0073932009520239431 0.007790761696232858 -0.0062201670418251167 -0.0036763601455548412 0.010161230534893427 -0.0089895897007869902 -0.00013533158127904403
leaf_weight=39.832592660561204 2.7600353285670307 2.8443563729524604 5.3004095843061787 7.8899408727884293 60.729907477274537 15.265471944585441 10.344702403992413 64.922606905922294 13.38177554681897 37.266471467912197 38.746898233890533
leaf_count=184 9 12 44 85 218 64 58 390 44 248 180
internal_value=-0.000135153 -0.00549597 -0.00827313 -0.0112555 0.000233876 0.00174842 0.00519317 -0.00126564 -0.0014814 -0.00436394 0.00264709
internal_weight=299.285 18.7947 15.9504 13.1904 280.49 151.263 71.0746 80.1881 129.228 77.0991 52.1287
internal_count=1536 150 138 129 1386 730 276 454 656 432 224
is_linear=0
shrinkage=0.015


Tree=265
num_leaves=14
num_cat=0
split_feature=1 13 16 14 6 13 17 17 16 0 8 5 9
split_gain=2.78951 5.58782 4.56511 4.37465 5.17667 4.32333 4.44878 8.72733 7.78811 3.93907 3.58942 2.96709 0.411198
threshold=0.097901855157798437 0.42016086844987233 0.0044661897039478321 1.0000000180025095e-35 1.1186299847159697 0.39212427453826204 0.80569254215971964 1.0665525522714712 0.0033486803253486475 0.52260155797035646 0.48206180323214681 0.8475290025447918 -0.0011593324097573159
decision_type=2 2 2 2 2 2 2 2 2 2 2 2 2
left_child=1 2 -1 9 -5 10 8 -8 -7 -3 12 -4 -2
right_child=5 3 11 4 -6 6 7 -9 -10 -11 -12 -13 -14
leaf_value=0.0038885994788996365 0.014902763774604835 0.0076091443866087632 0 0.002369487948087647 -0.0088778415300442264 -0.011347659628638235 0.005794739733675322 -0.0066984448885143372 -0.0015869077251728352 -0.0049003422500317863 -0.0037126320859523295 -0.0182311674550878 0.0041608370223940143
leaf_weight=3.43252035230398 3.6805637627840033 42.954485259950161 2.2035201340913773 38.545501351356506 9.890816215425728 21.391989613883197 35.854707293212414 16.568249553442001 104.26602600887418 4.3383503705263129 3.9732065163552752 4.9934733211994171 6.9926614537835112
leaf_count=11 9 139 9 162 60 162 148 103 616 28 21 41 27
internal_value=-0.000132879 0.00176907 -0.00750766 0.00300844 -3.95093e-05 -0.00122839 -0.00192468 0.00160741 -0.00345908 0.00615718 0.00600109 -0.0134221 0.0102242
internal_weight=299.086 106.359 10.6295 95.7292 48.4363 192.727 178.081 52.423 125.658 47.2928 14.6464 7.19699 10.6732
internal_count=1536 450 61 389 222 1086 1029 251 778 167 57 50 36
is_linear=0
shrinkage=0.015


Tree=266
num_leaves=12
num_cat=0
split_feature=3 7 14 22 13 2 2 17 2 4 8
split_gain=2.76084 3.15464 3.68799 2.86339 6.15154 4.33453 13.1051 5.17006 4.14174 2.44516 2.15677
threshold=0.81278797092021382 10.35500000000002 1.0000000180025095e-35 1.0000000180025095e-35 0.79355155469308103 0.40847278397557979 0.20283274504347931 -0.89203068319156598 0.57056117191747235 1.7398313368295364 0.97157123073216889
decision_type=2 2 2 2 2 2 2 2 2 2 2
left_child=3 -2 -3 5 8 6 -1 -7 -5 -4 -6
right_child=1 2 9 4 10 7 -8 -9 -10 -11 -12
leaf_value=0.0016147349165861458 0.0052086116025928646 -0.013872658844473085 0.0029353840799554182 0.0065548259117749665 -0.014509263617701183 0.0091221209911747994 -0.0080197367630627549 5.8484496991208107e-05 -0.0037982976459363859 -0.0094073297905470869 0.00033894443699417374
leaf_weight=75.056504042819142 3.5171925500035313 8.3233507201075554 8.7281354060396534 46.892788555473089 3.5221680086106053 16.193707264959812 51.302721057087183 71.871333297342062 8.2178007960319501 3.2612365912646064 1.974054232239723
leaf_count=359 14 125 76 176 33 47 308 298 37 55 8
internal_value=-0.00013243 -0.00483851 -0.00722526 0.000280241 0.00312103 -0.000509474 -0.00230251 0.00197397 0.00480075 -0.000750784 -0.0095082
internal_weight=298.861 23.8299 20.3127 275.031 60.6068 214.424 126.359 88.065 55.1106 11.9894 5.49622
internal_count=1536 270 256 1266 254 1012 667 345 213 131 41
is_linear=0
shrinkage=0.015


Tree=267
num_leaves=8
num_cat=0
split_feature=5 5 10 5 3 10 13
split_gain=2.77158 3.67564 5.31466 4.78189 7.40957 7.14215 1.47807
threshold=0.3710928666518219 0.70985945788541116 0.0021656055332962974 0.96114386095066784 0.088094949701211137 -0.0093223085917822617 0.80428249900744886
decision_type=2 2 2 2 2 2 2
left_child=-1 2 -2 4 -3 -5 -4
right_child=1 3 6 5 -6 -7 -8
leaf_value=-0.010885813241649929 0.011989664540581278 0.0033161436974615539 -0.0074670993840177799 -0.0097174790507974611 -0.0085416711001195609 0.0011948167509470648 0.0027429156716419906
leaf_weight=3.3033356927335253 11.36400004476309 15.552450153976677 4.2518918700516215 12.320265829563139 32.791224898770452 215.50447913818061 3.5794697776436806
leaf_count=21 30 54 25 94 198 1100 14
internal_value=-0.000131801 3.56558e-05 0.00607918 -0.000398132 -0.00459777 0.000492641 -0.00242891
internal_weight=298.667 295.364 19.1954 276.168 48.3437 227.825 7.83136
internal_count=1536 1515 69 1446 252 1194 39
is_linear=0
shrinkage=0.015


Tree=268
num_leaves=13
num_cat=0
split_feature=0 6 2 2 9 2 7 10 3 9 6 0
split_gain=2.76006 4.30596 4.01043 9.16564 6.65555 10.4051 3.95689 3.15872 2.64124 2.21309 1.28617 0.680348
threshold=0.72985739750445744 1.0936731172905103 0.20283274504347931 0.25540084878785568 0.0051255826028127381 0.036989908499794909 37.490000000000016 0.0079332523481230339 0.23107850077521494 0.0059723812127480827 1.1470518139200607 0.84776784936248217
decision_type=2 2 2 2 2 2 2 2 2 2 2 2
left_child=2 9 4 8 5 -1 -5 -6 -4 -2 -3 -12
right_child=1 10 3 6 7 -7 -8 -9 -10 -11 11 -13
leaf_value=-0.0086348003874284988 -0.015326682008478278 0.0077273804687381931 -0.0008324565679512987 -0.0011500617268217425 -0.014984617739609015 0.0076360675916051094 0.0039083334554221496 -0.00046243997170119014 -0.015165390082035018 0.00042223621068775429 -0.0068360211579649973 0.0016290405730372648
leaf_weight=8.3075526803731901 6.7044420000165683 2.9244522079825392 5.6294384263455859 143.24381864722818 3.0419747009873417 56.032312326133251 43.713997341692448 14.265946505591272 10.281299088150261 1.3143718391656873 1.8003578921779992 1.3222381155937908
leaf_count=51 75 12 29 732 24 207 203 74 84 8 28 9
internal_value=-0.000131211 -0.00619481 0.000183533 -0.000919983 0.00297152 0.00522514 2.18366e-05 -0.00469103 -0.0111722 -0.0124277 0.00217295 -0.00255091
internal_weight=298.582 14.0659 284.516 202.869 81.6478 64.3399 186.958 17.3079 15.9107 8.01881 6.04705 3.1226
internal_count=1536 132 1404 1048 356 258 935 98 113 83 49 37
is_linear=0
shrinkage=0.015


Tree=269
num_leaves=11
num_cat=0
split_feature=1 15 10 10 18 10 12 15 15 17
split_gain=2.74871 4.02294 4.96949 4.84837 4.51951 3.9085 5.17545 4.32931 2.43819 1.99846
threshold=0.39448946073540825 21.701071428571471 0.016127776390869403 -0.0097815610132113654 8.5000000000000018 0.0051755433962583737 -0.0029320217862486837 15.39392857142858 4.2000000000000144 -1.6601685228210323
decision_type=2 2 2 2 2 2 2 2 2 2
left_child=1 2 3 -1 -4 6 9 -7 -8 -2
right_child=5 -3 4 -5 -6 7 8 -9 -10 -11
leaf_value=-0.0074264936048507374 0.0018887836068323034 0.0091473410999348918 0.00065507841472056401 0.0011385741582215685 -0.015191788079092629 -0.015607566361754631 -0.0083884320403647666 0.0028767086418136365 0.0042125826464050765 -0.013882427522856707
leaf_weight=13.809284482151268 0.79389742016792286 9.3789987638592702 5.5638570412993413 221.38684080913663 6.9308237954974174 7.7885176222771388 1.7965425737202192 2.3798675611615181 23.065066886134446 5.5266005974262979
leaf_count=86 2 29 25 995 53 98 19 12 139 78
internal_value=-0.000134285 0.000425763 0 0.000545687 -0.00850107 -0.00364804 -0.000541521 -0.0109033 0.00246603 -0.0110222
internal_weight=298.42 257.07 247.691 235.196 12.4947 41.3505 31.1821 10.1684 24.8616 6.3205
internal_count=1536 1188 1159 1081 78 348 238 110 158 80
is_linear=0
shrinkage=0.015


Tree=270
num_leaves=8
num_cat=0
split_feature=5 5 10 5 10 4 1
split_gain=2.72157 3.59425 8.97929 6.09643 6.91226 5.3206 3.66413
threshold=0.3710928666518219 0.76960479134597792 0.0021656055332962974 0.96114386095066784 -0.0093223085917822617 0.59908831114347116 0.20894269870425838
decision_type=2 2 2 2 2 2 2
left_child=-1 2 -2 5 -5 -3 -4
right_child=1 3 6 4 -6 -7 -8
leaf_value=-0.010794177857912937 0.011866947629270402 0.0014618817497716488 -0.010229796385457405 -0.0095832391154587939 0.0011710878168276397 -0.0092150402689073051 0.005518567350806817
leaf_weight=3.3007213398814192 15.67876240424812 13.732764303684233 7.1005082651972753 12.266589956358073 215.25008640717715 27.940206648781896 2.9796965979039669
leaf_count=21 46 55 43 94 1100 167 10
internal_value=-0.000135692 3.02255e-05 0.0051939 -0.000470895 0.000480134 -0.00561905 -0.00481081
internal_weight=298.249 294.949 25.759 269.19 227.517 41.673 10.0802
internal_count=1536 1515 99 1416 1194 222 53
is_linear=0
shrinkage=0.015


Tree=271
num_leaves=15
num_cat=0
split_feature=18 18 13 7 15 2 12 8 15 6 9 15 2 12
split_gain=2.71267 8.8689 9.86418 8.47995 8.60343 7.56369 7.50827 6.66603 6.10936 4.9906 3.51213 3.07666 0.96825 0.3121
threshold=14.500000000000002 10.500000000000002 0.82020096647301377 15.805000000000065 7.5050000000000123 0.11064369131226774 0.002422547720925317 0.22248689896711424 8.3178571428571644 0.75431992977251994 0.0051255826028127381 4.7549999999999963 0.40057581573895257 9.4526225347113537e-05
decision_type=2 2 2 2 2 2 2 2 2 2 2 2 2 2
left_child=1 6 10 11 5 -5 7 -1 -6 -8 -3 -2 -4 -13
right_child=3 2 12 4 8 -7 9 -9 -10 -11 -12 13 -14 -15
leaf_value=0 -0.0024123372967794834 0.0080311858979097012 -0.014466229367716618 0.0021493522125295389 0.0078370635759563486 -0.015617783535463179 0.010022471537879073 -0.0088321301599113555 -0.0034825005364891915 0 -0.001827974004921273 0.0016384018573993766 0 0.011881495099847407
leaf_weight=39.973893161863089 4.0315323062241104 58.271090347319841 3.5759503282606593 5.7380891405046013 11.848636822775005 18.813712703064084 13.314292561262844 37.125416003167629 43.981615129858255 39.692264378070831 7.2602717801928511 3.4502575751394025 1.8518557772040365 9.2451726086437684
leaf_count=186 25 203 29 35 54 167 44 248 263 184 35 21 10 32
internal_value=-0.000135279 0.000831921 0.00504613 -0.00218993 -0.00427922 -0.0113338 -0.00145131 -0.00442981 -0.000762548 0.00274818 0.00680603 0.00683448 -0.0113034 0.0102099
internal_weight=298.174 201.065 70.9592 97.109 80.3821 24.5518 130.106 77.0993 55.8303 53.0066 65.5314 16.727 5.42781 12.6954
internal_count=1536 939 277 597 519 202 662 434 317 228 238 78 39 53
is_linear=0
shrinkage=0.015


Tree=272
num_leaves=14
num_cat=0
split_feature=1 13 16 13 10 9 4 6 5 8 5 1 18
split_gain=2.74665 5.45923 4.41403 4.24023 4.5468 5.29878 4.65579 4.1855 5.51848 3.50966 2.8782 2.73965 1.58161
threshold=0.097901855157798437 0.42016086844987233 0.0044661897039478321 0.39212427453826204 -0.0093223085917822617 -0.0069913343968608351 0.63827691863290503 1.1347362195368607 0.59062887780879703 0.48206180323214681 0.8475290025447918 0.043521712614618069 8.5000000000000018
decision_type=2 2 2 2 2 2 2 2 2 2 2 2 2
left_child=1 2 -1 9 6 -6 -5 8 -3 12 -4 -9 -2
right_child=3 7 10 4 5 -7 -8 11 -10 -11 -12 -13 -14
leaf_value=0.0037796419818633296 0.014647477922329758 -0.0079314900414477908 0 0.0025161999947418672 0.0090793192947397905 -0.0018700990506273205 -0.015339884419065022 -0.0097201808477341486 0.0056003053326880766 -0.0036581139583250007 -0.018010214135390841 0.0012046171159921441 0.0012065576112858696
leaf_weight=3.4171496853232366 5.6534142792224866 5.2671460658311835 2.1934369318187237 3.1067353785037986 8.4648909140378219 157.33625328820199 8.4897808246314508 6.5889568887650993 73.928915075957775 3.9669692516326895 4.960501417517662 9.577019412070511 4.9932567961513996
leaf_count=11 13 30 9 10 28 911 80 42 272 21 41 45 23
internal_value=-0.000134009 0.00175678 -0.00743221 -0.00122318 -0.00191487 -0.00116483 -0.0103381 0.00298418 0.00443477 0.00594169 -0.0132627 -0.00341519 0.0101245
internal_weight=297.944 105.933 10.5711 192.011 177.398 165.801 11.5965 95.362 79.1961 14.6136 7.15394 16.166 10.6467
internal_count=1536 450 61 1086 1029 939 90 389 302 57 50 87 36
is_linear=0
shrinkage=0.015


Tree=273
num_leaves=9
num_cat=0
split_feature=15 16 7 20 3 6 8 3
split_gain=2.68736 5.09051 5.98545 5.88526 3.42589 3.69701 1.62945 0.201327
threshold=21.701071428571471 0.0069380170391304822 41.390000000000107 1.0000000180025095e-35 0.027836495613081221 0.93294240650666105 0.90199019486728105 0.16554144146538632
decision_type=2 2 2 2 2 2 2 2
left_child=1 2 3 -1 -3 -6 -2 -4
right_child=6 4 7 -5 5 -7 -8 -9
leaf_value=-0.0029881376238959883 0 0.004935824366440379 0.013634110458576763 0.002214379936610934 0 -0.0072626157414034534 0.01136553078369704 0.0039497640090908094
leaf_weight=80.906984421424568 5.1909352019429189 6.8907646462321273 5.4286554828286153 117.15644323825836 25.986378840170801 44.882977560162544 5.1098617762327194 6.1702847871929407
leaf_count=460 27 23 10 532 143 299 12 30
internal_value=-0.000132998 -0.000448303 0.000742569 4.30871e-05 -0.00369135 -0.00474556 0.00669762 0.0103724
internal_weight=297.723 287.422 209.662 198.063 77.7601 70.8694 10.3008 11.5989
internal_count=1536 1497 1032 992 465 442 39 40
is_linear=0
shrinkage=0.015


Tree=274
num_leaves=14
num_cat=0
split_feature=3 3 3 20 19 9 10 5 5 0 4 4 13
split_gain=2.68444 4.30152 4.23318 4.39319 3.76974 10.7088 10.5981 8.59206 6.40955 4.51049 3.97075 1.47869 0.336561
threshold=0.57781274281276596 0.64660951437963121 0.67798293321198588 1.0000000180025095e-35 2.5000000000000004 0.001332454305728293 0.00017285696253256923 0.85862771783909186 0.96114386095066784 0.58529332251964006 0.74645292720100087 0.77827757537612208 0.6422682130327978
decision_type=2 2 2 2 2 2 2 2 2 2 2 2 2
left_child=4 11 12 -4 6 7 9 -6 -7 -1 -8 -2 -3
right_child=1 2 3 -5 5 8 10 -9 -10 -11 -12 -13 -14
leaf_value=0.0079412194587004242 0 0.0010118860997186303 -0.010815522229574983 0 0.0041804216629490144 -0.00526512040656151 -0.0065442746547051574 -0.012020917571167467 0.0053059490664516436 -0.0027931574587713296 0.00045506407870379617 -0.015079809977489717 0.010523896504518244
leaf_weight=57.536380644887686 1.3331780210137356 3.8892966881394377 10.133657539263366 28.813351962715387 7.9105613231658927 16.066297754645348 22.59083379805088 27.165731998160481 40.757992731407285 8.1704422608017904 63.551280587911606 5.869673540815711 3.8152748011052608
leaf_count=181 7 17 160 212 28 78 112 172 163 54 280 59 13
internal_value=-0.000127139 -0.00311449 -0.00104145 -0.00324387 0.000522347 -0.00180955 0.00198756 -0.00813643 0.00211223 0.00645258 -0.00140227 -0.012582 0.00769314
internal_weight=297.604 53.8544 46.6516 38.947 243.75 91.9006 151.849 35.0763 56.8243 65.7068 86.1421 7.20285 7.70457
internal_count=1536 468 402 372 1068 441 627 200 241 235 392 66 30
is_linear=0
shrinkage=0.015


Tree=275
num_leaves=12
num_cat=0
split_feature=1 15 16 20 5 15 16 15 5 15 0
split_gain=2.69754 3.86769 4.36543 4.6847 4.45021 3.05652 4.64842 4.2039 5.61576 3.371 1.52127
threshold=0.39448946073540825 21.701071428571471 0.0069380170391304822 1.0000000180025095e-35 1.194442623959677 10.207857142857183 0.0066525972440945038 5.3167857142857278 0.57566437663098491 4.2000000000000144 0.82518583410674629
decision_type=2 2 2 2 2 2 2 2 2 2 2
left_child=1 2 3 -1 -4 7 -7 9 -9 -2 -8
right_child=5 -3 4 -5 -6 6 10 8 -10 -11 -12
leaf_value=-0.0013832059172217855 -0.010823557046754986 0.0090037313623044322 -0.005555961395306612 0.003453493251705284 0.0021729581826060019 0.0097218289274934328 -0.010996507547431702 0.0072775354445687394 -0.014116918610768822 0.0037345308721892629 0.0019925821564114651
leaf_weight=77.184572977945209 2.8431368023157146 9.317086808383463 48.846335969865322 98.881195042282343 22.005411144345999 6.5601142328232509 3.303528094664216 1.5459230616688717 14.054307105019687 11.702431566081939 1.098702849820256
leaf_count=386 31 29 268 392 113 26 46 3 163 71 8
internal_value=-0.000127222 0.000427605 4.12358e-06 0.00129932 -0.00305878 -0.00361893 0.00239726 -0.00605303 -0.0109846 0 -0.00697349
internal_weight=297.343 256.235 246.918 176.066 70.8517 41.1081 10.9623 30.1458 15.6002 14.5456 4.40223
internal_count=1536 1188 1159 778 381 348 80 268 166 102 54
is_linear=0
shrinkage=0.015


Tree=276
num_leaves=13
num_cat=0
split_feature=1 13 13 16 1 0 10 13 13 0 2 3
split_gain=2.67057 6.15548 5.35782 7.49559 4.67841 7.04292 4.64726 5.52286 5.1663 2.99259 2.98192 3.1941
threshold=0.17370100309557254 0.44204786506226729 0.42231231192870827 0.0044661897039478321 0.15979283718574927 0.68726145038163178 -0.00023993969111904461 0.7147564232448943 0.58875929885486578 0.19147864625300573 0.55327608296150343 0.39818874826114148
decision_type=2 2 2 2 2 2 2 2 2 2 2 2
left_child=2 10 3 -1 5 -4 7 -3 -8 -5 11 -2
right_child=1 6 4 9 -6 -7 8 -9 -10 -11 -12 -13
leaf_value=0.0053181143857268919 0.011865110691879194 0.0031762428566716764 0.0019065725899237614 0 0.010755980545493947 -0.014255651998267588 -0.012581834323278279 -0.0086843058930156994 -0.0027763987494155455 -0.017410871323424917 -0.0039421024360569183 -0.00093611983398531723
leaf_weight=5.6044322103261939 11.806268304586416 36.582052030600607 135.07862293161452 2.5394685938954336 10.934015467762945 4.2848420031368724 16.633144294843078 9.387921463698147 48.358614995144308 7.6367404796183109 3.7885890603065482 4.5257059112191191
leaf_count=18 32 193 567 11 34 39 130 78 322 57 20 35
internal_value=-0.000124842 -0.00173366 0.00110587 -0.0066084 0.00204123 0.00116194 -0.00317014 0.000336664 -0.00569853 -0.0135874 0.00541961 0.00819356
internal_weight=297.16 131.082 166.078 15.7806 150.297 139.363 110.962 45.97 64.9918 10.1762 20.1206 16.332
internal_count=1536 810 726 86 640 606 723 271 452 68 87 67
is_linear=0
shrinkage=0.015


Tree=277
num_leaves=9
num_cat=0
split_feature=3 0 3 4 7 14 4 15
split_gain=2.62475 3.56417 3.26434 4.1017 3.08552 3.61935 2.38109 1.21406
threshold=0.81278797092021382 0.073798295053338167 0.77189352062400707 1.0472900214547567 10.35500000000002 1.0000000180025095e-35 1.7398313368295364 6.0714285714285561
decision_type=2 2 2 2 2 2 2 2
left_child=1 -1 3 -3 -2 -6 -7 -4
right_child=4 2 7 -5 5 6 -8 -9
leaf_value=0.0090169841349468077 0.0051879028260315143 0.0010663350664507222 0.013635200689086746 -0.0027913320072989185 -0.01377033222781881 0.0029204899696871579 -0.0093077328216563393 0.00049947220156732754
leaf_weight=8.1184941530227643 3.5047201961278942 160.22389842942357 3.2173275165259829 97.428394580259919 8.1672740904614329 8.6959552289918047 3.2099873665720233 4.367794968187809
leaf_count=24 14 658 7 549 125 76 55 28
internal_value=-0.000126112 0.000276026 -2.8936e-05 -0.000373779 -0.00473864 -0.00712458 -0.000701552 0.00853613
internal_weight=296.934 273.356 265.237 257.652 23.5779 20.0732 11.9059 7.58512
internal_count=1536 1266 1242 1207 270 256 131 35
is_linear=0
shrinkage=0.015


Tree=278
num_leaves=12
num_cat=0
split_feature=6 10 0 3 16 17 12 6 10 0 9
split_gain=2.62672 3.59456 2.95933 3.88285 3.55007 3.04798 3.02215 3.50629 2.10403 2.10741 0.347067
threshold=1.2945415533128872 -0.0062170910561582509 0.17403082514470272 1.0093979862086557 0.0076307750376172741 -0.62180831744335141 0.0040363824273361723 0.99194266263201214 0.014066109766974087 0.09928919026168416 0.005386898411275591
decision_type=2 2 2 2 2 2 2 2 2 2 2
left_child=2 -2 6 4 -4 -5 7 -1 9 -3 -8
right_child=1 8 3 5 -6 -7 10 -9 -10 -11 -12
leaf_value=-0.0046176503451466665 0.0024644834712067949 0.0004689862061333676 0.0011060613836659584 0.0040812118394448508 -0.0031225408976426504 -0.01308658246405821 0.011687421397019723 0.0055531258134491517 0 -0.014989129355106977 0.002811091155336658
leaf_weight=12.495410174131395 6.4138122387230423 1.1888344958424557 171.89112320542336 1.2976298723369835 58.104256527498364 6.9909132700413448 7.7722158543765527 13.756049193441866 2.7379049621522418 8.1698144329711777 5.9605178758502007
leaf_count=62 26 5 774 12 330 108 22 54 14 105 24
internal_value=-0.000122153 -0.00531933 0.000232294 -0.000383071 0 -0.009399 0.00392172 0.000462298 -0.0097426 -0.0126284 0.0091586
internal_weight=296.778 18.5104 278.268 238.284 229.995 8.28854 39.9842 26.2515 12.0966 9.35865 13.7327
internal_count=1536 150 1386 1224 1104 120 162 116 124 110 46
is_linear=0
shrinkage=0.015


Tree=279
num_leaves=9
num_cat=0
split_feature=1 10 12 5 5 10 5 8
split_gain=2.60179 2.79813 2.84889 2.76771 3.38131 8.88509 6.29648 0.700817
threshold=0.54476242354889681 -0.00016194219349084448 6.6483929935357025e-05 0.3710928666518219 0.76960479134597792 0.0021656055332962974 0.96114386095066784 0.014667536855673548
decision_type=2 2 2 2 2 2 2 2
left_child=3 2 7 -1 5 -5 -6 -2
right_child=1 -3 -4 4 6 -7 -8 -9
leaf_value=-0.010521083834703918 0 -0.012323674608308213 0.0086311409952331136 0.012136084960081979 -0.005370960322847158 -0.0045643675518134809 0.00090745818835429319 -0.0093396043115297912
leaf_weight=3.2957791462540618 0.98290161788463626 5.9709504507482034 3.1097342763096094 15.329995861276986 41.045971814543009 9.9865928739309293 214.06115239113569 2.7923348136246204
leaf_count=21 6 102 15 44 215 52 1030 51
internal_value=-0.000119387 -0.00625368 0 0.00017415 0.000400021 0.00542187 -0.000107472 -0.0067141
internal_weight=296.575 12.8559 6.88497 283.719 280.424 25.3166 255.107 3.77524
internal_count=1536 174 72 1362 1341 96 1245 57
is_linear=0
shrinkage=0.015


Tree=280
num_leaves=14
num_cat=0
split_feature=3 3 8 9 6 19 9 10 7 1 0 18 1
split_gain=2.57764 4.23169 4.60661 5.45312 5.23052 3.66526 10.3849 10.1411 5.79698 5.50686 4.34581 3.22511 1.0841
threshold=0.57781274281276596 0.64660951437963121 0.68908059877157657 0.005825736404656179 0.9732566564770847 2.5000000000000004 0.001332454305728293 0.00017285696253256923 64.000000000000014 0.097901855157798437 0.58529332251964006 15.500000000000002 0.028292875788849679
decision_type=2 2 2 2 2 2 2 2 2 2 2 2 2
left_child=5 12 4 -4 -3 7 8 10 -7 -9 -1 -8 -2
right_child=1 2 3 -5 -6 6 11 9 -10 -11 -12 -13 -14
leaf_value=0.0078075871069904117 0 -0.014391109148696171 0.0083731063576565328 -0.0093114355429428624 -0.00032653723040064166 -0.010135163114445012 0.0040052289780999079 0.003006563859582442 0.0066360131585015301 -0.0044851276971574917 -0.0027366727115739091 -0.0040651725724698993 -0.014642187195936643
leaf_weight=57.284969564527273 1.3628542125225056 6.9946780521422651 15.024448158219458 2.9519583433866492 21.364884987473488 31.560394333675504 44.592690860852599 34.969883933663368 3.4121224060654631 50.982346072793007 8.1401883140206319 12.045640410855411 5.7759760208427906
leaf_count=181 6 89 68 42 203 189 174 124 11 268 54 67 60
internal_value=-0.000119772 -0.0030587 -0.000995847 0.00445214 -0.00476202 0.000516079 -0.00178621 0.0019634 -0.00802556 -0.00135278 0.00634218 0.00208083 -0.0124792
internal_weight=296.463 53.4748 46.336 17.9764 28.3596 242.988 91.6108 151.377 34.9725 85.9522 65.4252 56.6383 7.13883
internal_count=1536 468 402 110 292 1068 441 627 200 392 235 241 66
is_linear=0
shrinkage=0.015


Tree=281
num_leaves=8
num_cat=0
split_feature=1 4 5 5 10 5 0
split_gain=2.54462 3.39624 2.70939 3.30355 4.92422 4.7295 0.852573
threshold=0.54476242354889681 2.1714905847058401 0.3710928666518219 0.70985945788541116 0.0021656055332962974 0.96114386095066784 0.46062381700294169
decision_type=2 2 2 2 2 2 2
left_child=2 -2 -1 4 -4 -5 -3
right_child=1 6 3 5 -6 -7 -8
leaf_value=-0.010416955835936503 -0.012400182515348888 -0.00334998158279051 0.011916159016743018 -0.0042471935359729082 -0.0020639972493824437 0.00089283416729657949 0.0050847528832476318
leaf_weight=3.2932248488068572 6.6217695455998165 2.3045606892555952 11.046889789402487 47.474315453320742 7.7459018006920806 213.84435404837132 3.8371761478483677
leaf_count=21 128 23 29 244 38 1030 23
internal_value=-0.000121914 -0.00620795 0.000167482 0.000391475 0.00614892 -3.76494e-05 0.000953163
internal_weight=296.168 12.7635 283.405 280.111 18.7928 261.319 6.14174
internal_count=1536 174 1362 1341 67 1274 46
is_linear=0
shrinkage=0.015


Tree=282
num_leaves=11
num_cat=0
split_feature=3 3 2 13 2 0 7 6 10 4
split_gain=2.54362 4.14879 4.05038 6.44016 4.09307 3.29423 3.1356 8.63258 5.22457 1.44369
threshold=0.57781274281276596 0.64660951437963121 0.41612055370600992 0.78150076454937045 0.14671261715351233 0.073798295053338167 16.670000000000304 1.0189327559688139 0.00017285696253256923 0.77827757537612208
decision_type=2 2 2 2 2 2 2 2 2 2
left_child=5 9 4 -4 -3 -1 7 -7 -8 -2
right_child=1 2 3 -5 -6 6 8 -9 -10 -11
leaf_value=0.0094914197094222823 0 -0.0075869714741846287 -0.010777328488511463 0.0048485509821968083 0.0059600742949431681 -0.0010103391550860151 0.0022360779166873132 0.0096037017286075763 -0.0031075809684610969 -0.014891412689852468
leaf_weight=6.8824828267097464 1.3263344466686238 4.2491340860724476 15.006221523508431 6.9031606931239358 20.10668128170073 45.195486683398485 65.589629910886288 24.588790602982044 100.46175335906446 5.7709443625062704
leaf_count=19 7 49 166 44 143 194 285 77 493 59
internal_value=-0.000121971 -0.00304465 -0.00100007 -0.00554653 0.00291569 0.000509575 0.000138309 0.00278846 -0.000950736 -0.0123983
internal_weight=296.081 53.3625 46.2652 21.9094 24.3558 242.718 235.836 69.7843 166.051 7.09728
internal_count=1536 468 402 210 192 1068 1049 271 778 66
is_linear=0
shrinkage=0.015


Tree=283
num_leaves=11
num_cat=0
split_feature=1 5 5 5 10 9 2 19 7 1
split_gain=2.52392 3.75358 4.54679 4.6017 3.68226 4.66601 3.6331 3.21141 2.49117 0.929573
threshold=0.39448946073540825 0.57566437663098491 0.70985945788541116 0.96114386095066784 0.0051755433962583737 0.0029299728175771673 0.41612055370600992 1.0000000180025095e-35 37.490000000000016 0.049424838814755984
decision_type=2 2 2 2 2 2 2 2 2 2
left_child=1 7 9 -4 5 6 -2 -1 -6 -3
right_child=4 2 3 -5 8 -7 -8 -9 -10 -11
leaf_value=0.0014846664394468716 -0.0088813891734230224 0.00066100964316630564 -0.0038226708831411759 0.0013431754244344486 -0.015011434325431712 0.0084688244656301662 0.0018557985449173615 -0.014374058127131308 0 0.011689315903442092
leaf_weight=3.0053790137171736 12.866117340512579 4.2343294024467459 46.483020154759288 188.49386144429445 6.4730487540364248 7.1814532633870831 10.693998401984571 4.9725652448832989 3.460510628297925 8.0444393008947355
leaf_count=12 148 17 233 872 80 31 59 34 30 20
internal_value=-0.000120227 0.000415081 0.000800646 0.000265984 -0.00351703 -0.000480067 -0.00395046 -0.00854813 -0.0106315 0.00903674
internal_weight=295.909 255.234 247.256 234.977 40.6751 30.7416 23.5601 7.97794 9.93356 12.2788
internal_count=1536 1188 1142 1105 348 238 207 46 110 37
is_linear=0
shrinkage=0.015


Tree=284
num_leaves=10
num_cat=0
split_feature=15 16 7 16 5 17 5 8 2
split_gain=2.53248 4.693 5.40518 5.18219 4.9127 4.06386 2.01686 1.63598 0.985475
threshold=21.701071428571471 0.0076307750376172741 44.15499999999998 0.0085322639888261876 1.194442623959677 1.0665525522714712 0.92090400933709204 0.90199019486728105 0.35246759688726309
decision_type=2 2 2 2 2 2 2 2 2
left_child=1 2 5 6 -5 -1 -3 -2 -4
right_child=7 3 8 4 -6 -7 -8 -9 -10
leaf_value=0.00066900786858393698 0 0 0.00047074141375589592 -0.0051734167164508935 0.0036460466879771444 -0.0063559747415208433 -0.017593849579211639 0.011215452607880521 0.012353700353423846
leaf_weight=190.93682092893869 5.1409646384417993 2.1320511531084767 3.7005477994680387 36.792326380498707 19.734934106469154 18.496242173016071 5.8460573256015778 5.0732104778289795 7.9219606220722198
leaf_count=960 27 11 19 211 106 109 59 12 22
internal_value=-0.00011902 -0.000426903 0.000589804 -0.00393682 -0.00194682 0 -0.0140685 0.00653498 0.00974537
internal_weight=295.775 285.561 221.056 64.5054 56.5273 209.433 7.97811 10.2142 11.6225
internal_count=1536 1497 1110 387 317 1069 70 39 41
is_linear=0
shrinkage=0.015


Tree=285
num_leaves=11
num_cat=0
split_feature=6 10 4 4 20 10 19 6 2 0
split_gain=2.50144 3.49911 3.12675 6.65166 4.80863 7.49549 5.01471 2.7884 2.47784 1.72057
threshold=1.2945415533128872 -0.0062170910561582509 0.59908831114347116 0.41896899073588351 1.0000000180025095e-35 -0.0093223085917822617 2.5000000000000004 1.0735912073851208 0.011903118460867097 0.21315491108724574
decision_type=2 2 2 2 2 2 2 2 2 2
left_child=2 -2 3 -1 6 -6 -4 -5 -3 -10
right_child=1 8 4 7 5 -7 -8 -9 9 -11
leaf_value=-0.0093992233664878071 0.0024487206927905516 0.004427050829372418 -0.00023122268971161297 0.0021419162568204354 -0.01222664598130976 0.0022048171480103782 -0.0073146473567305536 0.0129829969732136 0 -0.014735411807173603
leaf_weight=4.0788703560829189 6.4108867123723057 0.75637888908386131 65.322237309068441 14.058992341160776 6.4893683865666381 141.87716935947537 34.402408396825194 11.101809345185755 3.1695743426680556 8.03855779673904
leaf_count=22 26 1 354 51 53 664 216 26 18 105
internal_value=-0.000116299 -0.00520594 0.000228941 0.00471711 -0.000303533 0.0013695 -0.00284432 0.00780528 -0.00960786 -0.0116498
internal_weight=295.706 18.3754 277.331 29.2397 248.091 148.367 99.7246 25.1608 11.9645 11.2081
internal_count=1536 150 1386 99 1287 717 570 77 124 123
is_linear=0
shrinkage=0.015


Tree=286
num_leaves=15
num_cat=0
split_feature=1 2 2 17 5 19 5 2 0 2 3 6 0 17
split_gain=2.53908 3.92642 11.128 7.00515 5.60127 8.24535 7.77628 3.92342 3.35501 5.41749 3.54361 3.53685 3.48662 2.87116
threshold=0.097901855157798437 0.34674657534246678 0.20283274504347931 0.65704144776927154 1.2945710096992247 1.5000000000000002 1.0835661879070078 0.10706784578575894 0.52260155797035646 0.34286715624224134 0.44221734010915237 0.82597434284285509 0.36187794904056192 0.32656326611742992
decision_type=2 2 2 2 2 2 2 2 2 2 2 2 2 2
left_child=8 2 7 -4 6 -6 -3 -2 9 13 -10 -12 -11 -1
right_child=1 4 3 -5 5 -7 -8 -9 10 12 11 -13 -14 -15
leaf_value=0.011514663118186082 -0.0031779754482736374 -0.0016113211030188682 -0.016617824412428286 -0.0018225700512659987 0.0034079461034554732 -0.012437784226858305 0.008197248897806958 0.0038873323835202497 -0.012960082860181738 0.0011022482701689392 0.011215962577518074 -0.0048855967977554362 -0.010007754619117114 0.0025106379321337925
leaf_weight=16.488128833472729 34.091653598472476 33.849199032410979 16.392154276371006 14.820082098245619 12.317692866548898 12.825736001133917 33.745041948743165 32.426686104387045 4.691167786717414 48.325854800641537 2.8349476344883424 6.0645467899739742 5.2383591756224623 21.428329609334469
leaf_count=44 216 161 153 86 66 111 133 160 30 202 11 42 42 79
internal_value=-0.000116542 -0.00116914 -0.00325541 -0.0103514 0.000972592 -0.00471957 0.00327249 0.000169729 0.00170771 0.00280525 -0.00461107 0.000672368 -0.0001704 0.00699472
internal_weight=295.54 190.468 97.7306 31.2122 92.7377 25.1434 67.5942 66.5183 105.071 91.4807 13.5907 8.89949 53.5642 37.9165
internal_count=1536 1086 615 239 471 177 294 376 450 367 83 53 244 123
is_linear=0
shrinkage=0.015


Tree=287
num_leaves=9
num_cat=0
split_feature=3 0 3 4 7 14 5 15
split_gain=2.49172 3.33951 3.10246 4.0152 3.0147 3.54023 2.36192 1.1624
threshold=0.81278797092021382 0.073798295053338167 0.77189352062400707 1.0472900214547567 10.35500000000002 1.0000000180025095e-35 1.1711238279342611 6.0714285714285561
decision_type=2 2 2 2 2 2 2 2
left_child=1 -1 3 -3 -2 -6 -7 -4
right_child=4 2 7 -5 5 6 -8 -9
leaf_value=0.0087867566778838651 0.0051657620407590307 0.0010684502192583117 0.013334512950321654 -0.0027582427748447432 -0.013659239711387577 -0.0094428633382309946 0.0028719804658547355 0.00043388862153121414
leaf_weight=7.99682942777872 3.4895998463034656 159.61161481402814 3.204609725624322 96.845464805141091 8.0046803308650851 3.0293538253754386 8.7773887449875456 4.3341044560074806
leaf_count=24 14 658 7 549 125 45 86 28
internal_value=-0.000117104 0.000273814 -1.99875e-05 -0.000357761 -0.00463765 -0.00702363 -0.000654684 0.0083501
internal_weight=295.294 271.993 263.996 256.457 23.301 19.8114 11.8067 7.53871
internal_count=1536 1266 1242 1207 270 256 131 35
is_linear=0
shrinkage=0.015


Tree=288
num_leaves=15
num_cat=0
split_feature=18 18 13 7 10 15 12 12 10 12 9 3 7 2
split_gain=2.47897 8.25498 9.35602 7.98598 9.10399 10.9031 7.21488 5.94033 4.9471 4.35187 3.23129 3.07623 1.41006 0.933488
threshold=14.500000000000002 10.500000000000002 0.82020096647301377 15.805000000000065 0.0012343456514048031 17.761785714285697 0.002422547720925317 0.0016596659730490073 0.0033410451476767037 -0.0038572498672753137 0.0051255826028127381 0.45712492967712465 15.024999999999865 0.40057581573895257
decision_type=2 2 2 2 2 2 2 2 2 2 2 2 2 2
left_child=1 6 10 11 9 -6 7 -1 -8 -5 -3 -2 -13 -4
right_child=3 2 13 4 5 -7 8 -9 -10 -11 -12 12 -14 -15
leaf_value=-0.0027357569152259629 0.010859879833291673 0.0078082384683183298 -0.014195731732255235 -0.0055908040129193102 -0.012601233193009844 0.0072220252603347346 -0.00409772514478876 -0.016913308941790925 0.0055574084088561215 0.0041459292127386804 -0.0016447571829433596 -0.0062507600207599668 0.0050860152764475594 0
leaf_weight=70.380239725112915 10.861180327832701 57.672981249168515 3.5267823617905369 13.670493816025553 32.472105737775564 5.7339529395103446 14.41159702837467 5.9264012575149527 38.276558874174953 27.45308040548116 7.2398135848343363 3.7003349736332884 1.9717572527006266 1.8463107869029043
leaf_count=389 31 203 29 99 261 20 74 45 154 139 35 37 10 10
internal_value=-0.000113328 0.000812904 0.00489882 -0.00209269 -0.00413793 -0.00922837 -0.00139695 -0.0043365 0.00272606 0.000626101 0.0066242 0.00670361 -0.00103375 -0.0110711
internal_weight=295.144 199.281 70.2859 95.8629 79.3296 38.2061 128.995 76.3066 52.6882 41.1236 64.9128 16.5333 5.67209 5.37309
internal_count=1536 939 277 597 519 281 662 434 228 238 238 78 47 39
is_linear=0
shrinkage=0.015


Tree=289
num_leaves=13
num_cat=0
split_feature=3 3 3 20 1 5 1 19 4 15 6 19
split_gain=2.47497 4.03501 3.99963 4.15072 3.50464 4.26664 4.02406 3.60415 1.41118 0.929994 0.639763 0.035354
threshold=0.57781274281276596 0.64660951437963121 0.67798293321198588 1.0000000180025095e-35 0.027324816580783624 0.93431918747946574 0.036111130377045282 2.5000000000000004 0.77827757537612208 8.6217857142857106 1.1015559484780049 3.5000000000000004
decision_type=2 2 2 2 2 2 2 2 2 2 2 2
left_child=4 8 11 -4 5 10 -6 -8 -2 -7 -1 -3
right_child=1 2 3 -5 6 9 7 -9 -10 -11 -12 -13
leaf_value=4.6267740795087046e-05 0 0.0015785586865088017 -0.010626697633988585 0 -0.011577413151408819 0.011830037163628923 0.0016965612157441982 -0.0023670703780187237 -0.014756025727830531 0.0027501507604275775 -0.0060117281124085027 0.0096455288515695584
leaf_weight=7.1932705342769641 1.3221353664994229 3.8848534338176242 9.8285051984712464 28.480123981833458 4.7446689978241912 11.538008920848371 131.91929083690047 75.115375576540828 5.7004994321614504 8.1847457736730558 3.1961126700043678 3.7809915244579315
leaf_count=27 7 18 160 212 27 28 560 381 59 28 17 12
internal_value=-0.000114619 -0.00300853 -0.00098427 -0.00315739 0.000508142 0.00513365 -0.000156334 0.000177792 -0.0122737 0.00900736 -0.00188163 0.00750584
internal_weight=294.889 52.9971 45.9745 38.3086 241.891 30.1121 211.779 207.035 7.02263 19.7228 10.3894 7.66584
internal_count=1536 468 402 372 1068 100 968 941 66 56 44 30
is_linear=0
shrinkage=0.015


Tree=290
num_leaves=10
num_cat=0
split_feature=0 4 10 10 10 15 0 3 0
split_gain=2.4662 3.91937 3.40927 4.00309 3.04644 3.55376 3.29212 2.22399 1.447
threshold=0.72985739750445744 0.75556629966366728 0.016127776390869403 0.01842065615940329 0.013527761353348601 10.121785714285677 0.38653255890828958 0.86304665005358816 0.304242039564185
decision_type=2 2 2 2 2 2 2 2 2
left_child=2 -2 4 -4 5 -1 -6 -3 -5
right_child=1 7 3 8 6 -7 -8 -9 -10
leaf_value=-0.00077674717861411183 0.0027294686476704217 -0.014498808618564269 -0.014774611900690579 0.0042900751672953945 0.011069466669777053 0.0033932916340729037 -0.0021708766736651254 0.00050659875795783097 -0.0060810141659479611
leaf_weight=194.86604905314744 5.2320629097521296 6.9280182253569347 5.2312347218394271 5.7241873778402788 10.143494065850971 57.73756389413029 4.3363210614770642 1.5525036770850418 2.9599795415997505
leaf_count=996 24 91 46 21 30 260 28 17 23
internal_value=-0.000113952 -0.00591286 0.000182317 -0.00652595 0.000605606 0.000166109 0.00686698 -0.0114637 0
internal_weight=294.711 13.7126 280.999 13.9154 267.083 252.604 14.4798 8.48052 8.68417
internal_count=1536 132 1404 90 1314 1256 58 108 44
is_linear=0
shrinkage=0.015


Tree=291
num_leaves=9
num_cat=0
split_feature=15 16 7 17 3 6 8 3
split_gain=2.42695 4.47597 5.662 3.36163 3.19913 3.56637 1.58229 0.17904
threshold=21.701071428571471 0.0069380170391304822 41.390000000000107 1.3788979263186556 0.027836495613081221 0.93294240650666105 0.90199019486728105 0.16554144146538632
decision_type=2 2 2 2 2 2 2 2
left_child=1 2 3 -1 -3 -6 -2 -4
right_child=6 4 7 -5 5 -7 -8 -9
leaf_value=0.00040893749183412514 0 0.0048744650708912752 0.013330397150109306 -0.010691685042098345 0 -0.0069890074974753441 0.011031548406593516 0.0038301483356827769
leaf_weight=191.73177177924663 5.1189200542867166 6.8290294967591754 5.3092925772070867 4.3339732736349097 25.738262532278895 44.373728567734361 5.0366435497999191 6.1284325011074543
leaf_count=961 27 23 10 31 143 299 12 30
internal_value=-0.000113574 -0.000416033 0.00070439 2.02122e-05 -0.00347402 -0.00450382 0.00641552 0.0101259
internal_weight=294.6 284.444 207.503 196.066 76.941 70.112 10.1556 11.4377
internal_count=1536 1497 1032 992 465 442 39 40
is_linear=0
shrinkage=0.015


Tree=292
num_leaves=8
num_cat=0
split_feature=1 4 5 5 10 5 0
split_gain=2.40777 3.29516 2.54684 3.22803 8.37166 5.73081 0.84589
threshold=0.54476242354889681 2.1714905847058401 0.3710928666518219 0.76960479134597792 0.0021656055332962974 0.96114386095066784 0.46062381700294169
decision_type=2 2 2 2 2 2 2
left_child=2 -2 -1 4 -4 -5 -3
right_child=1 6 3 5 -6 -7 -8
leaf_value=-0.01010077373034526 -0.012265596154800905 -0.0033438428463107733 0.011893883590733742 -0.0051346183841217584 -0.0043695246482245336 0.00086535701097443108 0.005079846412516356
leaf_weight=3.2800782173871985 6.4474180303513986 2.2670173980295658 15.119700850918891 40.918107658624649 9.9354706481099111 212.71756022982299 3.8168604467064142
leaf_count=21 128 23 44 215 52 1030 23
internal_value=-0.000108796 -0.00607875 0.000171052 0.000389776 0.00532125 -0.000105857 0.000962474
internal_weight=294.502 12.5313 281.971 278.691 25.0552 253.636 6.08388
internal_count=1536 174 1362 1341 96 1245 46
is_linear=0
shrinkage=0.015


Tree=293
num_leaves=13
num_cat=0
split_feature=3 12 16 15 17 4 15 5 15 5 8 17
split_gain=2.40957 3.56027 5.056 5.21234 4.11403 4.52024 2.41685 6.16927 5.05946 4.48969 3.92235 3.45748
threshold=0.22276068163009491 -0.0015533436103690177 0.0034025014412748639 4.3232142857142604 1.2209393715335108 0.88942944752489528 12.80785714285714 1.038336781898147 6.2607142857143261 0.88198731330027336 0.060139205563005553 0.7528643102656899
decision_type=2 2 2 2 2 2 2 2 2 2 2 2
left_child=6 2 -2 -4 5 -3 8 11 9 -1 -10 -8
right_child=1 4 3 -5 -6 -7 7 -9 10 -11 -12 -13
leaf_value=0.011006449257844051 -0.016386781420438253 0.0044035489599826621 0.012910367959594798 -0.0041153203479573717 -0.012847686585126663 -0.0015541881811707485 -0.010913517758644967 0.010654228098977182 0.0024788222861195472 0.00071018252969783872 -0.0055188095844332184 0.0041088831148408363
leaf_weight=12.151451006531714 5.4638441475108257 43.337257191538811 2.4063463732600203 37.288745802827179 3.330444309860467 74.053049800917506 4.6619974114000815 16.062806338071823 18.472006682306528 35.827102985233068 36.708044597879052 4.6328440345823765
leaf_count=31 59 164 4 270 33 484 28 44 75 148 180 16
internal_value=-0.00010934 -0.00132027 -0.00481577 -0.00233357 0 0.000619347 0.00139246 0.00537301 0.00025909 0.00380406 -0.00271731 -0.00336014
internal_weight=294.396 165.88 45.1589 39.6951 120.721 117.39 128.516 25.3576 103.159 47.9786 55.1801 9.29484
internal_count=1536 1014 333 274 681 648 522 88 434 179 255 44
is_linear=0
shrinkage=0.015


Tree=294
num_leaves=12
num_cat=0
split_feature=3 3 3 15 15 10 13 2 15 4 17
split_gain=2.3803 2.66925 4.19253 2.80847 2.43232 3.97207 3.40989 1.89042 1.29457 0.935707 0.573567
threshold=0.81278797092021382 0.77189352062400707 0.6942779136003886 21.701071428571471 4.3232142857142604 0.0076758036160172191 0.39212427453826204 0.81425206165747088 6.0714285714285561 0.81651572866476441 0.05598372815088324
decision_type=2 2 2 2 2 2 2 2 2 2 2
left_child=1 2 3 -1 10 6 -6 -7 -3 -4 -2
right_child=4 8 9 -5 5 7 -8 -9 -10 -11 -12
leaf_value=0 0.0056143537450886885 0.013245219753756567 0 0.007512476721978553 0.0033764888733199467 -0.0029018078372759848 -0.014401068690089969 0.010600159460054225 0.0001430590399511759 -0.013420249265670746 -0.00090736382705324187
leaf_weight=248.16565880179405 3.3768045343458679 3.1995141655206671 1.3934854120016087 9.6472847051918489 1.4038601666688943 3.597114408388733 10.602149978280066 1.6352616026997564 4.418770469725132 4.2653952054679394 2.4819406047463417
leaf_count=1143 15 7 7 33 13 47 176 3 29 47 16
internal_value=-0.000107509 0.000273666 0 0.000312892 -0.00454547 -0.00728745 -0.0116015 0.00204533 0.00803542 -0.0109474 0.0023694
internal_weight=294.187 271.09 263.472 257.813 23.0971 17.2384 12.006 5.23238 7.61828 5.65888 5.85875
internal_count=1536 1266 1230 1176 270 239 189 50 36 54 31
is_linear=0
shrinkage=0.015


Tree=295
num_leaves=11
num_cat=0
split_feature=0 2 2 9 2 4 7 1 4 2
split_gain=2.39683 3.85144 8.54563 5.98682 9.87751 3.83131 3.77627 3.5767 2.84839 2.24222
threshold=0.72985739750445744 0.20283274504347931 0.25540084878785568 0.0051255826028127381 0.036989908499794909 0.75556629966366728 37.490000000000016 0.0715258938561847 0.65304384356211165 0.18657111513879229
decision_type=2 2 2 2 2 2 2 2 2 2
left_child=1 3 7 4 -1 -2 -4 -3 -5 -7
right_child=5 2 6 8 -6 9 -8 -9 -10 -11
leaf_value=-0.0084747786758661223 0.0026872234631243703 -1.7632896269856546e-05 -0.0011390883234850282 0.001931264696941207 0.0074540106006409932 -0.01435186754552999 0.0038426624547807722 -0.015703103164485983 -0.0089708995373119198 0.00085895651532246549
leaf_weight=8.2039168179035169 5.2209517732262603 5.8979228101670733 141.23464667983353 7.0208096243441132 55.322980447672307 6.9549362100660783 42.956797746941447 9.7281143981963378 10.063017319887875 1.4295483054593203
leaf_count=51 24 28 732 28 207 95 203 85 70 13
internal_value=-0.00010426 0.000186969 -0.000902846 0.00293564 0.00508662 -0.00584219 1.1262e-05 -0.010882 -0.00436467 -0.0113703
internal_weight=294.034 280.428 199.817 80.6107 63.5269 13.6054 184.191 15.626 17.0838 8.38448
internal_count=1536 1404 1048 356 258 132 935 113 98 108
is_linear=0
shrinkage=0.015


Tree=296
num_leaves=12
num_cat=0
split_feature=1 5 5 5 10 12 2 15 2 19 1
split_gain=2.37447 3.59203 4.34597 4.32078 3.53201 4.91503 4.16812 4.07462 3.95319 3.06748 0.895853
threshold=0.39448946073540825 0.57566437663098491 0.70985945788541116 0.96114386095066784 0.0051755433962583737 -0.00084510516199876029 0.41612055370600992 15.39392857142858 0.19649072826400879 1.0000000180025095e-35 0.049424838814755984
decision_type=2 2 2 2 2 2 2 2 2 2 2
left_child=1 9 10 -4 5 6 -2 -6 -7 -1 -3
right_child=4 2 3 -5 7 8 -8 -9 -10 -11 -12
leaf_value=0.0014243783050592851 -0.014363890261765717 0.0006097529164937126 -0.0037014196539674913 0.0013150098005315876 -0.015175696703119119 0.010648284306263731 0.0016123344792206595 0.0028441206938597191 -0.0015753399369409641 -0.014085917624975876 0.011494136127592718
leaf_weight=2.9834592677652827 6.3779743723571318 4.2054487429559213 46.28010636754334 187.36224436573684 7.3980282004922611 8.2383212968707102 4.5657577887177467 2.3487275950610638 11.193062700331209 4.9382437206804752 7.9568052366375923
leaf_count=12 94 17 233 872 98 38 27 12 79 34 20
internal_value=-0.000106023 0.000412174 0.000791095 0.000266541 -0.00342507 -0.000432959 -0.00789989 -0.01045 0.00376723 -0.00837892 0.00887773
internal_weight=293.848 253.726 245.805 233.642 40.1219 30.3751 10.9437 9.74676 19.4314 7.9217 12.1623
internal_count=1536 1188 1142 1105 348 238 121 110 117 46 37
is_linear=0
shrinkage=0.015


Tree=297
num_leaves=13
num_cat=0
split_feature=1 13 13 17 17 16 6 6 2 8 1 17
split_gain=2.34677 5.15207 4.10041 4.39016 8.35144 7.41232 4.08191 3.88855 5.18289 3.47151 2.58067 1.2869
threshold=0.097901855157798437 0.42016086844987233 0.39212427453826204 0.80569254215971964 1.0665525522714712 0.0033486803253486475 1.0007813258987441 1.1347362195368607 0.069624865344421846 0.48206180323214681 0.043521712614618069 -0.19004280510194679
decision_type=2 2 2 2 2 2 2 2 2 2 2 2
left_child=1 6 9 5 -5 -4 -1 8 -3 11 -9 -2
right_child=2 7 3 4 -6 -7 -8 10 -10 -11 -12 -13
leaf_value=-0.014501548853625514 0.014958779378391978 -0.00748499064814101 -0.011129742922547495 0.0058345909825641782 -0.0064881096411238655 -0.0015090584255894649 0.0014324563990967731 -0.0094835240648485659 0.0054363728026786172 -0.0036401350045754473 0.0011594709422850004 0.0021791381799087972
leaf_weight=5.4691180102527124 4.8783818148076525 5.5055673085153094 20.915702504105866 35.356479758396745 16.208331175148487 102.30867367424071 4.9261377491056919 6.5099027957767239 72.57161882147193 3.9216719791293135 9.4433278050273639 5.6935356929898253
leaf_count=40 12 31 162 148 103 616 21 42 271 21 45 24
internal_value=-0.000105299 0.00165272 -0.00112153 -0.00181081 0.00172356 -0.00335361 -0.00733284 0.00285622 0.00426738 0.00594787 -0.00333843 0.0101144
internal_weight=293.708 104.426 189.283 174.789 51.5648 123.224 10.3953 94.0304 78.0772 14.4936 15.9532 10.5719
internal_count=1536 450 1086 1029 251 778 61 389 302 57 87 36
is_linear=0
shrinkage=0.015


Tree=298
num_leaves=12
num_cat=0
split_feature=3 1 19 1 5 7 16 1 10 2 7
split_gain=2.33546 4.03023 4.3283 8.03172 7.23937 3.93439 4.43765 5.77213 3.45301 2.71372 2.8545
threshold=0.22276068163009491 0.45297890677662639 1.5000000000000002 0.17370100309557254 1.1711238279342611 67.420000000000087 0.0074652516962205309 0.14476244047976125 0.00023241055690655842 0.0074486626948806938 9.7750000000000927
decision_type=2 2 2 2 2 2 2 2 2 2 2
left_child=5 2 4 -4 -2 6 8 -8 -1 -3 -11
right_child=1 9 3 -5 -6 -7 7 -9 -10 10 -12
leaf_value=0.005512867240072346 -0.0027725440929410889 0.0046299624536719044 0.00028354303012510053 -0.009010386753577895 0.0070433435427114874 0.0096564639704837408 0.000172810064847582 -0.013404405323121951 -0.00019260891708220031 0.0027481608036530681 -0.014239644669328099
leaf_weight=36.980355143547058 29.517743432894349 0.98022008687257667 62.672523027285933 28.278096813708544 33.303417598828673 9.8378200531005842 17.60258919000626 8.6509688347578031 55.12125738710165 1.1966138575226057 9.3808168750256282
leaf_count=134 164 6 309 216 150 27 66 62 233 8 161
internal_value=-0.000106135 -0.00130094 -0.000550229 -0.00265711 0.00237222 0.0013735 0.000473674 -0.00466781 0.00208701 -0.00918121 -0.0115901
internal_weight=293.522 165.329 153.772 90.9506 62.8212 128.193 118.355 26.2536 92.1016 11.5577 10.5774
internal_count=1536 1014 839 525 314 522 495 128 367 175 169
is_linear=0
shrinkage=0.015


Tree=299
num_leaves=11
num_cat=0
split_feature=0 2 2 9 2 4 7 10 7 2
split_gain=2.29186 3.76046 8.31357 5.81889 9.58992 3.735 3.64386 3.10352 2.39594 2.20633
threshold=0.72985739750445744 0.20283274504347931 0.25540084878785568 0.0051255826028127381 0.036989908499794909 0.75556629966366728 37.490000000000016 0.0079332523481230339 12.315000000000056 0.18657111513879229
decision_type=2 2 2 2 2 2 2 2 2 2
left_child=1 3 8 4 -1 -2 -4 -5 -3 -7
right_child=5 2 6 7 -6 9 -8 -9 -10 -11
leaf_value=-0.0083390154954403797 0.0026621891097158372 0 -0.0011273064861351612 -0.014505432527919892 0.0073612369071032495 -0.014231391439725433 0.0037730026102786199 -0.0001247803626974179 -0.013112381035338291 0.00085813371296893331
leaf_weight=8.1950994022190553 5.2092695236206046 2.5827884599566451 140.9846115084365 2.9934508278965977 55.172163440845907 6.85301326215267 42.828789204359055 14.044769348576663 12.960145321674643 1.42485751863569
leaf_count=51 24 11 732 24 207 95 203 74 102 13
internal_value=-0.000104508 0.000179241 -0.000898423 0.00289916 0.00502302 -0.00573762 2.43071e-06 -0.00430367 -0.0107653 -0.0112428
internal_weight=293.249 279.762 199.356 80.4055 63.3673 13.4871 183.813 17.0382 15.5429 8.27787
internal_count=1536 1404 1048 356 258 132 935 98 113 108
is_linear=0
shrinkage=0.015


Tree=300
num_leaves=14
num_cat=0
split_feature=18 18 13 7 10 15 17 19 1 5 9 15 6
split_gain=2.35221 8.06112 9.01909 7.72792 8.70562 10.298 5.71197 7.65911 3.67203 3.20916 3.10365 2.867 0.115686
threshold=14.500000000000002 10.500000000000002 0.82020096647301377 15.805000000000065 0.0012343456514048031 17.761785714285697 0.83248532173588574 2.5000000000000004 0.49120061817829824 1.1872793474488961 0.0051255826028127381 4.7549999999999963 1.2039878980435423
decision_type=2 2 2 2 2 2 2 2 2 2 2 2 2
left_child=1 6 10 11 8 -6 7 -1 -5 -8 -3 -2 -13
right_child=3 2 -4 4 5 -7 9 -9 -10 -11 -12 12 -14
leaf_value=0 -0.0023032749830595891 0.0077081987771840579 -0.010888061528065335 0.0023153469784743474 -0.012365337845327831 0.0069796380870776487 0.0070006539966144931 -0.0086934494243208829 -0.010829807419938999 -0.0032366382723382839 -0.0015647585841421297 0.011676951477478353 0.0024059323857520847
leaf_weight=65.245229638181627 3.9532064422965076 57.335154024884105 5.3181729279458514 37.478589693084359 32.139491418376565 5.6664352454245082 21.766432736068968 34.020499934442341 3.3717255033552638 7.1847027987241736 7.2071496769785872 8.3854108694940788 4.0146473152562967
leaf_count=329 25 203 39 185 261 20 73 220 53 40 35 31 22
internal_value=-0.000106768 0.000796547 0.00484661 -0.00204492 -0.00406547 -0.00907245 -0.00139313 -0.00314086 0.000600506 0.0041728 0.00654411 0.00664889 0.00994724
internal_weight=293.087 198.077 69.8605 95.0095 78.6562 37.8059 128.217 99.2657 40.8503 28.9511 64.5423 16.3533 12.4001
internal_count=1536 939 277 597 519 281 662 549 238 113 238 78 53
is_linear=0
shrinkage=0.015


Tree=301
num_leaves=8
num_cat=0
split_feature=5 5 10 5 10 3 1
split_gain=2.28667 3.17496 7.86974 5.09686 6.46369 5.72564 3.47664
threshold=0.3710928666518219 0.76960479134597792 0.0021656055332962974 0.96114386095066784 -0.0093223085917822617 0.088094949701211137 0.20894269870425838
decision_type=2 2 2 2 2 2 2
left_child=-1 2 -2 5 -5 -3 -4
right_child=1 3 6 4 -6 -7 -8
leaf_value=-0.0099146656923923028 0.011329517574842685 0.0022329470622669194 -0.0097715528217728678 -0.0094024288826938772 0.001125017184283165 -0.0089108276029920674 0.0056084420909587648
leaf_weight=3.2620138227939597 15.17690931633115 13.476325586438177 6.9963873103260976 11.915631950832902 211.30335657764226 27.729158378206193 2.9455293230712414
leaf_count=21 46 49 43 94 1100 173 10
internal_value=-0.000106719 4.53097e-05 0.00495723 -0.000426854 0.000451246 -0.00515799 -0.00441068
internal_weight=292.805 289.543 25.1188 264.424 223.219 41.2055 9.94192
internal_count=1536 1515 99 1416 1194 222 53
is_linear=0
shrinkage=0.015


Tree=302
num_leaves=10
num_cat=0
split_feature=15 18 8 7 18 13 19 13 8
split_gain=2.30024 3.88544 6.99788 7.61858 5.16294 6.91898 6.25442 2.80099 1.53654
threshold=21.701071428571471 16.500000000000004 0.092090751787547789 13.599999999999683 10.500000000000002 0.82020096647301377 2.5000000000000004 0.70120793837002848 0.90199019486728105
decision_type=2 2 2 2 2 2 2 2 2
left_child=1 4 7 -4 6 -6 -1 -3 -2
right_child=8 2 3 -5 5 -7 -8 -9 -10
leaf_value=0.00088606788458613312 0 0.0074393477696014041 0.0089036683571366241 -0.0096259813731853702 0.0041151306129458718 -0.0092526726216158681 -0.0059513633470666674 -0.0042757992815517431 0.010836816077333899
leaf_weight=79.791348975151777 5.0720911249518377 11.895733159035446 3.7500155940651885 35.25382430665195 95.516918607056141 7.385858576744794 44.636171714402735 4.4110874570906153 4.9868072271347046
leaf_count=383 27 42 11 287 425 61 263 25 12
internal_value=-0.000106566 -0.000402511 -0.00390758 -0.00731415 0.000444226 0.00292605 -0.00156276 0.00373974 0.00627472
internal_weight=292.7 282.641 55.3107 39.0038 227.33 102.903 124.428 16.3068 10.0589
internal_count=1536 1497 365 298 1132 486 646 67 39
is_linear=0
shrinkage=0.015


Tree=303
num_leaves=9
num_cat=0
split_feature=3 0 3 3 7 14 1 15
split_gain=2.27431 3.16623 3.00387 3.68459 2.90049 3.45546 2.1838 1.0344
threshold=0.81278797092021382 0.073798295053338167 0.77189352062400707 0.6942779136003886 10.35500000000002 1.0000000180025095e-35 0.26228559553601433 6.0714285714285561
decision_type=2 2 2 2 2 2 2 2
left_child=1 -1 3 -3 -2 -6 -7 -4
right_child=4 2 7 -5 5 6 -8 -9
leaf_value=0.0086082463609729459 0.0051294803722958518 -9.7919804289848852e-06 0.012995628947115024 -0.010720868368007818 -0.013492769434620373 -0.0054854694728720668 0.0058332682066401867 0.000520031426116319
leaf_weight=7.8766528964042655 3.4739802889525917 248.81202782504261 3.1822626963257781 5.4891987647861233 7.7632042355835447 7.3734538983553648 4.267703521065414 4.2910444065928459
leaf_count=24 14 1154 7 53 125 84 47 28
internal_value=-0.000103957 0.000268331 -1.75466e-05 -0.000352112 -0.00446214 -0.00684857 -0.000539294 0.00824615
internal_weight=292.53 269.651 261.775 254.301 22.8783 19.4044 11.6412 7.47331
internal_count=1536 1266 1242 1207 270 256 131 35
is_linear=0
shrinkage=0.015


Tree=304
num_leaves=15
num_cat=0
split_feature=18 18 13 7 3 2 13 13 17 8 3 7 2 16
split_gain=2.25742 7.67599 8.642 7.37916 6.12996 5.89885 6.67493 5.10061 4.6986 3.05464 2.92246 1.31957 0.913847 0.551437
threshold=14.500000000000002 10.500000000000002 0.82020096647301377 15.805000000000065 0.35987391208210689 0.041332442067672753 0.76023142314869852 0.47167648989912414 0.91242578968155852 0.9274696115092963 0.45712492967712465 15.024999999999865 0.40057581573895257 0.0029875191217787946
decision_type=2 2 2 2 2 2 2 2 2 2 2 2 2 2
left_child=1 5 9 10 8 13 -7 -6 -5 -3 -2 -12 -4 -1
right_child=3 2 12 4 7 6 -8 -9 -10 -11 11 -13 -14 -15
leaf_value=-1.8761959677921158e-05 0.010571906914371439 0.0083288053909379729 -0.013783626684361337 0.001730892541400051 0.001268297778880957 -0.0022161937419111176 0.0064979348401014089 -0.012844180016872507 -0.0082307081893601124 0.00044096160490262904 -0.0061583269083989043 0.0048304306849552576 0 -0.016492524770222717
leaf_weight=1.521884150803088 10.723758775740864 47.135374257341027 3.4579209182411423 39.394303388893604 6.0252721253782537 100.03899955842644 22.388999169692397 20.812370949424803 12.160365249961613 17.217609770596027 3.6260816641151896 1.9488337729126213 1.8386660665273664 4.1032018046826124
leaf_count=9 31 168 29 171 35 513 102 237 76 70 37 10 10 38
internal_value=-0.000101362 0.000783396 0.00474294 -0.00200419 -0.00398332 -0.0013524 -0.000483493 -0.00954751 -0.000698366 0.00640835 0.00650002 -0.00106571 -0.010674 -0.0141931
internal_weight=292.394 197.703 69.6496 94.691 78.3923 128.053 122.428 26.8376 51.5547 64.353 16.2987 5.57492 5.29659 5.62509
internal_count=1536 939 277 597 519 662 615 272 247 238 78 47 39 47
is_linear=0
shrinkage=0.015


Tree=305
num_leaves=14
num_cat=0
split_feature=1 13 13 16 5 4 10 1 1 2 3 5 2
split_gain=2.26797 5.77601 5.11471 6.94799 5.1299 4.87903 6.28283 5.40197 4.28694 3.0209 3.21081 2.67185 1.81251
threshold=0.17370100309557254 0.43349456234193312 0.42231231192870827 0.0044661897039478321 0.57566437663098491 0.75556629966366728 -0.00023993969111904461 0.25473824062355283 0.15979283718574927 0.55327608296150343 0.39818874826114148 0.8475290025447918 0.24318682345842776
decision_type=2 2 2 2 2 2 2 2 2 2 2 2 2
left_child=2 9 3 -1 12 7 -7 -3 -6 10 -2 -5 -4
right_child=1 5 4 11 8 6 -8 -9 -10 -11 -12 -13 -14
leaf_value=0.0050025485678659217 0.012479996869232377 -0.0051873966412616847 0 0 0.0017284583074130063 0 -0.0079857873152112627 0.008534018365562673 0.01112069864488094 -0.0038281564154989843 -0.00068595023290081707 -0.016638561919840773 -0.01539452264500985
leaf_weight=5.5082808881998053 10.593010760843756 8.6056193411350268 3.1845889613032332 2.1567631773650628 131.3857565689832 38.03421444259584 49.65236346796155 13.597488060593603 10.61489838734269 3.7445778027176848 4.3994436543434849 7.8582101091742516 2.8283682055771351
leaf_count=18 27 44 14 9 571 241 395 49 33 20 34 59 22
internal_value=-0.00010236 -0.0016022 0.00103711 -0.00655352 0.00195995 -0.0029723 -0.00457888 0.00291672 0.00262734 0.00558324 0.00854915 -0.0133084 -0.00958694
internal_weight=292.164 128.627 163.537 15.5233 148.014 109.89 87.6866 22.2031 142.001 18.737 14.9925 10.015 6.01296
internal_count=1536 810 726 86 640 729 636 93 604 81 61 68 36
is_linear=0
shrinkage=0.015


Tree=306
num_leaves=9
num_cat=0
split_feature=15 10 18 3 10 18 0 8
split_gain=2.2612 4.14805 6.57638 7.49272 3.87817 5.68686 5.01756 1.49982
threshold=21.701071428571471 -0.0097815610132113654 4.5000000000000009 0.054478488043760341 0.00017285696253256923 16.500000000000004 0.67062788264385798 0.90199019486728105
decision_type=2 2 2 2 2 2 2 2
left_child=1 2 -1 -4 6 -6 -3 -2
right_child=7 4 3 -5 5 -7 -8 -9
leaf_value=0.0069363870137844905 0 0.00355495505256051 0.0042108064320262664 -0.019200228531304091 0 -0.0069058635308778017 -0.008339652847876116 0.010746359453305425
leaf_weight=3.2305047772824755 5.0613536089658719 86.93593401927501 2.834463231265544 8.3237111233174783 143.29619272612035 30.761395298875868 6.5532662952318779 4.9686660245060921
leaf_count=14 27 388 9 79 718 220 69 12
internal_value=-0.000101833 -0.000395913 -0.00772361 -0.0129471 2.47303e-05 -0.00126757 0.00248543 0.00623261
internal_weight=291.965 281.935 14.3887 11.1582 267.547 174.058 93.4892 10.03
internal_count=1536 1497 102 88 1395 938 457 39
is_linear=0
shrinkage=0.015


Tree=307
num_leaves=15
num_cat=0
split_feature=12 1 8 15 18 12 0 2 3 10 2 12 15 12
split_gain=2.23859 5.70683 5.43508 7.69372 4.00524 6.02266 3.6113 3.33352 3.32816 3.31207 3.11515 3.05602 1.09131 0.183206
threshold=-0.0015925923928160055 0.36035904543383152 0.11171441595971827 10.463571428571415 19.500000000000004 0.0034693599700917903 0.17403082514470272 0.11064369131226774 0.81278797092021382 0.00017285696253256923 0.41612055370600992 0.0040363824273361723 8.2410714285714146 -0.0029320217862486837
decision_type=2 2 2 2 2 2 2 2 2 2 2 2 2 2
left_child=1 2 9 -4 6 12 11 -7 -8 -1 -3 -2 -6 -12
right_child=4 10 3 -5 5 7 8 -9 -10 -11 13 -13 -14 -15
leaf_value=0.0056297547809843222 0.0011625190957373381 -0.015669523251926738 -0.010564871171831939 0.0046794169211727878 -0.0019011458849921153 0 0.00087859464482315972 -0.019895841877351172 -0.0073193878026959289 -0.0054567519085018147 -0.0024737221658494945 0.01067209078593925 0.0068210312410859689 0.0019667479617123001
leaf_weight=29.069441393017769 20.042698211967945 7.7634528623893839 18.173637250438336 9.5449531599879247 4.0974244531244022 1.8845190182328222 159.72921504825354 4.9309028796851635 9.8932593762874586 5.1841515824198714 2.0277445437386632 13.559202983975409 3.6255289316177368 2.284871144220233
leaf_count=99 82 108 145 49 24 9 731 40 137 25 18 46 11 12
internal_value=-0.000100373 -0.00233959 -0.000248499 -0.00510146 0.000641288 -0.0063964 0.00123873 -0.0150379 0.000277021 0.00353651 -0.0109778 0.00559448 0.00198292 0
internal_weight=291.811 74.0483 61.9722 27.7186 217.763 14.5384 203.224 6.81542 169.622 34.2536 12.0761 33.6019 7.72295 4.31262
internal_count=1536 456 318 194 1080 84 996 49 868 124 138 128 35 30
is_linear=0
shrinkage=0.015


Tree=308
num_leaves=14
num_cat=0
split_feature=1 5 5 5 19 3 4 3 0 4 0 4 1
split_gain=2.20282 3.3581 4.1566 4.07057 2.89281 2.85709 3.27272 4.57309 2.57793 2.77247 2.62192 2.51281 1.47474
threshold=0.39448946073540825 0.57566437663098491 0.70985945788541116 0.96114386095066784 1.0000000180025095e-35 0.20732157993755407 1.2019281441970044 0.12357368050776889 0.63374915569062862 0.82049211774060182 0.71494846929180389 0.84129300340317237 0.043521712614618069
decision_type=2 2 2 2 2 2 2 2 2 2 2 2 2
left_child=1 4 12 -4 -1 6 11 -8 9 -7 -10 -2 -3
right_child=5 2 3 -5 -6 8 7 -9 10 -11 -12 -13 -14
leaf_value=0.0013735997026757692 0.002195044031423979 0 -0.0036109496917543257 0.0012728271821493846 -0.013694844333142039 0.0032362828146754647 -0.0041790103706701651 0.0099994192217847718 0.0069815699308327303 -0.014375859375162583 -0.0083050425143207634 -0.012209273429181161 0.011130289659911467
leaf_weight=2.956224486231803 2.4158994741737869 2.7475690171122542 45.992876037955284 186.13995115458965 4.8939223773777485 0.88530617207288997 6.8548688441514996 9.3726801704615337 3.5523319225758305 9.008986644446848 2.629287788644433 4.8267245981842279 9.272367410361765
leaf_count=12 12 13 233 872 34 3 44 34 25 135 54 41 24
internal_value=-0.000101549 0.000396607 0.000765145 0.000250583 -0.0081322 -0.00332279 0 0.00379731 -0.00780643 -0.0118902 0 -0.00715773 0.00871423
internal_weight=291.549 252.003 244.153 232.133 7.85015 39.5461 23.4702 16.2275 16.0759 9.89429 6.18162 7.24262 12.0199
internal_count=1536 1188 1142 1105 46 348 131 78 217 138 79 53 37
is_linear=0
shrinkage=0.015


Tree=309
num_leaves=13
num_cat=0
split_feature=12 18 0 6 5 8 9 10 9 19 6 12
split_gain=2.18688 4.61094 3.90948 3.8029 3.70297 4.15402 3.43185 3.3968 6.21203 4.01818 2.29033 0.400962
threshold=0.005432698228170608 19.500000000000004 0.72985739750445744 1.0936731172905103 1.0754157762548322 0.89911039661665326 0.0068560313809578159 0.0084829541960318184 0.0037317990027917465 2.5000000000000004 1.1470518139200607 0.0072411652738897389
decision_type=2 2 2 2 2 2 2 2 2 2 2 2
left_child=2 4 7 -4 5 -2 -6 9 -9 -1 -5 -3
right_child=1 11 3 10 6 -7 -8 8 -10 -11 -12 -13
leaf_value=0.0021703433199367389 -0.0030203753538142553 0 -0.014774243168964776 0.0083050384022102242 0.0047624683115998611 0.010833541150919258 -0.0064536792073819071 -0.016258714452803129 -0.00074486752856089012 -0.0021642170955198559 -0.0070346305833024411 -0.011943806586979749
leaf_weight=123.26267393212765 4.3031171094626215 2.104438289999961 6.4603006709367019 2.6707659512758255 11.351136114448311 20.075810130685568 9.2718069311231357 5.9866422340273848 26.491136377677321 75.153836629353464 1.9421260748058555 2.3202680125832558
leaf_count=580 30 10 78 9 52 60 73 50 130 409 34 21
internal_value=-0.000101572 0.00268001 -0.000717818 -0.00871517 0.00432879 0.00806028 -7.33885e-05 -0.000230531 -0.00459933 0.000485915 0.000538265 -0.00904905
internal_weight=291.394 49.4266 241.967 11.0732 45.0019 24.3789 20.6229 230.894 32.4778 198.417 4.61289 4.42471
internal_count=1536 246 1290 121 215 90 125 1169 180 989 43 31
is_linear=0
shrinkage=0.015


Tree=310
num_leaves=10
num_cat=0
split_feature=15 16 16 7 5 17 5 1 2
split_gain=2.18765 4.08354 5.11589 5.05403 4.66984 3.70038 2.18675 1.42994 0.884067
threshold=21.701071428571471 0.0076307750376172741 0.0085322639888261876 44.15499999999998 1.194442623959677 1.0665525522714712 0.72395298280720011 0.098399099815509608 0.35246759688726309
decision_type=2 2 2 2 2 2 2 2 2
left_child=1 3 6 5 -4 -1 -3 -2 -5
right_child=7 2 4 8 -6 -7 -8 -9 -10
leaf_value=0.00062658459905759315 0.009951503519891049 0.00094219720004173261 -0.004897363403738246 0.00044300701879261068 0.0037645207384784979 -0.0061283795062051435 -0.016260953809083076 0 0.011989020979797781
leaf_weight=188.21607454307377 5.8053184822201711 0.8149319738149633 36.261519850231707 3.6252253223210555 19.428061990067363 18.180126015096903 6.9428372951224446 4.1802620068192482 7.7630493938922882
leaf_count=960 16 2 211 19 106 109 68 23 22
internal_value=-0.000105323 -0.00039517 -0.00369734 0.000557621 -0.00171979 0 -0.0138625 0.00613587 0.00948901
internal_weight=291.217 281.232 63.4474 217.784 55.6896 206.396 7.75777 9.98558 11.3883
internal_count=1536 1497 387 1110 317 1069 70 39 41
is_linear=0
shrinkage=0.015


Tree=311
num_leaves=12
num_cat=0
split_feature=3 7 16 1 19 1 5 0 4 2 7
split_gain=2.16386 3.7726 4.10856 3.72379 4.09371 7.70725 6.97986 3.69068 2.98075 2.83829 2.669
threshold=0.22276068163009491 67.420000000000087 0.010040949100862605 0.45297890677662639 1.5000000000000002 0.17370100309557254 1.1711238279342611 0.21530686005672842 1.9364629952043309 0.0049444694288765115 9.7750000000000927
decision_type=2 2 2 2 2 2 2 2 2 2 2
left_child=1 2 8 4 6 -6 -2 -4 -1 -5 -11
right_child=3 -3 7 9 5 -7 -8 -9 -10 10 -12
leaf_value=0.0023486458588876076 -0.0027559399525946345 0.009475735748286836 0.0018683632723546317 0.0053799821943655906 0.00028541168384834092 -0.0088643941596139985 0.0069079014289387553 -0.011920983694540982 -0.0064452166296909818 0.0022720772413247427 -0.01406767536600222
leaf_weight=96.625132655724883 29.326972164213657 9.7215477749705297 5.2565817832946768 0.86926678754389186 62.191455380991101 27.922000272199512 33.122900297865272 8.5300223138183338 7.219183098524808 1.2660113237798203 9.0936240861192328
leaf_count=383 164 27 17 4 309 216 150 55 40 9 162
internal_value=-0.000102398 0.00132441 0.000440903 -0.00125961 -0.000537832 -0.00259918 0.00230862 -0.00661765 0.00155621 -0.0089353 -0.0114195
internal_weight=291.145 127.352 117.631 163.792 152.563 90.1135 62.4499 13.7866 103.844 11.2289 10.3596
internal_count=1536 522 495 1014 839 525 314 72 423 175 171
is_linear=0
shrinkage=0.015


Tree=312
num_leaves=14
num_cat=0
split_feature=12 16 1 16 18 12 0 2 3 4 12 2 4
split_gain=2.18776 7.31008 5.48329 4.10812 3.85725 5.86146 3.46584 3.2682 3.21138 3.13081 2.9813 2.76958 1.97438
threshold=-0.0015925923928160055 0.0031971920028634635 0.36035904543383152 0.0065588074608209489 19.500000000000004 0.0034693599700917903 0.17403082514470272 0.11064369131226774 0.81278797092021382 0.59908831114347116 0.0040363824273361723 0.41612055370600992 0.71858710770443579
decision_type=2 2 2 2 2 2 2 2 2 2 2 2 2
left_child=1 12 3 -3 6 9 10 -7 -8 -6 -2 -4 -1
right_child=4 2 11 -5 5 7 8 -9 -10 -11 -12 -13 -14
leaf_value=0 0.0011142291470473498 0.0044796812835062446 -0.014471469049193667 -0.0034857249810923163 0.0096292445364889283 0 0.00086621758252833695 -0.019654182327984517 -0.0072138154866205643 -0.0056470474769102514 0.010523346693750567 0 -0.01758106341673037
leaf_weight=0.76537737250327964 19.995686683803797 35.151882857084274 6.453393090516327 21.256717875599861 4.0702815875411016 1.8765912987291811 159.4035916980356 4.9051282182335854 9.8071068916469795 3.6280714813619852 13.483367703855036 4.0639953278005123 6.0218625823035836
leaf_count=2 82 150 92 123 11 9 731 40 137 24 46 26 63
internal_value=-0.000101427 -0.00232063 -0.000500103 0.00133306 0.000631914 -0.00628547 0.00121932 -0.0148325 0.000275312 0.00197665 0.00549465 -0.00957326 -0.015219
internal_weight=290.883 73.7132 66.926 56.4086 217.17 14.4801 202.69 6.78172 169.211 7.69835 33.4791 10.5174 6.78724
internal_count=1536 456 391 273 1080 84 996 49 868 35 128 118 65
is_linear=0
shrinkage=0.015


Tree=313
num_leaves=10
num_cat=0
split_feature=6 6 0 6 6 7 6 13 20
split_gain=2.14478 3.05349 3.30791 3.01375 6.60788 4.34856 4.25163 2.07262 2.05228
threshold=1.2945415533128872 1.6230583376549164 0.21993441451073223 1.259697950795817 1.2074946218649383 15.904999999999974 1.0700531299725045 0.63945047016329626 1.0000000180025095e-35
decision_type=2 2 2 2 2 2 2 2 2
left_child=3 2 -2 4 6 -6 -1 -5 -4
right_child=1 -3 8 7 5 -7 -8 -9 -10
leaf_value=-0.00077111374703673643 0.001415986367951012 0.0056346927571412683 -0.014087909291267126 -0.0010307720884681884 0.0014128811417629266 -0.016718368531929224 0.0036211295947794825 0.010167521297060819 0.00028401539461628435
leaf_weight=185.78940647654235 4.4862055554986027 2.7617963775992385 9.093183465301987 3.3991213608533135 3.0089107770472747 6.6848883898928761 64.875509491190314 9.0965412240475398 1.4596122130751616
leaf_count=942 20 12 109 21 14 58 318 33 9
internal_value=-0.000103483 -0.00488776 -0.00769486 0.000214647 -0.000126782 -0.01117 0.000355641 0.00688199 -0.011774
internal_weight=290.655 17.8008 15.039 272.854 260.359 9.6938 250.665 12.4957 10.5528
internal_count=1536 150 138 1386 1332 72 1260 54 118
is_linear=0
shrinkage=0.015


Tree=314
num_leaves=14
num_cat=0
split_feature=12 16 1 16 18 12 0 2 18 4 12 2 4
split_gain=2.13459 7.1459 5.36484 4.00269 3.77127 5.7231 3.38296 3.21386 3.08982 3.05475 2.90571 2.72636 1.95178
threshold=-0.0015925923928160055 0.0031971920028634635 0.36035904543383152 0.0065588074608209489 19.500000000000004 0.0034693599700917903 0.17403082514470272 0.11064369131226774 10.500000000000002 0.59908831114347116 0.0040363824273361723 0.41612055370600992 0.71858710770443579
decision_type=2 2 2 2 2 2 2 2 2 2 2 2 2
left_child=1 12 3 -3 6 9 10 -7 -8 -6 -2 -4 -1
right_child=4 2 11 -5 5 7 8 -9 -10 -11 -12 -13 -14
leaf_value=0 0.0011024555457862673 0.0044230072300665427 -0.014382502506720421 -0.0034404256097377386 0.0095142062441170416 0 -0.0018062544672698374 -0.019476524548074577 0.0021962653603317082 -0.005580020587282737 0.010407362604036801 0 -0.017443999059611283
leaf_weight=0.76562132686376472 19.989101566374302 35.11555957980454 6.3959028851240856 21.251582173630595 4.058948911726473 1.8737461939454076 79.568537034094334 4.884903758764267 89.544879799708724 3.6259615663439035 13.435458004474638 4.0633113821968436 5.9811024097725749
leaf_count=2 82 150 92 123 11 9 412 40 456 24 46 26 63
internal_value=-0.000101866 -0.00229644 -0.000495974 0.00131353 0.000622189 -0.00622492 0.00120324 -0.0146841 0.000270133 0.00193632 0.00543082 -0.00949523 -0.0150815
internal_weight=290.555 73.5731 66.8264 56.3671 216.982 14.4436 202.538 6.75865 169.113 7.68491 33.4246 10.4592 6.74672
internal_count=1536 456 391 273 1080 84 996 49 868 35 128 118 65
is_linear=0
shrinkage=0.015


Tree=315
num_leaves=9
num_cat=0
split_feature=15 10 18 3 20 9 18 8
split_gain=2.15006 3.99155 6.34684 7.31668 4.9225 5.93573 4.88288 1.45398
threshold=21.701071428571471 -0.0097815610132113654 4.5000000000000009 0.054478488043760341 1.0000000180025095e-35 -0.0040806680011024167 10.500000000000002 0.90199019486728105
decision_type=2 2 2 2 2 2 2 2
left_child=1 2 -1 -4 5 -3 -6 -2
right_child=7 4 3 -5 6 -7 -8 -9
leaf_value=0.0068250516947127469 0 0.0055110786117017448 0.004181461976691875 -0.01900421447111468 -0.0018680251812222442 -0.0035859931957858355 0.0038028312072790338 0.010548609282585759
leaf_weight=3.1916905492544165 5.0249770842492563 16.675726560875773 2.8157568946480742 8.215578396804629 48.345448458567262 103.03261176869273 98.149472944438457 4.9270842745900154
leaf_count=14 27 77 9 79 248 619 451 12
internal_value=-0.00010318 -0.000391205 -0.00761686 -0.0127771 2.08131e-05 -0.00218738 0.00188091 0.00609257
internal_weight=290.378 280.426 14.223 11.0313 266.203 119.708 146.495 9.95206
internal_count=1536 1497 102 88 1395 696 699 39
is_linear=0
shrinkage=0.015


Tree=316
num_leaves=8
num_cat=0
split_feature=5 5 5 3 9 1 1
split_gain=2.12403 3.12731 4.7288 5.48532 4.45947 3.69922 3.64201
threshold=0.3710928666518219 0.76960479134597792 0.96114386095066784 0.088094949701211137 0.00080453252692171053 0.22150259442093931 0.21710613946557569
decision_type=2 2 2 2 2 2 2
left_child=-1 4 3 -3 -2 -6 -4
right_child=1 2 6 -5 5 -7 -8
leaf_value=-0.0095663077239167803 0.010386980067842335 0.0022372136318251057 0.0020403887255268345 -0.0086872705389404413 -0.0067802197225505989 0.0084574851886044158 -0.0018226211925005287
leaf_weight=3.2471783198416224 13.182548534125091 13.424240522086619 130.85770949162543 27.517562141641974 8.3160936105996353 3.3187266215682021 90.39266365300864
leaf_count=21 42 49 584 173 48 9 610
internal_value=-9.98875e-05 4.67227e-05 -0.000422931 -0.00499326 0.00494972 -0.00128072 0.000426358
internal_weight=290.257 287.01 262.192 40.9418 24.8174 11.6348 221.25
internal_count=1536 1515 1416 222 99 57 1194
is_linear=0
shrinkage=0.015


Tree=317
num_leaves=13
num_cat=0
split_feature=12 18 0 2 2 9 6 8 9 1 6 2
split_gain=2.12339 4.28188 3.79334 5.64168 9.14484 6.03201 3.68348 3.59463 6.4082 5.66308 2.17079 1.36689
threshold=0.005432698228170608 19.500000000000004 0.72985739750445744 0.20283274504347931 0.34674657534246678 0.0051255826028127381 1.0936731172905103 0.89911039661665326 0.005825736404656179 0.16193392977815266 1.1470518139200607 0.13479875179960824
decision_type=2 2 2 2 2 2 2 2 2 2 2 2
left_child=2 7 3 5 -5 -1 -4 8 -2 -9 -8 -3
right_child=1 11 6 4 -6 -7 10 9 -10 -11 -12 -13
leaf_value=0.005056127879348362 0.0052387025293980614 0 -0.014631501744727828 -0.0077778716732637438 0.00024647976248413765 -0.0084805441278678929 0.0080859310549922982 0.011297990806097901 -0.013560804584064287 -0.00097414899674912452 -0.0068922550738991228 -0.013372161897526692
leaf_weight=58.517068691551685 8.3935168664902431 1.9656433649361122 6.3620052821934205 40.128359284251928 125.14990711491555 6.2422933243215075 2.6601521484553814 20.431381121277813 4.5530529338866463 11.419714042916892 1.9024764271453021 2.4101690202951431
leaf_count=241 41 10 78 272 616 40 9 56 53 65 34 21
internal_value=-9.84163e-05 0.00264901 -0.000707147 -0.000227317 -0.00172664 0.00342398 -0.00863188 0.0042404 -0.00180082 0.00687885 0.000500532 -0.00868618
internal_weight=290.136 49.1735 240.962 230.038 165.278 64.7594 10.9246 44.7977 12.9466 31.8511 4.56263 4.37581
internal_count=1536 246 1290 1169 888 281 121 215 94 121 43 31
is_linear=0
shrinkage=0.015


Tree=318
num_leaves=14
num_cat=0
split_feature=12 4 12 15 18 12 0 2 4 18 18 2 7
split_gain=2.10036 6.45931 4.84021 5.8076 3.60851 5.53668 3.27009 3.13225 2.99544 2.90948 2.8891 1.55152 1.08993
threshold=-0.0015925923928160055 0.63827691863290503 -0.0020330460144613034 4.3232142857142604 19.500000000000004 0.0034693599700917903 0.17403082514470272 0.11064369131226774 0.59908831114347116 10.500000000000002 7.5000000000000009 0.10706784578575894 38.394999999999762
decision_type=2 2 2 2 2 2 2 2 2 2 2 2 2
left_child=1 11 3 -3 6 8 10 -7 -6 -8 -2 -1 -13
right_child=4 2 -4 -5 5 7 9 -9 -10 -11 -12 12 -14
leaf_value=-0.0015730558245212708 -0.0011538254684489639 0.010436407652247371 -0.017249990019988365 -0.0045174270844225914 0.0094397250741926741 0 -0.0017466509399353734 -0.019176062977369471 -0.0055156499149721493 0.0021395945905543436 0.0078805320787736482 0.0015308439900884739 0.012317843377488454
leaf_weight=2.7096841782331458 8.8099294640123826 4.4359450265765181 4.4051215462386599 49.824983223341405 4.0500796958804113 1.8700813017785547 79.452385967597365 4.8593425750732422 3.6148506477475166 89.398329133167863 24.514205690473318 6.4424541108310205 5.5115313082933426
leaf_count=14 40 13 46 347 11 9 412 40 24 456 88 25 11
internal_value=-0.000100907 -0.00228189 -0.00457316 -0.00283407 0.000617377 -0.00608869 0.00118653 -0.0144296 0.00192878 0.000267991 0.00534969 0.00588354 0.00809446
internal_weight=289.899 73.3297 58.666 54.2609 216.569 14.3944 202.175 6.72942 7.66493 168.851 33.3241 14.6637 11.954
internal_count=1536 456 406 360 1080 84 996 49 35 868 128 50 36
is_linear=0
shrinkage=0.015


Tree=319
num_leaves=9
num_cat=0
split_feature=3 0 3 3 7 14 5 15
split_gain=2.11683 2.89788 2.93223 3.5212 2.82126 3.3397 2.21007 0.994453
threshold=0.81278797092021382 0.073798295053338167 0.77189352062400707 0.6942779136003886 10.35500000000002 1.0000000180025095e-35 1.1711238279342611 6.0714285714285561
decision_type=2 2 2 2 2 2 2 2
left_child=1 -1 3 -3 -2 -6 -7 -4
right_child=4 2 7 -5 5 6 -8 -9
leaf_value=0.0083148567087787447 0.0051133895262174016 -9.3641858387534067e-06 0.012843280191430452 -0.010541537472852931 -0.013355482148823646 -0.0091653528913191677 0.0028946506932588036 0.00049988371202193405
leaf_weight=7.6907730400562277 3.4496801011264351 246.74808465875685 3.1628606729209414 5.4027674607932559 7.5394593253731736 2.9022314902395019 8.6013165209442359 4.239032719284296
leaf_count=24 14 1154 7 53 125 45 86 28
internal_value=-9.98948e-05 0.000258645 -1.31485e-05 -0.000345723 -0.00433931 -0.00673134 -0.000499393 0.00818206
internal_weight=289.736 267.244 259.553 252.151 22.4927 19.043 11.5035 7.40189
internal_count=1536 1266 1242 1207 270 256 131 35
is_linear=0
shrinkage=0.015


Tree=320
num_leaves=9
num_cat=0
split_feature=15 10 18 4 20 5 10 1
split_gain=2.08874 3.9136 6.23314 5.38855 4.69066 5.13093 4.29781 1.41658
threshold=21.701071428571471 -0.0097815610132113654 4.5000000000000009 0.58513161562721161 1.0000000180025095e-35 1.1805769179137962 -0.0072615628599984779 0.098399099815509608
decision_type=2 2 2 2 2 2 2 2
left_child=1 2 -1 -4 6 -6 -3 -2
right_child=7 4 3 -5 5 -7 -8 -9
leaf_value=0.006757981810383641 0.0098306642801409532 0.006626823415885023 0.0027941133333496751 -0.0176958533353875 0.0048294475015232758 -0.00068069539336731316 -0.003029893467532927 0
leaf_weight=3.1772968769073477 5.7633432820439321 9.1266113780438882 2.5165929347276679 8.4259049594402295 67.469700647518039 78.705546325072646 110.27698169089854 4.1449020020663738
leaf_count=14 16 36 8 80 263 436 660 23
internal_value=-9.80451e-05 -0.000382594 -0.00756135 -0.0127004 2.47074e-05 0.00184285 -0.00213299 0.00601982
internal_weight=289.607 279.699 14.1198 10.9425 265.579 146.175 119.404 9.90825
internal_count=1536 1497 102 88 1395 699 696 39
is_linear=0
shrinkage=0.015


Tree=321
num_leaves=9
num_cat=0
split_feature=10 10 18 10 2 2 0 21
split_gain=2.0779 4.88503 3.60582 3.32206 4.24341 5.91976 3.24087 2.76246
threshold=0.016127776390869403 0.01842065615940329 12.500000000000002 0.013527761353348601 0.036989908499794909 0.20283274504347931 0.38653255890828958 1.0000000180025095e-35
decision_type=2 2 2 2 2 2 2 2
left_child=3 -2 -3 4 7 -6 -5 -1
right_child=1 2 -4 6 5 -7 -8 -9
leaf_value=-0.014195713414217017 -0.0145610886884265 0.0080722718101327411 -0.0074899313692052168 0.010971543389508343 0.0038274650127304139 -0.0012208420933845551 -0.0021218125037189414 0
leaf_weight=5.811821745708583 5.3030908852815619 5.654954828321932 3.7636819928884506 10.028822131454943 71.479667018167675 177.42680677771568 4.4122411273419848 5.5801597964018583
leaf_count=50 48 19 29 30 338 952 30 40
internal_value=-9.47347e-05 -0.00524573 0.000974135 0.000190093 -0.000193531 0.000217966 0.00674343 -0.0084343
internal_weight=289.461 14.7217 9.41864 274.74 260.298 248.906 14.4411 11.392
internal_count=1536 96 48 1440 1380 1290 60 90
is_linear=0
shrinkage=0.015


Tree=322
num_leaves=9
num_cat=0
split_feature=5 5 17 5 4 5 8 12
split_gain=2.06208 3.08767 4.64226 4.5892 4.9733 3.01261 1.76356 0.744329
threshold=0.3710928666518219 0.76960479134597792 0.42370425557736019 0.96114386095066784 0.59908831114347116 1.3100554110508409 0.93841309375666282 -0.0014147638938105664
decision_type=2 2 2 2 2 2 2 2
left_child=-1 2 7 4 -3 -5 -4 -2
right_child=1 3 6 5 -6 -7 -8 -9
leaf_value=-0.0094281547421382218 0.0025438488168800554 0.0019142710370204058 -0.0083159306575242408 0.0016514693140278467 -0.0084681074091507696 -0.0020380325924735537 0.0019965037349991685 0.013059464750143579
leaf_weight=3.2417686693370333 5.5691643096506587 13.514729276299475 3.8273942079395038 149.39906466938555 27.307732720859349 71.20363035146147 6.9406732730567455 8.3813306111842412
leaf_count=21 25 55 27 738 167 456 27 20
internal_value=-9.55538e-05 4.88548e-05 0.00492988 -0.000418115 -0.00492689 0.00041931 -0.00180999 0.0101771
internal_weight=289.385 286.144 24.7186 261.425 40.8225 220.603 10.7681 13.9505
internal_count=1536 1515 99 1416 222 1194 54 45
is_linear=0
shrinkage=0.015


Tree=323
num_leaves=9
num_cat=0
split_feature=15 10 18 20 18 8 8 8
split_gain=2.03889 3.81307 6.10482 4.57805 4.67831 4.60046 4.06833 1.41386
threshold=21.701071428571471 -0.0097815610132113654 4.5000000000000009 1.0000000180025095e-35 10.500000000000002 0.16897903278077139 0.014667536855673548 0.90199019486728105
decision_type=2 2 2 2 2 2 2 2
left_child=1 2 -1 5 -5 -3 -4 -2
right_child=7 3 6 4 -6 -7 -8 -9
leaf_value=0.006695368284194275 0 0.0021313916287890827 0.00049672058419155361 -0.0018479335204230846 0.003708520919832232 -0.0040585329585130009 -0.017160478385387229 0.010365147223756366
leaf_weight=3.16875947266817 4.9963961839675886 36.347482927143574 2.8699234388768664 48.237421456724405 97.835301678627729 82.942948321811855 8.0294880401343089 4.8855454325675964
leaf_count=14 27 165 11 248 451 531 77 12
internal_value=-9.40873e-05 -0.000375543 -0.00747347 2.57913e-05 0.00182279 -0.0021066 -0.0125736 0.00595699
internal_weight=289.313 279.431 14.0682 265.363 146.073 119.29 10.8994 9.88194
internal_count=1536 1497 102 1395 699 696 88 39
is_linear=0
shrinkage=0.015


Tree=324
num_leaves=13
num_cat=0
split_feature=3 3 8 6 9 1 5 1 5 17 13 1
split_gain=2.06777 3.92724 4.03249 4.95641 4.89001 3.2177 3.83026 3.58266 3.27943 2.28611 1.8051 0.997524
threshold=0.57781274281276596 0.64660951437963121 0.68908059877157657 0.9732566564770847 0.005825736404656179 0.027324816580783624 0.93431918747946574 0.036111130377045282 0.76960479134597792 0.6132369620177629 0.43597515990004959 0.028292875788849679
decision_type=2 2 2 2 2 2 2 2 2 2 2 2
left_child=5 11 3 -3 -4 6 9 -7 -9 -1 -8 -2
right_child=1 2 4 -5 -6 7 10 8 -10 -11 -12 -13
leaf_value=0.0038817725447847836 0 -0.013971958991082348 0.008076832952741737 -1.912701219265383e-05 -0.0089244922315889017 -0.010958941507609798 -1.8258294392372734e-05 0.0053963709973257386 -0.0004911335165335626 -0.0078835980719532284 0.010435427835117922 -0.014157959992064807
leaf_weight=5.1422310099005717 1.3336462154984463 6.5955140385776785 14.736486690118911 20.528620045632124 2.7692094855010501 4.7175852358341208 2.8888780623674419 21.987323444336653 181.51439334824681 5.1169372797012329 16.414806112647057 5.454794704914093
leaf_count=17 6 89 68 203 42 27 12 81 860 27 44 60
internal_value=-9.15582e-05 -0.00278094 -0.000759429 -0.00439591 0.0043636 0.000477064 0.00494868 -0.000163178 0.000154813 -0.00170342 0.00866409 -0.0120205
internal_weight=289.2 51.4183 44.6298 27.1241 17.5057 237.782 29.5629 208.219 203.502 10.2592 19.3037 6.78844
internal_count=1536 468 402 292 110 1068 100 968 941 44 56 66
is_linear=0
shrinkage=0.015


Tree=325
num_leaves=9
num_cat=0
split_feature=3 0 3 3 7 14 5 15
split_gain=2.0492 2.82981 2.86211 3.44841 2.7732 3.27678 2.16926 0.963203
threshold=0.81278797092021382 0.073798295053338167 0.77189352062400707 0.6942779136003886 10.35500000000002 1.0000000180025095e-35 1.1711238279342611 6.0714285714285561
decision_type=2 2 2 2 2 2 2 2
left_child=1 -1 3 -3 -2 -6 -7 -4
right_child=4 2 7 -5 5 6 -8 -9
leaf_value=0.0082391779581377292 0.0050820306492134464 -6.6164223544426224e-06 0.012686758571797565 -0.010455806901232597 -0.013276410486282166 -0.0091093840707767385 0.0028637963424727009 0.00048231381626660878
leaf_weight=7.641599364578723 3.4450765401124981 246.30273891985416 3.1568923629820338 5.3646898865699759 7.4361118208616981 2.874010526575149 8.5890913335606438 4.2201202698051929
leaf_count=24 14 1154 7 53 125 45 86 28
internal_value=-9.4366e-05 0.000257611 -1.04287e-05 -0.000339605 -0.00427944 -0.00666781 -0.000488315 0.00809685
internal_weight=289.03 266.686 259.044 251.667 22.3443 18.8992 11.4631 7.37701
internal_count=1536 1266 1242 1207 270 256 131 35
is_linear=0
shrinkage=0.015


Tree=326
num_leaves=10
num_cat=0
split_feature=6 6 0 6 6 7 6 2 8
split_gain=2.02831 2.9464 3.22777 2.91735 6.34301 4.22355 3.94418 2.19812 1.10924
threshold=1.2945415533128872 1.6230583376549164 0.21993441451073223 1.259697950795817 1.2074946218649383 15.904999999999974 1.0700531299725045 0.039164089454597394 0.81088487294066158
decision_type=2 2 2 2 2 2 2 2 2
left_child=3 2 -2 4 6 -6 -1 -4 -5
right_child=1 -3 7 8 5 -7 -8 -9 -10
leaf_value=-0.00073393207375560239 0.0014307110807344145 0.0055471547907673365 0.00073785747977561872 0 0.0014128470495728374 -0.016470992717850123 0.0035077759969755528 -0.014069267074940165 0.0092252936534451824
leaf_weight=184.78145797457546 4.4568420536816147 2.7515916693955651 1.4351609703153361 3.6656113974750033 2.991814034059642 6.6254009176045656 64.48785846401006 8.9554326282814127 8.750988405197857
leaf_count=942 20 12 10 26 14 58 318 108 28
internal_value=-9.26041e-05 -0.00477088 -0.00755975 0.000216118 -0.000120269 -0.0109765 0.000352767 -0.0116298 0.00679373
internal_weight=288.902 17.599 14.8474 271.303 258.887 9.61721 249.269 10.3906 12.4166
internal_count=1536 150 138 1386 1332 72 1260 118 54
is_linear=0
shrinkage=0.015


Tree=327
num_leaves=15
num_cat=0
split_feature=18 7 15 2 18 12 15 12 10 10 15 3 18 1
split_gain=2.04439 6.95838 8.28543 7.0528 6.7609 6.42058 5.95906 5.80046 5.4075 4.7623 3.71591 2.79453 1.38232 1.22942
threshold=14.500000000000002 15.805000000000065 7.5050000000000123 0.11064369131226774 10.500000000000002 0.002422547720925317 8.3178571428571644 0.0016596659730490073 0.011870338764224572 0.0033410451476767037 8.5699999999999701 0.45712492967712465 11.500000000000002 0.091852166922563663
decision_type=2 2 2 2 2 2 2 2 2 2 2 2 2 2
left_child=4 11 3 -3 5 7 -4 -1 10 -7 -6 -2 -10 -13
right_child=1 2 6 -5 8 9 -8 -9 12 -11 -12 13 -14 -15
leaf_value=-0.0024710508043413941 0.010376314689860925 0.0022872940184080364 0.0082039158315677044 -0.015229188047095407 0.0031458345706534482 -0.00408628574157671 -0.003150321846765264 -0.016550995191532358 0 0.005448437441042623 0.011666225862566017 0.0049842114790033688 -0.013042630233351973 -0.0057808369299799959
leaf_weight=69.077561616897583 10.598064046353104 5.4219172131270197 11.506237762048839 17.766019577160478 47.603524165228009 14.187953077256678 42.326176569797099 5.816180355846881 2.1570204496383658 37.743650989606977 16.629334706813097 1.6510226652026165 2.5055994763970375 3.8145849360153079
leaf_count=389 31 35 54 167 193 74 263 45 11 154 50 5 23 42
internal_value=-9.07555e-05 -0.00192016 -0.0038646 -0.0109792 0.00075199 -0.00125837 -0.000382174 -0.00406407 0.00448962 0.00264951 0.0057506 0.0063833 -0.00826774 -0.00106029
internal_weight=288.805 93.084 77.0204 23.1879 195.721 126.825 53.8324 74.8937 68.8955 51.9316 64.2329 16.0637 4.66262 5.46561
internal_count=1536 597 519 202 939 662 317 434 277 228 243 78 34 47
is_linear=0
shrinkage=0.015


Tree=328
num_leaves=11
num_cat=0
split_feature=10 10 18 12 0 6 1 17 8 7
split_gain=2.03991 4.73386 3.50031 3.28098 3.97455 3.53007 2.96262 5.55528 4.06261 2.58376
threshold=0.016127776390869403 0.01842065615940329 12.500000000000002 0.005432698228170608 0.72985739750445744 1.0936731172905103 0.16369383744011698 1.0570488888287277 0.89911039661665326 16.670000000000304
decision_type=2 2 2 2 2 2 2 2 2 2
left_child=3 -2 -3 4 9 -6 8 -8 -5 -1
right_child=1 2 -4 6 5 -7 7 -9 -10 -11
leaf_value=0.002085330536642005 -0.014396403954631438 0.0079545515135293395 -0.0074055777801333017 -0.00080180059865558656 -0.014487154102847165 0.00039032470838376939 0.0043471312524896851 -0.013744031380769005 0.011079062327800827 -0.0012120087563386134
leaf_weight=83.010803002864122 5.2693293429911128 5.6171375252306444 3.7495325952768326 7.877390123903754 6.2705377209931594 4.5145395873114467 10.330249816179274 3.4470059331506482 16.431797988712788 142.09312789328396
leaf_count=373 48 19 29 45 78 43 55 36 44 766
internal_value=-9.03455e-05 -0.00520798 0.000924836 0.000191627 -0.000450379 -0.00858609 0.00417909 -0.000872307 0.00717572 0
internal_weight=288.611 14.636 9.36667 273.975 235.889 10.7851 38.0864 13.7773 24.3092 225.104
internal_count=1536 96 48 1440 1260 121 180 91 89 1139
is_linear=0
shrinkage=0.015


Tree=329
num_leaves=10
num_cat=0
split_feature=10 10 18 10 2 2 5 6 1
split_gain=2.00064 4.64093 3.43171 3.19625 4.16136 5.73093 2.65846 2.57853 1.90948
threshold=0.016127776390869403 0.01842065615940329 12.500000000000002 0.013527761353348601 0.036989908499794909 0.20283274504347931 1.1564758710937122 1.1186299847159697 0.10841535540493706
decision_type=2 2 2 2 2 2 2 2 2
left_child=3 -2 -3 4 7 -6 8 -1 -5
right_child=1 2 -4 6 5 -7 -8 -9 -10
leaf_value=-0.012844547009220452 -0.014276710150662914 0.0078790981325286037 -0.0073354815703602343 0.0064828212360344382 0.003776475888390792 -0.0011985493353954164 0.01211636451340296 0 -0.0058152478182461114
leaf_weight=7.1760991197079402 5.2507122531533232 5.6051094159483892 3.7477072067558765 3.3739191554486734 71.229587510228157 176.90706469584256 6.9752186257392168 4.1519559007138014 4.0260753240436316
leaf_count=61 48 19 29 10 338 952 22 29 28
internal_value=-9.1757e-05 -0.00516499 0.00090367 0.00018709 -0.00018907 0.000218364 0.00662844 -0.00837001 0
internal_weight=288.443 14.6035 9.35282 273.84 259.465 248.137 14.3752 11.3281 7.39999
internal_count=1536 96 48 1440 1380 1290 60 90 38
is_linear=0
shrinkage=0.015


Tree=330
num_leaves=11
num_cat=0
split_feature=3 7 15 7 1 17 12 5 1 13
split_gain=2.01944 3.50342 3.91882 3.84533 3.49604 3.27572 4.00265 2.97013 2.60796 3.0002
threshold=0.22276068163009491 67.420000000000087 5.8546428571428031 15.024999999999865 0.45297890677662639 1.2209393715335108 0.0052736913511708403 0.88695938010270681 1.7212373681763669 0.34340612807015175
decision_type=2 2 2 2 2 2 2 2 2 2
left_child=1 2 7 -4 5 6 -2 -1 9 -6
right_child=4 -3 3 -5 8 -7 -8 -9 -10 -11
leaf_value=0.010822409124038946 -0.001260384842877718 0.0092116716899488874 -0.012123343511856757 -0.00030585603120612522 0.0036893223795223581 -0.012331027366072471 0.0050190894444882899 0.0013244259324764346 0.004791362504171651 -0.013963643978456763
leaf_weight=9.5459870994091016 121.95207032561302 9.5416736565530282 4.9622502699494353 72.880931083112955 1.0403074249625177 3.1121035367250434 25.952689561992884 29.476743262261152 0.92579382285475809 8.9867279250174743
leaf_count=23 687 27 29 322 5 28 124 121 4 166
internal_value=-9.12389e-05 0.00129006 0.000436084 -0.00143793 -0.00121759 -0.000516072 -5.62375e-05 0.00424506 -0.00873782 -0.0111996
internal_weight=288.377 126.408 116.866 77.8432 161.97 151.017 147.905 39.0227 10.9528 10.027
internal_count=1536 522 495 351 1014 839 811 144 175 171
is_linear=0
shrinkage=0.015


Tree=331
num_leaves=8
num_cat=0
split_feature=5 5 10 5 10 3 1
split_gain=1.99915 2.9779 7.05675 4.44949 5.65917 5.34947 3.10864
threshold=0.3710928666518219 0.76960479134597792 0.0021656055332962974 0.96114386095066784 -0.0093223085917822617 0.088094949701211137 0.20894269870425838
decision_type=2 2 2 2 2 2 2
left_child=-1 2 -2 5 -5 -3 -4
right_child=1 3 6 4 -6 -7 -8
leaf_value=-0.0092908780016480556 0.010980837941202103 0.0022778198163726031 -0.0091871990575031742 -0.0089351561866984324 0.0010530457193267395 -0.0085269350067937403 0.0053854096703343486
leaf_weight=3.2288244925439349 14.777441153302791 13.392463676631449 6.8776626959443075 11.518521026708184 208.20567761454731 27.282872800715268 2.9110089913010597
leaf_count=21 46 49 43 94 1100 173 10
internal_value=-8.96946e-05 5.24505e-05 0.00486023 -0.00040612 0.000419738 -0.00485367 -0.00403888
internal_weight=288.194 284.966 24.5661 260.4 219.724 40.6753 9.78867
internal_count=1536 1515 99 1416 1194 222 53
is_linear=0
shrinkage=0.015


Tree=332
num_leaves=13
num_cat=0
split_feature=1 13 13 17 17 18 14 8 8 0 18 18
split_gain=1.98402 4.90017 3.895 4.10958 7.86146 5.13245 3.77995 3.49856 3.4337 3.37027 3.11384 1.41538
threshold=0.097901855157798437 0.42016086844987233 0.39212427453826204 0.80569254215971964 1.0665525522714712 10.500000000000002 1.0000000180025095e-35 0.89746263509387869 0.48206180323214681 0.52260155797035646 11.500000000000002 8.5000000000000018
decision_type=2 2 2 2 2 2 2 2 2 2 2 2
left_child=1 10 8 5 -5 -4 9 -8 11 -3 -1 -2
right_child=2 6 3 4 -6 -7 7 -9 -10 -11 -12 -13
leaf_value=-0.013662882566610537 0.014388979715281511 0.0070912453341901811 -0.0068599792999268069 0.0057393325375032596 -0.0063208575550778327 -0.00049714094261117485 -0.0043929908296284417 0.0034746889075232216 -0.0036740714859145301 -0.0046136026080178128 0.0003316557738253922 0.0013020107982726833
leaf_weight=5.2226034738123399 5.5596838109195215 41.326211474835873 49.360224774107337 34.795304039493203 15.85647910274565 71.288433125242591 22.230789078399539 24.544644117355347 3.8846853114664546 4.1477914471179238 4.9584977179765701 4.9111525304615498
leaf_count=40 13 139 330 148 103 448 133 89 21 28 21 23
internal_value=-8.96644e-05 0.00153967 -0.0010354 -0.00171928 0.00172477 -0.00323089 0.00272853 -0.000137595 0.00587898 0.00571625 -0.00729604 0.0100454
internal_weight=288.087 102.431 185.656 171.3 50.6518 120.649 92.2494 46.7754 14.3555 45.474 10.1811 10.4708
internal_count=1536 450 1086 1029 251 778 389 222 57 167 61 36
is_linear=0
shrinkage=0.015


Tree=333
num_leaves=10
num_cat=0
split_feature=10 10 18 10 2 2 0 7 5
split_gain=2.00659 4.51324 3.33675 3.12161 4.03993 5.60231 3.10908 2.60641 2.10985
threshold=0.016127776390869403 0.01842065615940329 12.500000000000002 0.013527761353348601 0.036989908499794909 0.20283274504347931 0.38653255890828958 34.839999999999925 1.1564758710937122
decision_type=2 2 2 2 2 2 2 2 2
left_child=3 -2 -3 4 7 -6 -5 -1 -8
right_child=1 2 -4 6 5 -7 8 -9 -10
leaf_value=-0.011447188123287398 -0.014174162929942852 0.0077378905041888373 -0.0072877746479278948 0.010723117381684447 0.0037416032119804228 -0.0011819237049136477 -0.0098639981463586324 0.0025990551598429595 0.0047972762487535261
leaf_weight=9.1738480776548368 5.2260649632662526 5.5717652067542058 3.7419038563966751 9.95661519654095 71.075113824568689 176.62232074141502 2.1745552495121947 2.1171614974737158 2.2124259993433952
leaf_count=78 48 19 29 30 338 952 20 12 10
internal_value=-8.91614e-05 -0.00518023 0.000817046 0.000190077 -0.000181649 0.000219466 0.00656175 -0.00825433 -0.00210892
internal_weight=287.872 14.5397 9.31367 273.332 258.988 247.697 14.3436 11.291 4.38698
internal_count=1536 96 48 1440 1380 1290 60 90 30
is_linear=0
shrinkage=0.015


Tree=334
num_leaves=15
num_cat=0
split_feature=18 7 10 10 18 13 12 12 10 12 8 7 1 2
split_gain=1.98652 6.72855 7.93484 6.95701 6.55485 8.10655 6.06686 5.64275 4.54475 3.86844 3.11583 1.745 1.59739 0.818987
threshold=14.500000000000002 15.805000000000065 0.0012343456514048031 0.0079332523481230339 10.500000000000002 0.82020096647301377 0.002422547720925317 0.0016596659730490073 0.0033410451476767037 -0.0038572498672753137 0.9274696115092963 14.580000000000156 0.28668912285828746 0.40057581573895257
decision_type=2 2 2 2 2 2 2 2 2 2 2 2 2 2
left_child=4 11 9 -4 6 10 7 -1 -8 -3 -6 12 -2 -7
right_child=1 2 3 -5 5 13 8 -9 -10 -11 -12 -13 -14 -15
leaf_value=-0.0023970370327861521 0.0054547610102386804 -0.0052985525756396356 -0.015923366614143786 -0.0023593104952453585 0.0079981777418349827 -0.013529516961100508 -0.0040092655753401424 -0.016300894857193469 0.0053135740292452761 0.0040220964852760565 5.1378341178588807e-05 0.010987386832344436 -0.0050876253241487713 0
leaf_weight=68.85698760766536 5.4388007689267379 13.082915016449986 15.12985090818256 21.716362418606877 46.549783390015364 3.4064440932124844 14.163383111357687 5.7959156371653071 37.532442767173052 26.829563420265913 16.91866522282362 7.1142524965107432 3.4383540116250515 1.8138306885957716
leaf_count=389 23 99 142 139 168 29 74 45 154 139 70 24 31 10
internal_value=-8.89519e-05 -0.00189584 -0.00381141 -0.00865513 0.000742772 0.00442823 -0.00124015 -0.0039715 0.00256547 0.000680887 0.00606066 0.00628358 0.000497242 -0.0105614
internal_weight=287.788 92.7501 76.7587 36.8462 195.037 68.6887 126.349 74.6529 51.6958 39.9125 63.4684 15.9914 8.87715 5.22027
internal_count=1536 597 519 281 939 277 662 434 228 238 238 78 54 39
is_linear=0
shrinkage=0.015


Tree=335
num_leaves=12
num_cat=0
split_feature=3 7 15 7 4 1 19 1 6 2 13
split_gain=1.98061 3.4212 3.81614 3.72738 3.62711 3.39649 3.91917 7.30438 3.63268 2.69706 3.04023
threshold=0.22276068163009491 67.420000000000087 5.8546428571428031 15.024999999999865 1.1839281241099127 0.45297890677662639 1.5000000000000002 0.17370100309557254 1.00704305871176 0.0049444694288765115 0.34340612807015175
decision_type=2 2 2 2 2 2 2 2 2 2 2
left_child=1 2 4 -4 -1 6 8 -8 -2 -7 -11
right_child=5 -3 3 -5 -6 9 7 -9 -10 10 -12
leaf_value=0.0074952390782591577 0.0055717131640061184 0.0091214392327501562 -0.011938523123638396 -0.00029891562457564253 -0.0013594332206646065 0.0052259355476360287 0.0002684007692595363 -0.0087016005615860956 -0.0013890413607326017 0.0039366787383001865 -0.013923032954460794
leaf_weight=24.828264612704515 33.083876587450504 9.4983664043247682 4.9599290750920764 72.752650050446391 14.08235617354512 0.86355850845575233 61.37827817723155 27.459255697205663 28.709210565313697 0.99202889204025169 8.9806682402268034
leaf_count=77 146 27 29 322 67 4 309 216 168 4 167
internal_value=-9.14565e-05 0.00127744 0.000432338 -0.00141679 0.00419748 -0.00120912 -0.000517661 -0.00255216 0.002278 -0.00865835 -0.0111592
internal_weight=287.588 126.122 116.623 77.7126 38.9106 161.467 150.631 88.8375 61.7931 10.8363 9.9727
internal_count=1536 522 495 351 144 1014 839 525 314 175 171
is_linear=0
shrinkage=0.015


Tree=336
num_leaves=8
num_cat=0
split_feature=5 5 17 5 3 1 1
split_gain=1.96143 2.88793 4.49921 4.35476 5.21348 3.28038 1.77318
threshold=0.3710928666518219 0.76960479134597792 0.42370425557736019 0.96114386095066784 0.088094949701211137 0.21710613946557569 0.20587739580678502
decision_type=2 2 2 2 2 2 2
left_child=-1 2 -2 4 -3 -5 -4
right_child=1 3 6 5 -6 -7 -8
leaf_value=-0.0092133659787643988 0.009994261156602964 0.0022383858201744668 -0.0057276306370798672 0.0019564495081104642 -0.0084381739162705076 -0.0017264201326514766 0.004996096135593724
leaf_weight=3.2182908132672301 13.791439259424807 13.351922102272509 7.7192794978618604 129.6361518651247 27.207373913377523 89.464919124729931 2.948261983692646
leaf_count=21 45 49 44 584 173 610 10
internal_value=-9.04185e-05 5.03865e-05 0.00479525 -0.000401134 -0.00480725 0.000416699 -0.00185091
internal_weight=287.338 284.119 24.459 259.66 40.5593 219.101 10.6675
internal_count=1536 1515 99 1416 222 1194 54
is_linear=0
shrinkage=0.015


Tree=337
num_leaves=12
num_cat=0
split_feature=10 10 12 3 5 4 1 17 3 6 9
split_gain=1.9876 4.38715 3.07535 2.95199 7.23302 3.48924 2.83787 5.34262 4.68115 2.72866 0.796895
threshold=0.016127776390869403 0.01842065615940329 0.005432698228170608 0.20732157993755407 0.99431522948747275 1.4095011263580408 0.16369383744011698 1.0570488888287277 0.350201672452566 0.89748462250409911 0.01511997065449463
decision_type=2 2 2 2 2 2 2 2 2 2 2
left_child=2 -2 3 5 -5 -1 8 -8 -4 -3 -11
right_child=1 9 6 4 -6 -7 7 -9 -10 10 -12
leaf_value=0.0029608784073082454 -0.014045930825325553 0.009022999624467223 0.011315764519379878 -0.0090215381247558575 -0.00015437212024181786 -0.0036254600448627967 0.0042237297760797749 -0.013572050827315926 -0.0013917493474236446 -0.0081902213879915947 0
leaf_weight=78.667226141318679 5.1998465713113537 3.6500231698155385 16.097050145268444 23.968505308032036 111.59657937753946 20.64893588796258 10.29293107613921 3.4022056721150866 8.0705934688448888 3.0637200139462948 2.5629378706216812
leaf_count=303 48 10 42 167 688 102 55 36 47 27 11
internal_value=-8.93124e-05 -0.00516621 0.000188504 -0.00043304 -0.00188501 0.00147294 0.00406066 -0.000885433 0.00700354 0.000754417 -0.0045856
internal_weight=287.221 14.4765 272.744 234.881 135.565 99.3162 37.8628 13.6951 24.1676 9.27668 5.62666
internal_count=1536 96 1440 1260 855 405 180 91 89 48 38
is_linear=0
shrinkage=0.015


Tree=338
num_leaves=9
num_cat=0
split_feature=10 10 18 10 2 2 0 21
split_gain=1.94422 4.30746 3.17452 3.01332 3.91872 5.43955 3.00568 2.53308
threshold=0.016127776390869403 0.01842065615940329 12.500000000000002 0.013527761353348601 0.036989908499794909 0.20283274504347931 0.38653255890828958 1.0000000180025095e-35
decision_type=2 2 2 2 2 2 2 2
left_child=3 -2 -3 4 7 -6 -5 -1
right_child=1 2 -4 6 5 -7 -8 -9
leaf_value=-0.013699266650443041 -0.013930206110182761 0.0075432577045093938 -0.0071376000556450103 0.010560253392239056 0.0036900143509857319 -0.0011681592262872717 -0.0020621783321283795 0
leaf_weight=5.7202813439071161 5.181154550984501 5.5304513201117498 3.7321992740035057 9.9071781113743764 70.858694484457374 176.21381892636418 4.3702746629714957 5.5190761610865593
leaf_count=50 48 19 29 30 338 952 30 40
internal_value=-9.07967e-05 -0.00511712 0.000744939 0.000183553 -0.000181338 0.000213462 0.00645716 -0.00814783
internal_weight=287.033 14.4438 9.26265 272.589 258.312 247.073 14.2775 11.2394
internal_count=1536 96 48 1440 1380 1290 60 90
is_linear=0
shrinkage=0.015


Tree=339
num_leaves=9
num_cat=0
split_feature=6 6 6 7 6 6 3 22
split_gain=1.96003 4.19458 6.11188 4.00283 3.831 2.60415 2.86463 3.5114
threshold=1.2828022818335232 1.259697950795817 1.2074946218649383 15.904999999999974 1.0700531299725045 1.6230583376549164 0.052167991532987699 1.0000000180025095e-35
decision_type=2 2 2 2 2 2 2 2
left_child=1 2 4 -4 -1 6 -2 -8
right_child=5 -3 3 -5 -6 -7 7 -9
leaf_value=-0.00073176215326395476 0.0031914079878573643 0.0092317001867543002 0.0012752723813095723 -0.016180904760802233 0.0034611730556624266 0.0054453054871648155 -0.013026527787010012 0.0016692263496752837
leaf_weight=183.63418920245022 3.233057036995894 9.2080502025783044 2.964870519936083 6.5646952297538519 64.094530871137977 2.731847070157527 11.201779237017034 3.3225818667560807
leaf_count=942 11 36 14 58 318 12 127 18
internal_value=-9.16426e-05 0.000238916 -0.000122767 -0.0108203 0.000342069 -0.00436304 -0.00665006 -0.00941572
internal_weight=286.956 266.466 257.258 9.52957 247.729 20.4893 17.7574 14.5244
internal_count=1536 1368 1332 72 1260 168 156 145
is_linear=0
shrinkage=0.015


Tree=340
num_leaves=13
num_cat=0
split_feature=0 6 2 2 9 2 7 1 10 8 5 6
split_gain=1.92429 3.64323 3.30964 7.56484 5.20481 8.39173 3.45519 3.29552 2.94285 1.88308 0.954334 2.10054
threshold=0.72985739750445744 1.0936731172905103 0.20283274504347931 0.25540084878785568 0.0051255826028127381 0.036989908499794909 37.490000000000016 0.0715258938561847 0.0079332523481230339 0.95575766143000163 0.87256705139889701 1.1156993887744722
decision_type=2 2 2 2 2 2 2 2 2 2 2 2
left_child=2 9 4 7 5 -1 -5 -4 -6 -2 -3 -12
right_child=1 10 3 6 8 -7 -8 -9 -10 -11 11 -13
leaf_value=-0.0078004643495808582 -0.014190743994751474 0.008389363674889877 0 -0.001091584030353931 -0.014084817356637479 0.0069942127103075295 0.003736494663202109 -0.015098600995417301 0 0.00054029813589742464 0.0068443091143755982 -0.0083950412142529893
leaf_weight=8.0299506485462171 6.0740592535585147 1.6260578781366346 5.8079344891011706 138.48944817576557 2.9369082078337696 54.033183893188834 41.695389098487794 9.3461876725777966 13.703242367133496 1.1544593945145605 1.5892536081373694 2.371452166698873
leaf_count=51 76 3 28 732 24 207 203 85 74 7 5 41
internal_value=-8.93518e-05 -0.0053718 0.000167637 -0.0008513 0.00274796 0.00477919 1.32368e-05 -0.010371 -0.00412552 -0.0114181 0.00241048 -0.000777183
internal_weight=286.858 12.8153 274.042 195.339 78.7033 62.0631 180.185 15.1541 16.6402 7.22852 5.58676 3.96071
internal_count=1536 132 1404 1048 356 258 935 113 98 83 49 46
is_linear=0
shrinkage=0.015


Tree=341
num_leaves=11
num_cat=0
split_feature=10 10 18 12 0 2 6 1 2 2
split_gain=1.91939 4.21183 3.10889 2.95834 3.76745 5.24975 3.37813 2.74613 5.64891 2.57818
threshold=0.016127776390869403 0.01842065615940329 12.500000000000002 0.005432698228170608 0.72985739750445744 0.20283274504347931 1.0936731172905103 0.16369383744011698 0.29732524087361956 0.29258421528293999
decision_type=2 2 2 2 2 2 2 2 2 2
left_child=3 -2 -3 4 5 -1 -6 9 -9 -5
right_child=1 2 -4 7 6 -7 -8 8 -10 -11
leaf_value=0.0036160496119350123 -0.013820979600277719 0.0074539439926787137 -0.0070863789778455666 0.011534787945317294 -0.014255562084135233 -0.0014210683159256356 0.0003661656605428781 -0.0097633234840646486 0.0071140249036425749 0.001103913817467763
leaf_weight=63.196647267788649 5.1590982172638169 5.5133472196757776 3.7276489958167076 11.522981598973276 6.1212036516517383 160.7657801900059 4.4641954721882939 6.7020984850823861 6.9608848094940186 12.535718232393263
leaf_count=274 48 19 29 32 78 865 43 55 36 57
internal_value=-9.23715e-05 -0.00509326 0.000704188 0.000179988 -0.000428887 0 -0.00841494 0.00398567 -0.000875532 0.00688948
internal_weight=286.67 14.4001 9.241 272.27 234.548 223.962 10.5854 37.7217 13.663 24.0587
internal_count=1536 96 48 1440 1260 1139 121 180 91 89
is_linear=0
shrinkage=0.015


Tree=342
num_leaves=8
num_cat=0
split_feature=5 5 10 5 10 3 1
split_gain=1.91657 2.84257 6.84218 4.23903 5.5008 5.05177 2.98888
threshold=0.3710928666518219 0.76960479134597792 0.0021656055332962974 0.96114386095066784 -0.0093223085917822617 0.064220245622242975 0.20894269870425838
decision_type=2 2 2 2 2 2 2
left_child=-1 2 -2 5 -5 -3 -4
right_child=1 3 6 4 -6 -7 -8
leaf_value=-0.0091197344501211877 0.010821890478831123 0.0031895941855340009 -0.0090771106360592827 -0.0088400250972651834 0.0010326520918873528 -0.0078773404958744249 0.0052289298962963308
leaf_weight=3.2065331898629656 14.64346264023334 10.699369452893732 6.8264063932001573 11.449637251906095 207.12803996726871 29.695774908177555 2.895687747746706
leaf_count=21 46 37 43 94 1100 185 10
internal_value=-9.18357e-05 4.72543e-05 0.00476359 -0.000400851 0.000406031 -0.00475697 -0.00401115
internal_weight=286.545 283.338 24.3656 258.973 218.578 40.3951 9.72209
internal_count=1536 1515 99 1416 1194 222 53
is_linear=0
shrinkage=0.015


Tree=343
num_leaves=9
num_cat=0
split_feature=3 7 14 0 3 4 1 22
split_gain=1.92037 2.74636 3.19463 2.64618 2.80346 3.33999 2.13924 0.595955
threshold=0.81278797092021382 10.35500000000002 1.0000000180025095e-35 0.073798295053338167 0.77189352062400707 1.0472900214547567 0.26228559553601433 1.0000000180025095e-35
decision_type=2 2 2 2 2 2 2 2
left_child=3 -2 -3 -1 5 -5 -4 -6
right_child=1 2 6 4 7 -7 -8 -9
leaf_value=0.0080249381023053904 0.0051384373544230977 -0.013167361706817801 -0.0054257516932902346 0.00097677797551288864 0.00040322874331370952 -0.002559581718969819 0.005890447525808383 0.011285262487303336
leaf_weight=7.5013968348503104 3.4296453483402756 7.2782542435452351 7.1772790625691414 155.43256916292012 3.5411216244101515 94.14422264508903 4.1632927479222417 3.7742944806814194
leaf_count=24 14 125 84 658 26 549 47 9
internal_value=-9.1612e-05 -0.00416905 -0.00657939 0.00024901 -9.32264e-06 -0.000337123 -0.000448938 0.0080403
internal_weight=286.442 22.0485 18.6188 264.394 256.892 249.577 11.3406 7.31542
internal_count=1536 270 256 1266 1242 1207 131 35
is_linear=0
shrinkage=0.015


Tree=344
num_leaves=10
num_cat=0
split_feature=15 18 8 7 18 19 9 4 1
split_gain=1.90854 3.09357 5.87582 6.74921 4.12153 5.74961 4.65182 1.59474 1.40417
threshold=21.701071428571471 16.500000000000004 0.092090751787547789 13.599999999999683 10.500000000000002 2.5000000000000004 0.0051255826028127381 0.58513161562721161 0.098399099815509608
decision_type=2 2 2 2 2 2 2 2 2
left_child=1 4 7 -4 5 -1 -6 -3 -2
right_child=8 2 3 -5 6 -7 -8 -9 -10
leaf_value=0.00095334923640184226 0.0096297985891885731 0.0081907964481652811 0.0086134073181526327 -0.0089648012123431826 0.0039762647191376429 -0.0056607969494162063 -0.004733045693022373 -4.1707055615572632e-05 0
leaf_weight=78.370964409783483 5.6675237752497178 6.64544603973627 3.641300491988658 34.067384604364634 86.958652466535568 43.800551225431263 13.859563175588844 9.2082404382526857 4.077644532546401
leaf_count=383 16 19 11 287 400 263 86 48 23
internal_value=-8.76403e-05 -0.000362185 -0.00354377 -0.00673017 0.000393409 -0.00141052 0.00263727 0.00352004 0.00579991
internal_weight=286.297 276.552 53.5624 37.7087 222.99 122.172 100.818 15.8537 9.74517
internal_count=1536 1497 365 298 1132 646 486 67 39
is_linear=0
shrinkage=0.015


Tree=345
num_leaves=13
num_cat=0
split_feature=3 3 2 9 2 1 5 1 5 17 4 15
split_gain=1.89623 3.81583 3.82602 4.08752 3.6893 3.03057 3.64335 3.32625 3.0188 2.13794 1.3776 1.1606
threshold=0.57781274281276596 0.64660951437963121 0.41612055370600992 0.0017768644130179978 0.14671261715351233 0.027324816580783624 0.93431918747946574 0.036111130377045282 0.76960479134597792 0.6132369620177629 0.77827757537612208 8.6217857142857106
decision_type=2 2 2 2 2 2 2 2 2 2 2 2
left_child=5 10 4 -4 -3 6 9 -7 -9 -1 -2 -8
right_child=1 2 3 -5 -6 7 11 8 -10 -11 -12 -13
leaf_value=0.0037379588847563511 0 -0.0070773492978739748 -0.010139145493669594 0.0020467355211432848 0.0061317598708980122 -0.010576593213054668 0.01147203646104287 0.0052112830403218237 -0.00047397464146002599 -0.0076713766758822596 -0.014361166928071167 0.0019991770738151601
leaf_weight=5.0698355063796061 1.2687044516205777 3.8752297554165152 12.569826425984504 8.2892674356698972 19.177149458788335 4.7010837718844405 11.175267472863199 21.663024190813303 180.01019990071654 5.07453653216362 5.4002992231398821 7.8618139326572409
leaf_count=17 7 49 141 69 143 27 28 81 860 27 59 28
internal_value=-8.4643e-05 -0.0026831 -0.000672905 -0.00521308 0.00322413 0.000459639 0.00482716 -0.000162343 0.000145068 -0.00167524 -0.011845 0.00847849
internal_weight=286.136 50.5805 43.9115 20.8591 23.0524 235.556 29.1815 206.374 201.673 10.1444 6.669 19.0371
internal_count=1536 468 402 210 192 1068 100 968 941 44 66 56
is_linear=0
shrinkage=0.015


Tree=346
num_leaves=11
num_cat=0
split_feature=12 1 3 2 12 12 6 15 7 17
split_gain=1.88682 5.88134 4.61946 3.98337 3.77359 5.00936 3.35905 2.49301 1.95007 1.676
threshold=-0.0030516029973929877 0.34342881700005862 0.098632639115671938 0.55327608296150343 -0.0026113454093938389 -0.0015925923928160055 1.2828022818335232 4.2307142857142557 19.845000000000031 -1.5264362585148981
decision_type=2 2 2 2 2 2 2 2 2 2
left_child=1 2 -1 -4 8 7 -7 -6 -2 -3
right_child=4 9 3 -5 5 6 -8 -9 -10 -11
leaf_value=0.0079764551913060148 0 0 -0.00017414825753271041 -0.013885085591199135 0.0021417228804483119 0.0010743504646071901 -0.0070019317789945428 -0.010841628534226365 0.012751005631237253 -0.015252275077854436
leaf_weight=9.5410592555999738 4.4760493645444495 1.0576125588268039 25.765344336628917 4.2268517054617396 2.4702994525432578 203.64277460798621 10.134388631209729 11.536056109704075 6.2045608796179295 6.9449027106165868
leaf_count=28 26 7 131 48 9 983 97 93 16 98
internal_value=-8.48968e-05 -0.00277141 0 -0.00308812 0.000438043 0 0.000595375 -0.0081017 0.00840213 -0.0130512
internal_weight=286 47.5358 39.5333 29.9922 238.464 227.784 213.777 14.0064 10.6806 8.00252
internal_count=1536 312 207 179 1224 1182 1080 102 42 105
is_linear=0
shrinkage=0.015


Tree=347
num_leaves=15
num_cat=0
split_feature=18 7 10 10 18 13 12 12 10 12 8 3 7 2
split_gain=1.87142 6.44306 7.48735 6.76464 6.28908 7.71201 5.6855 5.51203 4.38397 3.73091 3.10383 2.69559 1.17195 0.804171
threshold=14.500000000000002 15.805000000000065 0.0012343456514048031 0.0079332523481230339 10.500000000000002 0.82020096647301377 0.002422547720925317 0.0016596659730490073 0.0033410451476767037 -0.0038572498672753137 0.9274696115092963 0.45712492967712465 15.024999999999865 0.40057581573895257
decision_type=2 2 2 2 2 2 2 2 2 2 2 2 2 2
left_child=4 11 9 -4 6 10 7 -1 -8 -3 -6 -2 -13 -7
right_child=1 2 3 -5 5 13 8 -9 -10 -11 -12 12 -14 -15
leaf_value=-0.0023158229265280257 0.010129449092089316 -0.0052648961446098838 -0.015659410459211053 -0.0022293284208956344 0.0078767125608365449 -0.013272473866337283 -0.003996475014288868 -0.016087423766208829 0.0051812661263728526 0.0039322462071583507 0 -0.0060032729611025496 0.0043895051099799012 0
leaf_weight=68.487309946678579 10.465038407593964 12.915629376657305 14.970706623978911 21.504382187500596 46.289934795349836 3.3600094877183428 14.089398507028816 5.757681503891944 37.282251667231321 26.655982910655439 16.822311799973249 3.4977333471179 1.8971759220585225 1.8188419714570043
leaf_count=389 31 99 142 139 168 29 74 45 154 139 70 37 10 10
internal_value=-8.57155e-05 -0.00184897 -0.00373491 -0.00846392 0.000722078 0.0043429 -0.00122481 -0.00387615 0.00246818 0.000641138 0.00594036 0.00617954 -0.00113561 -0.0103113
internal_weight=285.814 91.9066 76.0467 36.4751 193.908 68.2911 125.617 74.245 51.3717 39.5716 63.1122 15.8599 5.39491 5.17885
internal_count=1536 597 519 281 939 277 662 434 228 238 238 78 47 39
is_linear=0
shrinkage=0.015


Tree=348
num_leaves=8
num_cat=0
split_feature=5 5 10 5 10 3 1
split_gain=1.8717 2.72948 6.63333 4.10044 5.32712 4.88978 2.92087
threshold=0.3710928666518219 0.76960479134597792 0.0021656055332962974 0.96114386095066784 -0.0093223085917822617 0.088094949701211137 0.20894269870425838
decision_type=2 2 2 2 2 2 2
left_child=-1 2 -2 5 -5 -3 -4
right_child=1 3 6 4 -6 -7 -8
leaf_value=-0.0090178146731746938 0.010681787284437262 0.0021444613982948479 -0.0089740290496585582 -0.0087157070279005322 0.0010221164018133647 -0.0082129210720396362 0.0051736715476698751
leaf_weight=3.1980383954942218 14.523019123822452 13.284655302762983 6.8017374537885171 11.384747792035339 206.52922813780606 26.998681499622762 2.8892425000667572
leaf_count=21 46 49 43 94 1100 173 10
internal_value=-8.85723e-05 4.88755e-05 0.00468466 -0.000389715 0.000404629 -0.00468001 -0.00395106
internal_weight=285.609 282.411 24.214 258.197 217.914 40.2833 9.69098
internal_count=1536 1515 99 1416 1194 222 53
is_linear=0
shrinkage=0.015


Tree=349
num_leaves=10
num_cat=0
split_feature=15 16 16 7 5 17 5 2 16
split_gain=1.89528 3.52511 5.02701 4.96406 4.21231 3.48075 1.93035 1.4307 1.1298
threshold=21.701071428571471 0.0076307750376172741 0.0085322639888261876 41.390000000000107 1.194442623959677 1.0665525522714712 0.72395298280720011 0.33075335949102075 0.012434304916551047
decision_type=2 2 2 2 2 2 2 2 2
left_child=1 3 6 5 -4 -1 -3 -5 -2
right_child=8 2 4 7 -6 -7 -8 -9 -10
leaf_value=0.00054122556055972353 0 0.00051846148320822626 -0.0045678862599875135 0 0.003736715418044473 -0.0060743277473200219 -0.015908980055799743 0.011108741513401492 0.0087803008783469815
leaf_weight=182.83194007631391 3.3176802173256856 0.77820241451263328 35.390749687328935 3.0857786312699309 19.071610411629081 17.779465181753039 6.72313676122576 10.138379424810408 6.3845267780125141
leaf_count=948 16 2 211 21 106 109 68 32 23
internal_value=-8.8535e-05 -0.000362491 -0.00346906 0.000526763 -0.0014976 -6.22432e-05 -0.013665 0.00878902 0.00578914
internal_weight=285.501 275.799 61.9637 213.836 54.4624 200.611 7.50134 13.2242 9.70221
internal_count=1536 1497 387 1110 317 1057 70 53 39
is_linear=0
shrinkage=0.015


Tree=350
num_leaves=14
num_cat=0
split_feature=3 3 2 13 2 19 9 10 5 5 6 10 13
split_gain=1.8683 3.7296 3.68445 5.93609 3.59431 2.79891 9.3509 8.54975 7.52438 4.66099 3.77418 3.35782 1.2254
threshold=0.57781274281276596 0.64660951437963121 0.41612055370600992 0.78150076454937045 0.14671261715351233 2.5000000000000004 0.001332454305728293 0.00017285696253256923 0.85862771783909186 0.96114386095066784 0.94636784228840842 0.0015786244049955992 0.44970064586191272
decision_type=2 2 2 2 2 2 2 2 2 2 2 2 2
left_child=5 12 4 -4 -3 7 8 10 -7 -8 -1 -9 -2
right_child=1 2 3 -5 -6 6 9 11 -10 -11 -12 -13 -14
leaf_value=0.010098205253028307 0 -0.0070380586133686803 -0.010364760262858716 0.0049057511260587995 0.0060141116290409009 0.0040693564442892786 -0.0041871596172859014 -0.0089789313002276317 -0.01133927456040653 0.0049188920691261599 0.0022796706962790276 -7.445336364931872e-05 -0.014094521575308322
leaf_weight=26.117837769910693 1.2264766506850708 3.8549194298684624 14.115014656446876 6.6353248972445718 19.162232749164104 7.5611206069588652 15.68828436732292 9.2632996216416341 26.076095936819911 39.138353867456317 37.063014212995768 74.141857385635376 5.3871037401258945
leaf_count=81 6 49 166 44 143 28 78 55 172 163 154 337 60
internal_value=-8.66075e-05 -0.00267118 -0.000679538 -0.00515006 0.00314044 0.000453599 -0.00158808 0.00174101 -0.00763121 0.00212561 0.00583746 -0.00133834 -0.0117627
internal_weight=285.431 50.3811 43.7675 20.7503 23.0172 235.05 88.4639 146.586 33.6372 54.8266 63.1809 83.4052 6.61358
internal_count=1536 468 402 210 192 1068 441 627 200 241 235 392 66
is_linear=0
shrinkage=0.015


Tree=351
num_leaves=10
num_cat=0
split_feature=15 18 3 12 18 13 19 2 4
split_gain=1.83198 2.88632 5.66233 6.03039 3.88484 5.81482 5.44092 2.74384 0.965287
threshold=21.701071428571471 16.500000000000004 0.41423565063073886 0.0020956076473820366 10.500000000000002 0.82020096647301377 2.5000000000000004 0.74067112225005383 0.82049211774060182
decision_type=2 2 2 2 2 2 2 2 2
left_child=1 4 3 -3 6 -6 -1 -4 -2
right_child=8 2 7 -5 5 -7 -8 -9 -10
leaf_value=0.00092062048879577385 0.0091482526399767495 0.0038980699798552157 -0.014145844449342471 -0.0072355395659295853 0.003662727877203105 -0.0087501102460268692 -0.0055189295689312447 0.0021308531373509013 0
leaf_weight=78.15825086645782 5.1230506151914579 25.053782947361469 10.602765103802083 16.222538137808442 93.322527213022113 7.1240166816860429 43.710163792595267 1.3470506332814682 4.5512019135057926
leaf_count=383 14 106 151 99 425 61 263 9 25
internal_value=-8.77265e-05 -0.000357455 -0.00344107 -0.000436552 0.00037148 0.00255552 -0.0013803 -0.011731 0.00569734
internal_weight=285.215 275.541 53.2261 41.2763 222.315 100.447 121.868 11.9498 9.67425
internal_count=1536 1497 365 205 1132 486 646 160 39
is_linear=0
shrinkage=0.015


Tree=352
num_leaves=14
num_cat=0
split_feature=1 13 13 17 17 18 14 6 6 8 0 18 5
split_gain=1.85678 4.78069 3.85179 3.93158 7.49425 4.66973 3.51793 3.92251 3.41321 3.34694 3.17291 1.38978 0.0861041
threshold=0.097901855157798437 0.42016086844987233 0.39212427453826204 0.80569254215971964 1.0665525522714712 10.500000000000002 1.0000000180025095e-35 1.1186299847159697 1.0007813258987441 0.48206180323214681 0.52260155797035646 8.5000000000000018 0.8524511139273746
decision_type=2 2 2 2 2 2 2 2 2 2 2 2 2
left_child=1 8 9 5 -5 -4 10 -8 12 11 -3 -2 -1
right_child=2 6 3 4 -6 -7 7 -9 -10 -11 -12 -13 -14
leaf_value=-0.0010557974790050249 0.014315445405784307 0.0069261797194024683 -0.0066597523053465186 0.005626903705272697 -0.0062144522838094452 -0.00054732366720985773 0.0020307884922634318 -0.0079513032220322171 0.00089659650323201134 -0.0035569247098138938 -0.004462878907126446 0.0012936614067535095 -0.015737971010067391
leaf_weight=1.6067883335053901 5.5296617485582811 40.797368410043418 48.880238805897534 34.45630338601768 15.629936665296553 70.503807725850493 36.884077366441488 9.4294354114681465 4.7424235977232456 3.875966563820838 4.0968066304922095 4.8927920423448086 3.7150013074278831
leaf_count=9 13 139 330 148 103 448 162 60 21 21 28 23 31
internal_value=-8.72909e-05 0.00149696 -0.00100744 -0.00169392 0.00169096 -0.00318026 0.00268003 -9.13527e-05 -0.00726988 0.0058783 0.00558093 0.00999862 -0.0138287
internal_weight=285.041 101.272 183.769 169.47 50.0862 119.384 91.2077 46.3135 10.0642 14.2984 44.8942 10.4225 5.32179
internal_count=1536 450 1086 1029 251 778 389 222 61 57 167 36 40
is_linear=0
shrinkage=0.015


Tree=353
num_leaves=8
num_cat=0
split_feature=5 5 14 5 4 0 7
split_gain=1.82948 2.6616 3.70617 2.98352 4.30225 2.78691 2.02769
threshold=0.3710928666518219 0.70985945788541116 1.0000000180025095e-35 0.96114386095066784 0.59908831114347116 0.17403082514470272 20.184999999999949
decision_type=2 2 2 2 2 2 2
left_child=-1 2 -2 4 -3 -5 -4
right_child=1 3 6 5 -6 -7 -8
leaf_value=-0.0089212760083329616 0.010876090887848456 0.0023154901739426319 0.0047565635028842361 0.0043798132770041598 -0.0068090897798537145 -0.00028632589800196238 -0.0072654340622695353
leaf_weight=3.1917132996022692 9.7357018142938614 15.092353094369171 3.6325958743691444 31.648744475096464 31.247440204955637 185.72548018535599 4.5614263638854027
leaf_count=21 27 62 12 138 190 1056 30
internal_value=-8.79983e-05 4.78617e-05 0.00535676 -0.000322464 -0.00370932 0.000392592 -0.00131252
internal_weight=284.835 281.644 17.9297 263.714 46.3398 217.374 8.19402
internal_count=1536 1515 69 1446 252 1194 42
is_linear=0
shrinkage=0.015


Tree=354
num_leaves=13
num_cat=0
split_feature=3 3 8 6 17 1 5 1 5 13 17 4
split_gain=1.82799 3.644 3.66314 4.69133 3.53799 2.90959 3.47898 3.14834 2.83922 2.74972 1.9957 1.82148
threshold=0.57781274281276596 0.64660951437963121 0.68908059877157657 0.9732566564770847 0.63040576423812056 0.027324816580783624 0.93431918747946574 0.036111130377045282 0.76960479134597792 0.42603963641854126 0.6132369620177629 0.76037481179596267
decision_type=2 2 2 2 2 2 2 2 2 2 2 2
left_child=5 11 3 -3 -4 6 10 -7 -9 -8 -1 -2
right_child=1 2 4 -5 -6 7 9 8 -10 -11 -12 -13
leaf_value=0.0036259976231006927 0.00053919401308023752 -0.013671869919900412 0.0091592802513282816 0 -0.0030903088412126832 -0.010292707467699932 -0.0030632702972063167 0.0050723298990031866 -0.00046088904709113814 0.010431428265825942 -0.0073996695893305672 -0.014441294405262524
leaf_weight=5.0261732041835803 1.0134419575333584 6.3352338066324618 10.590144861489536 20.084327563177794 6.6303000934422007 4.7010194435715666 2.2389718443155315 21.482086010277271 179.39416043460369 16.629774078726768 5.0834558606147766 5.5472568832337856
leaf_count=17 5 89 50 203 60 27 11 81 860 45 27 61
internal_value=-8.63928e-05 -0.00264786 -0.000676002 -0.00420482 0.00422188 0.000447871 0.00474239 -0.000161219 0.000138046 0.00833064 -0.0016052 -0.0116658
internal_weight=284.756 50.2007 43.64 26.4196 17.2204 234.556 28.9784 205.577 200.876 18.8687 10.1096 6.5607
internal_count=1536 468 402 292 110 1068 100 968 941 56 44 66
is_linear=0
shrinkage=0.015


Tree=355
num_leaves=15
num_cat=0
split_feature=18 7 15 2 18 13 15 12 12 6 8 15 2 12
split_gain=1.82685 6.18482 8.12226 6.61419 5.96676 7.36924 5.6287 5.48758 5.41412 4.71732 3.03875 2.61377 0.792013 0.263832
threshold=14.500000000000002 15.805000000000065 7.5050000000000123 0.11064369131226774 10.500000000000002 0.82020096647301377 8.3178571428571644 0.002422547720925317 0.0016596659730490073 0.75431992977251994 0.9274696115092963 4.7549999999999963 0.40057581573895257 9.4526225347113537e-05
decision_type=2 2 2 2 2 2 2 2 2 2 2 2 2 2
left_child=4 11 3 -3 7 10 -4 8 -1 -9 -6 -2 -7 -13
right_child=1 2 6 -5 5 12 -8 9 -10 -11 -12 13 -14 -15
leaf_value=-0.0022519224697974908 -0.0024541417237678516 0.0021586148331114124 0.0081575340657083755 -0.014968275130217755 0.0077290551383442201 -0.013054870592300948 -0.0029518515501893872 0.0096268612855998307 -0.015931388860347909 -0.00014037622492363229 0 0.0011370723934655501 0 0.010831912558596467
leaf_weight=68.195004262961447 3.8570139668881884 5.2847510389983681 11.353320525959132 17.3490348928608 46.107643682509661 3.3263012319803229 41.692752454429865 12.870175778865812 5.7177908457815638 38.347207747399807 16.764626950025558 3.2035503564402452 1.8218943253159521 8.7007881850004178
leaf_count=389 25 35 54 167 168 29 263 44 45 184 70 21 10 32
internal_value=-8.83058e-05 -0.00183525 -0.00368746 -0.0108143 0.000710633 0.00424476 -0.000227888 -0.00118807 -0.00380079 0.00244261 0.00581042 0.00604981 -0.0101026 0.00930118
internal_weight=284.592 91.4412 75.6799 22.6338 193.151 68.0205 53.0461 125.13 73.9128 51.2174 62.8723 15.7614 5.1482 11.9043
internal_count=1536 597 519 202 939 277 317 662 434 228 238 78 39 53
is_linear=0
shrinkage=0.015


Tree=356
num_leaves=10
num_cat=0
split_feature=3 9 12 10 7 6 6 16 10
split_gain=1.8304 3.77349 4.91964 5.17494 3.30892 2.99026 6.12941 3.6996 1.3065
threshold=0.23107850077521494 0.0095798235115976214 0.0074052964359969673 0.0083266135561805808 67.420000000000087 1.0403459171641947 1.1133310156548843 0.010040949100862605 0.01430436804926446
decision_type=2 2 2 2 2 2 2 2 2
left_child=4 2 3 -2 5 7 -7 -1 -4
right_child=1 -3 8 -5 -6 6 -8 -9 -10
leaf_value=-7.3494402849092411e-06 -0.00031517168765153521 -0.012812982251389472 0.0015634056354671586 -0.0087144847308126619 0.0089555398636564573 0.0095136516040585373 -0.00076635149814647965 -0.0097893786393182785 0.013146095202201932
leaf_weight=61.436146959662437 122.01179981557652 4.1361379772424689 6.955326618626712 17.547444490715861 9.3801033161580545 18.786047395318747 31.249410213902593 8.4514350742101652 4.457386240363121
leaf_count=261 761 46 41 138 27 56 148 48 10
internal_value=-8.81835e-05 -0.00120403 -0.000673592 -0.00153244 0.00119118 0.000385417 0.0031665 -0.00153405 0.00793204
internal_weight=284.411 155.108 150.972 139.559 129.303 119.923 50.0355 69.8876 11.4127
internal_count=1536 996 950 899 540 513 204 309 51
is_linear=0
shrinkage=0.015


Tree=357
num_leaves=11
num_cat=0
split_feature=1 10 9 15 2 5 5 2 14 1
split_gain=1.81779 3.36339 3.70309 3.57985 2.92859 2.91528 3.57459 3.26568 1.97497 1.26596
threshold=0.39448946073540825 0.0051755433962583737 0.0029299728175771673 15.39392857142858 0.41612055370600992 0.57566437663098491 0.70985945788541116 0.026861007208195516 1.0000000180025095e-35 0.043521712614618069
decision_type=2 2 2 2 2 2 2 2 2 2
left_child=5 2 4 -3 -2 8 9 -8 -1 -7
right_child=1 3 -4 -5 -6 6 7 -9 -10 -11
leaf_value=0 -0.0080789551941514957 -0.014665948133186313 0.0078801331184426594 0.0024522330958689676 0.001797883428375653 0 -0.0086447272806258902 0.00061746255797702368 -0.013725845906488572 0.010489288895974598
leaf_weight=4.2369820922613135 11.717973263002937 6.9000417748466116 6.9779544658958903 2.2679018396884203 10.241130981594322 2.6527622342109671 6.8633693382143965 220.13257454149425 3.3641053810715675 8.903711684048174
leaf_count=19 148 98 31 12 59 13 49 1056 27 24
internal_value=-8.72049e-05 -0.00307026 -9.92754e-05 -0.010079 -0.00339407 0.000365378 0.000714611 0.000231607 -0.00767951 0.00821485
internal_weight=284.259 38.105 28.9371 9.16794 21.9591 246.154 238.552 226.996 7.60109 11.5565
internal_count=1536 348 238 110 207 1188 1142 1105 46 37
is_linear=0
shrinkage=0.015


Tree=358
num_leaves=12
num_cat=0
split_feature=12 1 3 13 12 12 4 4 17 8 4
split_gain=1.80761 5.63622 4.43556 4.33765 3.71228 4.77001 5.0062 3.35153 1.64188 1.1712 0.731965
threshold=-0.0030516029973929877 0.34342881700005862 0.098632639115671938 0.78794506909469175 -0.0026113454093938389 -0.0015925923928160055 0.75556629966366728 0.41896899073588351 -1.5264362585148981 0.092090751787547789 1.2369752279446471
decision_type=2 2 2 2 2 2 2 2 2 2 2
left_child=1 2 -1 -4 9 6 -6 -7 -3 -2 -11
right_child=4 8 3 -5 5 7 -8 -9 -10 10 -12
leaf_value=0.0078376354976008675 0.012188339338997652 0 -0.005911722913734407 0.0068652286906907183 0.0047513621653676435 -0.0098268960417567785 -0.012633345718300647 0.0009307507060757346 -0.015081431759194084 -0.002992718713586117 0.0052493161968356827
leaf_weight=9.4469028636813146 5.6679166629910451 1.0525999544188378 24.301410237327222 5.4602795913815489 3.3144619092345229 4.6504642888903609 10.592380467336623 207.8388069216162 6.8083381624892345 2.2676548510789871 2.6877264054492116
leaf_count=28 12 7 158 21 10 29 92 1051 98 14 16
internal_value=-8.7647e-05 -0.00273063 0 -0.00304676 0.0004243 0 -0.00794205 0.000570911 -0.0128727 0.00834129 0.000623326
internal_weight=284.089 47.0695 39.2086 29.7617 237.019 226.396 13.9068 212.489 7.86094 10.6233 4.95538
internal_count=1536 312 207 179 1224 1182 102 1080 105 42 30
is_linear=0
shrinkage=0.015


Tree=359
num_leaves=9
num_cat=0
split_feature=3 7 14 0 3 4 4 15
split_gain=1.7895 2.67301 3.13488 2.52449 2.66598 3.2091 2.07618 0.797726
threshold=0.81278797092021382 10.35500000000002 1.0000000180025095e-35 0.073798295053338167 0.77189352062400707 1.0472900214547567 1.7398313368295364 6.0714285714285561
decision_type=2 2 2 2 2 2 2 2
left_child=3 -2 -3 -1 5 -5 -4 -6
right_child=1 2 6 4 7 -7 -8 -9
leaf_value=0.0078873823528231631 0.0051150819043067342 -0.01305187016014975 0.0029897995760317692 0.0009605550890010706 0.012119882156633276 -0.0025195840830863781 -0.0087453085588645348 0.00053890243776522073
leaf_weight=7.3790835216641417 3.4180495329201248 7.113345282152296 8.2763572661206108 154.21249123103917 3.107022237032651 93.350988733582199 2.9306275462731728 4.1246980521827936
leaf_count=24 14 125 76 658 7 549 55 28
internal_value=-8.62104e-05 -0.00404948 -0.00646357 0.000242186 -9.72373e-06 -0.000331355 -0.000370683 0.00787471
internal_weight=283.913 21.7384 18.3203 262.174 254.795 247.563 11.207 7.23172
internal_count=1536 270 256 1266 1242 1207 131 35
is_linear=0
shrinkage=0.015


Tree=360
num_leaves=12
num_cat=0
split_feature=10 10 10 2 2 0 6 7 5 9 0
split_gain=1.80995 4.00761 2.9681 3.65561 5.04392 2.8372 2.55673 2.51387 2.01118 0.69685 0.0770743
threshold=0.016127776390869403 0.01842065615940329 0.013527761353348601 0.036989908499794909 0.20283274504347931 0.38653255890828958 0.89748462250409911 34.839999999999925 1.1564758710937122 0.01511997065449463 0.14220980311730744
decision_type=2 2 2 2 2 2 2 2 2 2 2
left_child=2 10 3 7 -5 -4 -3 -1 -7 -8 -2
right_child=1 6 5 4 -6 8 9 -9 -10 -11 -12
leaf_value=-0.01113240482612818 0 0.0087640808739830392 0.010423918189723687 0.0035696961466715293 -0.0011357327952778494 -0.0095738382744015235 -0.0078249677846718695 0.0026711784952356626 0.0048028128659887408 0 -0.014516707443666307
leaf_weight=8.9555648528039438 0.85282544046640296 3.5944804996252042 9.819638913497327 69.970029965974391 174.41295061632991 2.1254784595221272 3.0275425855070353 2.0938474945724002 2.1911186724901199 2.4991662800312042 4.2343265544623137
leaf_count=78 5 10 30 338 952 20 27 12 10 11 43
internal_value=-8.28465e-05 -0.00496916 0.000181782 -0.000182468 0.000199093 0.00643517 0.00070252 -0.00793341 -0.00187878 -0.00447973 -0.0135251
internal_weight=283.777 14.2083 269.569 255.432 244.383 14.1362 9.12119 11.0494 4.3166 5.52671 5.08715
internal_count=1536 96 1440 1380 1290 60 48 90 30 38 48
is_linear=0
shrinkage=0.015


Tree=361
num_leaves=11
num_cat=0
split_feature=10 10 18 10 2 2 0 7 5 3
split_gain=1.77752 3.94683 2.91525 2.89484 3.56196 4.89852 2.77794 2.46915 1.98406 0.379735
threshold=0.016127776390869403 0.01842065615940329 12.500000000000002 0.013527761353348601 0.036989908499794909 0.20283274504347931 0.38653255890828958 34.839999999999925 1.1564758710937122 0.066821665428405105
decision_type=2 2 2 2 2 2 2 2 2 2
left_child=3 9 -3 4 7 -6 -5 -1 -8 -2
right_child=1 2 -4 6 5 -7 8 -9 -10 -11
leaf_value=-0.011016348386954124 0 0.0072851561016056632 -0.0068568771074253958 0.010314226894353275 0.0035186296199787165 -0.0011187844830892902 -0.0095183402800935301 0.0026505153233469165 0.004763938582124305 -0.014800483798965718
leaf_weight=8.9353851806372386 0.84921146184205909 5.4297030456364137 3.67759476788342 9.7966527640819532 69.949914054013789 174.42945100273937 2.1175245530903331 2.0941080749034873 2.192175954580307 4.2146052401512861
leaf_count=78 5 19 29 30 338 952 20 12 10 43
internal_value=-8.2694e-05 -0.00493097 0.000692876 0.00017905 -0.000180017 0.000195952 0.00636101 -0.00783734 -0.00185757 -0.0134396
internal_weight=283.686 14.1711 9.1073 269.515 255.409 244.379 14.1064 11.0295 4.3097 5.06382
internal_count=1536 96 48 1440 1380 1290 60 90 30 48
is_linear=0
shrinkage=0.015


Tree=362
num_leaves=10
num_cat=0
split_feature=6 6 2 12 10 18 17 13 11
split_gain=1.76904 3.37549 3.56987 2.29062 3.75418 3.6623 3.32414 2.99392 1.78033
threshold=1.3394282250703242 1.6230583376549164 0.59006897377402767 0.005432698228170608 0.013728847988281353 10.500000000000002 1.2345655010788277 0.5215459904386347 -1.0000000180025095e-35
decision_type=2 2 2 2 2 2 2 2 2
left_child=3 2 -2 4 5 -1 7 -5 -6
right_child=1 -3 -4 6 8 -7 -8 -9 -10
leaf_value=-0.0020938128653961536 -0.014747587733198253 0.0054395555342563384 0.0014883046647096547 -0.0042382959963103055 0 0.0017641712155621451 -0.0075592696860098318 0.0061930540399074601 -0.012795090565923869
leaf_weight=100.84441846422851 6.3028406840749067 2.6920951250940552 3.0737993065267801 5.044543854892253 2.2997952550649643 117.89284097589552 3.4901063665747634 36.089313805103302 5.8668304849416
leaf_count=549 85 12 17 25 11 597 28 161 51
internal_value=-8.27993e-05 -0.00528637 -0.00944 0.000158029 -0.000431647 0 0.00320717 0.0046027 -0.00934236
internal_weight=283.597 12.0687 9.37664 271.528 226.904 218.737 44.624 41.1339 8.16663
internal_count=1536 114 102 1422 1208 1146 214 186 62
is_linear=0
shrinkage=0.015


Tree=363
num_leaves=11
num_cat=0
split_feature=10 10 10 6 7 6 0 6 9 3
split_gain=1.76402 3.84581 2.84156 3.44123 5.83169 5.60481 2.69194 2.47259 0.672924 0.364766
threshold=0.016127776390869403 0.01842065615940329 0.013527761353348601 1.2074946218649383 15.805000000000065 1.0923962372277354 0.38653255890828958 0.89748462250409911 0.01511997065449463 0.066821665428405105
decision_type=2 2 2 2 2 2 2 2 2 2
left_child=2 9 3 5 -5 -1 -4 -3 -9 -2
right_child=1 7 6 4 -6 -7 -8 8 -10 -11
leaf_value=-0.00072490640824548862 0 0.0085988260871739212 0.01020307479381246 0.0056761564136485311 -0.0078702106756128667 0.0050090531475995657 -0.0017871425178993675 -0.0077323450059099252 0 -0.014676905695016852
leaf_weight=175.24853903055191 0.84709886834025283 3.5728451907634717 9.7687460333108884 7.3249708823859683 26.133399767335504 46.60560910589993 4.2885628733783951 3.019437413662672 2.4914181008934975 4.1902460362762213
leaf_count=907 5 10 30 38 217 218 30 27 11 43
internal_value=-8.40986e-05 -0.00492164 0.000176263 -0.000178795 -0.00454014 0.000480132 0.00631107 0.000631594 -0.0044495 -0.0133349
internal_weight=283.491 14.121 269.37 255.313 33.4584 221.854 14.0573 9.0837 5.51086 5.03734
internal_count=1536 96 1440 1380 255 1125 60 48 38 48
is_linear=0
shrinkage=0.015


Tree=364
num_leaves=14
num_cat=0
split_feature=3 3 2 13 2 1 5 19 9 10 13 4 16
split_gain=1.76569 3.53687 3.57767 5.70282 3.49166 2.85159 3.36908 3.07508 8.92951 6.58387 2.70541 1.1151 0.997457
threshold=0.57781274281276596 0.64660951437963121 0.41612055370600992 0.78150076454937045 0.14671261715351233 0.027324816580783624 0.93431918747946574 2.5000000000000004 0.001332454305728293 0.00017285696253256923 0.42603963641854126 0.79179404197253234 0.01058723745583391
decision_type=2 2 2 2 2 2 2 2 2 2 2 2 2
left_child=5 11 4 -4 -3 6 12 9 -9 -7 -8 -2 -1
right_child=1 2 3 -5 -6 7 10 8 -10 -11 -12 -13 -14
leaf_value=-0.004773752052404226 0 -0.006963511227168092 -0.010247444251545973 0.0047647262439334866 0.005958008400189679 0.005088401226482164 -0.0030416176124911402 -0.0086012854605292868 0.0015705228642056578 -0.0016152799162654919 0.010345369447189775 -0.013929882309112417 0.0031261098613356076
leaf_weight=6.8764514774084109 1.3671914562582959 3.7943739313632276 13.920751859433951 6.5992509834468356 18.999470183625817 54.757858252152801 2.2338883280754116 30.475646898150444 44.806889830157161 74.723019720986485 16.510021708905697 5.1131257731467485 3.2014361098408699
leaf_count=33 8 49 166 44 143 211 11 190 207 360 45 58 11
internal_value=-8.30938e-05 -0.00261171 -0.000660021 -0.00509209 0.00311633 0.0004417 0.00470451 -0.000161747 -0.00256618 0.00119696 0.00824893 -0.01154 -0.00154114
internal_weight=283.379 49.7942 43.3138 20.52 22.7938 233.585 28.8218 204.763 75.2825 129.481 18.7439 6.48032 10.0779
internal_count=1536 468 402 210 192 1068 100 968 397 571 56 66 44
is_linear=0
shrinkage=0.015


Tree=365
num_leaves=15
num_cat=0
split_feature=18 18 13 10 15 12 12 12 5 17 3 10 8 8
split_gain=1.78643 5.67204 7.12161 5.66258 7.01657 5.13804 5.33466 4.38617 6.50297 5.87265 4.2928 4.16289 2.99868 0.463492
threshold=14.500000000000002 10.500000000000002 0.82020096647301377 0.0030122164576140394 17.761785714285697 0.002422547720925317 0.0016596659730490073 -0.0038572498672753137 1.5576693313815235 -1.268303733929429 0.037938295885730493 0.0033410451476767037 0.9274696115092963 0.97157123073216889
decision_type=2 2 2 2 2 2 2 2 2 2 2 2 2 2
left_child=1 5 12 7 10 6 -1 9 -9 -2 -5 -7 -3 -4
right_child=3 2 13 4 -6 11 -8 8 -10 -11 -12 -13 -14 -15
leaf_value=-0.0021422938189887227 0.0042125257110242741 0.0076114183125662082 -0.01253145480766159 0.0028562513385059097 0.0069200522437469084 -0.0039317577392250311 -0.015729987343223104 0.0054619049397474943 -0.01237229698251879 -0.013190629189969905 -0.011480709802827395 0.0050326296002481761 0 0
leaf_weight=67.930911312811077 5.7008266495540738 45.924999071285129 3.1693426668643943 3.8681064695119884 5.3047033138573161 14.015847831964491 5.694296406581997 39.418048896361142 3.0639104861766091 7.6981633417308313 25.801397325471044 36.974084397777915 16.679919734597206 1.9403628371655939
leaf_count=389 26 168 29 14 19 74 45 187 40 82 229 154 70 10
internal_value=-8.37742e-05 0.000707018 0.00416077 -0.00181773 -0.00640636 -0.00114656 -0.00368057 0.00104671 0.0035086 -0.00571368 -0.0093124 0.00237161 0.00570374 -0.00997552
internal_weight=283.185 192.33 67.7146 90.8552 34.9742 124.615 73.6252 55.8809 42.482 13.399 29.6695 50.9899 62.6049 5.10971
internal_count=1536 939 277 597 262 662 434 335 227 108 243 228 238 39
is_linear=0
shrinkage=0.015


Tree=366
num_leaves=11
num_cat=0
split_feature=3 9 12 10 19 7 15 5 7 15
split_gain=1.76748 3.67673 5.61914 5.15381 3.15038 3.1247 2.77698 3.20926 3.04127 1.92499
threshold=0.23107850077521494 0.0069409389502197638 0.0074052964359969673 0.0083266135561805808 1.5000000000000002 67.420000000000087 5.7407142857142954 1.2354586228337119 18.144999999999758 12.22892857142852
decision_type=2 2 2 2 2 2 2 2 2 2
left_child=5 2 3 -2 9 6 8 -8 -1 -3
right_child=1 4 -4 -5 -6 -7 7 -9 -10 -11
leaf_value=0.0060986136607567775 -0.00014717680865165936 0.004287741050641729 0.010278851073511406 -0.0095426952409324254 -0.01509863233292056 0.0087558872642439049 0.00015967017290270628 -0.0074843690898903645 -0.0034022522700945979 -0.0087466739776153064
leaf_weight=28.190808821469545 120.62107526184991 4.7239612825214845 8.1886465083807689 13.011915383860467 5.606739828363061 9.2756516225635988 71.16945481672883 12.527889907360075 7.574586644768714 2.0455921143293381
leaf_count=98 753 23 31 107 60 27 303 75 37 22
internal_value=-8.68742e-05 -0.00118747 -0.000393359 -0.00124454 -0.00844489 0.00117201 0.000386932 -0.00104495 0.00381426 0
internal_weight=282.936 154.198 141.822 133.633 12.3763 128.738 119.463 83.6973 35.7654 6.76955
internal_count=1536 996 891 860 105 540 513 378 135 45
is_linear=0
shrinkage=0.015


Tree=367
num_leaves=11
num_cat=0
split_feature=10 10 10 6 3 18 18 5 1 3
split_gain=1.73792 3.73482 2.78048 3.27186 5.39758 5.3884 2.74551 2.36027 1.77792 0.352465
threshold=0.016127776390869403 0.01842065615940329 0.013527761353348601 1.2074946218649383 0.39277357479784131 10.500000000000002 12.500000000000002 1.1564758710937122 0.10841535540493706 0.066821665428405105
decision_type=2 2 2 2 2 2 2 2 2 2
left_child=2 9 3 5 -5 -1 -3 8 -4 -2
right_child=1 6 7 4 -6 -7 -8 -9 -10 -11
leaf_value=-0.0018506036786465859 0 0.0070461518716808018 0.0062140715750079682 -0.00025997664537189479 -0.01340368332455702 0.0027750168241791081 -0.0067257617710691324 0.011455443279583042 -0.0057627086210138342 -0.014541318577895781
leaf_weight=109.32535543292761 0.84420835599303146 5.3685081228613836 3.302275173366068 24.698375625535846 8.6287168329581601 112.11177396029234 3.6511902585625648 6.8108994830399752 3.8805255033075809 4.1537675019353628
leaf_count=589 5 19 10 130 125 536 29 22 28 43
internal_value=-8.7185e-05 -0.00490458 0.00017075 -0.000180173 -0.00444149 0.00046162 0.000581783 0.00625207 0 -0.013214
internal_weight=282.776 14.0177 268.758 254.764 33.3271 221.437 9.0197 13.9937 7.1828 4.99798
internal_count=1536 96 1440 1380 255 1125 48 60 38 48
is_linear=0
shrinkage=0.015


Tree=368
num_leaves=10
num_cat=0
split_feature=0 4 2 2 10 2 5 19 2
split_gain=1.74704 3.06175 3.05862 7.28029 4.1327 3.98321 3.38638 2.75766 1.8599
threshold=0.72985739750445744 0.75556629966366728 0.20283274504347931 0.22013358952537834 0.0052591227602783444 0.036989908499794909 1.3364465275848552 1.5000000000000002 0.18657111513879229
decision_type=2 2 2 2 2 2 2 2 2
left_child=2 -2 4 -4 5 -1 -6 -5 -3
right_child=1 8 3 7 6 -7 -8 -9 -10
leaf_value=-0.0041533495910898981 0.0023879454040206388 -0.013400544797106837 -0.016660955556032152 0.001866538815113549 0.00050852080182811122 0.0068777415725495075 -0.011775750343939486 -0.0017765569593418183 0.00059130481340871307
leaf_weight=6.5075206123292437 4.9807747006416303 6.1029829531908035 4.3389545008540145 76.477082910947502 23.462102446705106 43.482115698978305 4.0879814065992823 111.84189137909561 1.3598023308441041
leaf_count=40 24 95 38 378 110 170 36 632 13
internal_value=-8.80763e-05 -0.00518764 0.000155614 -0.00082904 0.00265574 0.00519295 -0.00173409 -0.000253606 -0.0104724
internal_weight=282.641 12.4436 270.198 192.658 77.5397 49.9896 27.5501 188.319 7.46279
internal_count=1536 132 1404 1048 356 210 146 1010 108
is_linear=0
shrinkage=0.015


Tree=369
num_leaves=12
num_cat=0
split_feature=12 1 9 10 12 12 4 4 0 0 18
split_gain=1.7438 5.4656 4.43639 4.99608 3.62492 4.5612 4.84352 3.26697 3.07229 1.49844 1.23115
threshold=-0.0030516029973929877 0.34342881700005862 -0.0038691611086270165 -0.0084683699274552306 -0.0026113454093938389 -0.0015925923928160055 0.75556629966366728 0.41896899073588351 0.36058693472506514 0.36187794904056192 9.5000000000000018
decision_type=2 2 2 2 2 2 2 2 2 2 2
left_child=1 2 3 -1 10 6 -6 -7 -4 -3 -2
right_child=4 9 8 -5 5 7 -8 -9 -10 -11 -12
leaf_value=-0.0029060195222406454 0 0 -0.013196667520528105 0.0094668972891824455 0.0046819005133676159 -0.0097366292087064411 -0.012433059218105587 0.00090883602698526808 0 -0.014883329397465369 0.011570339649289564
leaf_weight=11.607441835105417 4.1024255827069265 1.0803499147295941 5.720586333423852 13.109015170484783 3.3004268929362288 4.6204519644379607 10.516821512952445 206.77994026709348 8.5398917403072101 6.6722346572205424 6.4645710457116365
leaf_count=65 21 7 52 44 10 29 92 1051 46 98 21
internal_value=-9.0164e-05 -0.0026957 0 0.00359299 0.000413009 0 -0.00779569 0.000551948 -0.0063385 -0.0127438 0.00825398
internal_weight=282.514 46.7295 38.9769 24.7165 235.785 225.218 13.8172 211.4 14.2605 7.75258 10.567
internal_count=1536 312 207 109 1224 1182 102 1080 98 105 42
is_linear=0
shrinkage=0.015


Tree=370
num_leaves=15
num_cat=0
split_feature=0 17 17 9 8 16 7 0 15 0 8 0 15 15
split_gain=1.72528 5.13238 6.60407 6.42097 6.34417 4.1466 5.05396 4.20462 3.31359 3.28154 2.0422 1.95588 1.09904 0.584554
threshold=0.393794782917188 0.93887916895468615 0.85451350443818119 0.0033711032546792081 0.91687990446946188 0.0032369708302672942 15.689999999999829 0.37113850096551559 4.5814285714285958 0.64342085696683726 0.58778268352312801 0.15986753856474009 7.42607142857144 8.1546428571428891
decision_type=2 2 2 2 2 2 2 2 2 2 2 2 2 2
left_child=5 2 4 -3 -2 6 10 8 -7 -5 -1 -8 -9 -4
right_child=1 3 13 9 -6 7 11 12 -10 -11 -12 -13 -14 -15
leaf_value=-0.0055946106376914811 0 0.0051032773117349597 0.0018879280725181691 -0.018530787544466694 -0.010992928112805169 0.0079002827794201532 0 0.0011739392596348652 0 0 0.0044279786210613663 -0.017772708865970096 0.01200953176506887 0.013215769959299203
leaf_weight=5.6447344459593323 92.382270121015608 3.5861877258867016 4.0875350963324291 8.0162443742156011 11.579560309648512 11.544955655932425 1.776346094906329 5.2354383245110503 106.01688465476036 3.4118996467441312 9.2316115498542768 4.701858096756041 9.2119329981505853 5.9316626153886318
leaf_count=30 597 13 19 77 80 38 8 25 508 28 32 44 23 14
internal_value=-9.11841e-05 -0.00138221 -0.000164858 -0.00907718 -0.00141972 0.000950244 -0.00480717 0.00199541 0.000913825 -0.0141829 0 -0.0140635 0.00915916 0.0103015
internal_weight=282.359 128.995 113.981 15.0143 103.962 153.364 21.3546 132.009 117.562 11.4281 14.8763 6.4782 14.4474 10.0192
internal_count=1536 828 710 118 677 708 114 594 546 105 62 52 48 33
is_linear=0
shrinkage=0.015


Tree=371
num_leaves=8
num_cat=0
split_feature=5 5 10 5 10 4 1
split_gain=1.71706 2.52304 6.33229 3.78942 5.07605 4.53777 2.70962
threshold=0.3710928666518219 0.76960479134597792 0.0021656055332962974 0.96114386095066784 -0.0093223085917822617 0.59908831114347116 0.20894269870425838
decision_type=2 2 2 2 2 2 2
left_child=-1 2 -2 5 -5 -3 -4
right_child=1 3 6 4 -6 -7 -8
leaf_value=-0.0086733568822850247 0.010462929183768429 0.0020401870649711961 -0.0087867623655349305 -0.008568478005839264 0.00099473681968311606 -0.0079589601161333852 0.0048694634380057489
leaf_weight=3.1590548940002909 14.241247497498991 13.225801184773443 6.7081417590379697 11.222744912840424 204.13163329102099 26.647693742066622 2.85851164534688
leaf_count=21 46 55 43 94 1100 167 10
internal_value=-8.92619e-05 4.2267e-05 0.00453632 -0.000379797 0.000387606 -0.00452416 -0.00392145
internal_weight=282.195 279.036 23.8079 255.228 215.354 39.8735 9.56665
internal_count=1536 1515 99 1416 1194 222 53
is_linear=0
shrinkage=0.015


Tree=372
num_leaves=14
num_cat=0
split_feature=18 7 15 2 18 13 15 2 13 8 3 7 2
split_gain=1.72485 5.84489 7.86193 6.30454 5.42142 6.8877 5.33472 4.74547 5.92471 2.9091 2.54808 1.09292 0.72629
threshold=14.500000000000002 15.805000000000065 7.5050000000000123 0.11064369131226774 10.500000000000002 0.82020096647301377 8.3178571428571644 0.041332442067672753 0.76023142314869852 0.9274696115092963 0.45712492967712465 15.024999999999865 0.40057581573895257
decision_type=2 2 2 2 2 2 2 2 2 2 2 2 2
left_child=4 10 3 -3 7 9 -4 -1 -9 -6 -2 -12 -7
right_child=1 2 6 -5 5 12 -8 8 -10 -11 11 -13 -14
leaf_value=-0.012897711434500197 0.0097694133887372431 0.0020647593286050817 0.0079902809576397407 -0.014770420847952952 0.0074722172855348871 -0.012724217852426202 -0.0028694074917788109 -0.0019910318814081751 0.0063548513337194305 0 -0.0059379875961980853 0.0041063824647307101 0
leaf_weight=5.2983885724097481 10.301980409771202 5.1887266915291574 11.25293959956616 17.053238054271787 45.779844677075744 3.2595133520662776 41.276399720460176 97.376341515220702 21.589438166469336 16.625625289976597 3.4364278167486182 1.8622023575007913 1.8073792681097982
leaf_count=47 31 35 54 167 168 29 263 513 102 70 37 10 10
internal_value=-8.91912e-05 -0.0017982 -0.00361286 -0.0106873 0.000687856 0.0040714 -0.000197745 -0.00112531 -0.000334426 0.0055909 0.00589533 -0.00122239 -0.00986782
internal_weight=282.108 90.3719 74.7713 22.242 191.737 67.4724 52.5293 124.264 118.966 62.4055 15.6006 5.29863 5.06689
internal_count=1536 597 519 202 939 277 317 662 615 238 78 47 39
is_linear=0
shrinkage=0.015


Tree=373
num_leaves=14
num_cat=0
split_feature=3 9 12 10 19 6 6 8 12 6 8 15 18
split_gain=1.74149 3.59939 5.48012 4.94451 3.03293 2.91227 6.6699 4.55935 4.21065 4.71343 3.49047 1.855 1.04401
threshold=0.23107850077521494 0.0069409389502197638 0.0074052964359969673 0.0083266135561805808 1.5000000000000002 1.0324479546720504 1.1133310156548843 0.060139205563005553 0.0033283675279816021 0.90289829591193349 0.90199019486728105 12.22892857142852 15.500000000000002
decision_type=2 2 2 2 2 2 2 2 2 2 2 2 2
left_child=5 2 3 -2 11 8 12 -8 10 -10 -1 -3 -7
right_child=1 4 -4 -5 -6 6 7 -9 9 -11 -12 -13 -14
leaf_value=0.00024719869246558451 -0.00016184146265858259 0.0041599425250515906 0.010149933356670998 -0.0093855171512957167 -0.01495641453421461 0.01196837794487891 0.0051160855137825974 -0.0054408696641658986 0.0088651745861262655 -0.0028304711664426567 -0.0074831137958725844 -0.0086483303601789085 0.0023183504087943996
leaf_weight=24.38250495120883 120.18312599183992 4.7031874060630781 8.1697986181825382 12.953585237264631 5.5450258404016495 15.280839256942274 14.866306424140928 17.952460480853915 15.256165020167829 11.414657380431889 22.393310159444809 2.0294226836413145 6.8039170093834391
leaf_count=103 753 23 31 107 60 39 56 99 48 53 115 22 27
internal_value=-8.89299e-05 -0.00118398 -0.000397042 -0.00124038 -0.00839141 0.00116193 0.00373377 -0.000424176 -0.000709204 0.00374977 -0.00345491 0 0.00974617
internal_weight=281.934 153.584 141.307 133.137 12.2776 128.35 54.9035 32.8188 73.4466 26.6708 46.7758 6.73261 22.0848
internal_count=1536 996 891 860 105 540 221 155 319 101 218 45 66
is_linear=0
shrinkage=0.015


Tree=374
num_leaves=14
num_cat=0
split_feature=12 4 16 7 16 9 9 4 13 7 0 7 9
split_gain=1.74083 4.28984 4.22991 6.56547 5.75578 3.58061 6.5066 4.07323 3.38548 2.73006 2.54426 2.48263 2.25868
threshold=-0.0030516029973929877 0.63827691863290503 0.0066253731950629878 91.914999999999978 0.0053442566243651545 -0.0032298285282961166 -0.0015928918365833036 0.74251512851254931 0.6900349702468328 15.805000000000065 0.3218660520850018 38.394999999999762 -0.0045151599272944881
decision_type=2 2 2 2 2 2 2 2 2 2 2 2 2
left_child=1 11 4 -4 -3 8 7 -7 10 -8 -2 -1 -10
right_child=5 2 3 -5 -6 6 9 -9 12 -11 -12 -13 -14
leaf_value=-0.0021126051180774294 0 -0.007000985298135652 -0.017546597881577787 0.0052628701985277951 0.0066984915282987858 0.0028932368199170908 0.0029756294900108483 -0.014890622487895643 -0.010739507657081185 -0.00066108842700442498 0.013180662078004278 0.0096880192564201533 0.0043945712615566417
leaf_weight=4.9676220975816232 4.0955463200807598 14.492964747361841 8.8220885563641769 2.2061721161007872 9.6207792190834862 2.3466331809759131 65.871775018051267 8.3660768615081889 2.2027892004698515 139.93519038986415 10.202838404104112 6.4327279478311539 2.1963639482855788
leaf_count=26 16 114 107 8 41 7 299 77 22 760 35 16 8
internal_value=-8.78703e-05 -0.00269668 -0.00532765 -0.0123005 -0.00115362 0.0004151 -0.000119678 -0.0105628 0.00638341 0.000484245 0.00974425 0.00443844 -0.00299956
internal_weight=281.76 46.5424 35.142 11.0283 24.1137 235.217 216.52 10.7127 18.6975 205.807 14.2984 11.4004 4.39915
internal_count=1536 312 270 115 155 1224 1143 84 81 1059 51 42 30
is_linear=0
shrinkage=0.015


Tree=375
num_leaves=11
num_cat=0
split_feature=1 10 9 15 5 5 5 2 19 1
split_gain=1.72114 3.20827 3.43152 3.39362 2.76458 3.3655 3.00695 2.75531 2.34734 1.24864
threshold=0.39448946073540825 0.0051755433962583737 0.0029299728175771673 15.39392857142858 0.57566437663098491 0.70985945788541116 0.96114386095066784 0.41612055370600992 1.5000000000000002 0.043521712614618069
decision_type=2 2 2 2 2 2 2 2 2 2
left_child=4 2 7 -3 8 9 -7 -2 -1 -6
right_child=1 3 -4 -5 5 6 -8 -9 -10 -11
leaf_value=0 -0.0078923566553282445 -0.014452799809315938 0.0075990852081909265 0.0022946701888146579 0 -0.0031403852098379204 0.0011201261683688667 0.001734205326619667 -0.014179121838599516 0.010290538456306918
leaf_weight=4.2041767723858348 11.49932483490557 6.7203695625066739 6.9170431029051533 2.2387121748179197 2.6171484850347033 44.526509810239077 180.63819531165063 10.134539544582365 3.2998905666172504 8.7853103429079038
leaf_count=19 148 98 31 12 13 233 872 59 27 24
internal_value=-8.6781e-05 -0.003013 -8.95663e-05 -0.00992851 0.000353289 0.000695399 0.00022436 -0.00330025 -0.00751943 0.0080159
internal_weight=281.581 37.51 28.5509 8.95908 244.071 236.567 225.165 21.6339 7.50407 11.4025
internal_count=1536 348 238 110 1188 1142 1105 207 46 37
is_linear=0
shrinkage=0.015


Tree=376
num_leaves=14
num_cat=0
split_feature=1 13 13 17 17 16 14 8 16 8 0 4 18
split_gain=1.70782 4.58196 3.84624 3.69963 7.08402 6.85654 3.34545 3.31676 3.30367 3.27281 2.94416 1.99545 1.37847
threshold=0.097901855157798437 0.42016086844987233 0.39212427453826204 0.80569254215971964 1.0665525522714712 0.0033486803253486475 1.0000000180025095e-35 0.89746263509387869 0.0044661897039478321 0.48206180323214681 0.52260155797035646 0.68945423362033409 8.5000000000000018
decision_type=2 2 2 2 2 2 2 2 2 2 2 2 2
left_child=1 8 9 5 -5 -4 10 -8 -1 12 -3 -10 -2
right_child=2 6 3 4 -6 -7 7 -9 11 -11 -12 -13 -14
leaf_value=0.0027635730593723322 0.01430090463500845 0.0067597120473397608 -0.010762106305906348 0.0054811494583791318 -0.0061095064854136795 -0.001306284295382982 -0.0043114748802407319 0.0034344707496150127 0 -0.0034394735518773543 -0.0042420812357112751 -0.016341146759301785 0.00128997003803704
leaf_weight=3.1684800907969457 5.5024121925234777 40.294168254360557 19.921239077113569 34.042810954153538 15.365714365616439 97.937255193479359 21.660176888108253 24.027131889015436 2.127656813710928 3.8496710248291484 4.0417684596031895 4.624280508607626 4.8724790439009666
leaf_count=11 13 139 162 148 103 616 133 89 9 21 28 41 23
internal_value=-8.65057e-05 0.00144148 -0.000975349 -0.00166899 0.00163319 -0.00312006 0.00260962 -0.000107384 -0.00718904 0.00591922 0.00545509 -0.0122807 0.00999254
internal_weight=281.435 99.9437 181.492 167.267 49.4085 117.858 90.0232 45.6873 9.92042 14.2246 44.3359 6.75194 10.3749
internal_count=1536 450 1086 1029 251 778 389 222 61 57 167 50 36
is_linear=0
shrinkage=0.015


Tree=377
num_leaves=11
num_cat=0
split_feature=10 10 10 2 2 18 0 21 5 0
split_gain=1.71697 3.61056 2.6817 3.34334 4.64343 2.61497 2.53896 2.24511 1.86012 0.0655246
threshold=0.016127776390869403 0.01842065615940329 0.013527761353348601 0.036989908499794909 0.20283274504347931 12.500000000000002 0.38653255890828958 1.0000000180025095e-35 1.1564758710937122 0.14220980311730744
decision_type=2 2 2 2 2 2 2 2 2 2
left_child=2 9 3 7 -5 -3 -4 -1 -8 -2
right_child=1 5 6 4 -6 -7 8 -9 -10 -11
leaf_value=-0.012920719588949215 0 0.0068688914167879655 0.0099552785569279722 0.0034400347570691047 -0.0010936492714860263 -0.0066069824988757332 -0.0092328402790614189 0 0.0046502002477254332 -0.01404674854967063
leaf_weight=5.5262871626764518 0.84448835998773475 5.3261236585676652 9.6667641624808294 69.315287495963275 173.21463124407455 3.6267750859260559 2.068692358210682 5.3491216376423836 2.1645702570676804 4.106403648853302
leaf_count=50 5 19 30 338 952 29 20 40 10 43
internal_value=-8.65469e-05 -0.00489231 0.00017005 -0.000174824 0.000188949 0.000515511 0.00616014 -0.00763895 -0.00171652 -0.013085
internal_weight=281.209 13.9038 267.305 253.405 242.53 8.9529 13.9 10.8754 4.23326 4.95089
internal_count=1536 96 1440 1380 1290 48 60 90 30 48
is_linear=0
shrinkage=0.015


Tree=378
num_leaves=9
num_cat=0
split_feature=3 7 2 1 0 3 3 15
split_gain=1.68626 2.62063 2.53232 4.68152 2.38589 2.59444 3.0839 0.733369
threshold=0.81278797092021382 10.35500000000002 0.828478033272951 0.26228559553601433 0.073798295053338167 0.77189352062400707 0.6942779136003886 6.0714285714285561
decision_type=2 2 2 2 2 2 2 2
left_child=4 -2 3 -3 -1 6 -6 -7
right_child=1 2 -4 -5 5 7 -8 -9
leaf_value=0.0077105583730841566 0.0051027612431545208 -0.014183127280224098 0.0038274794214189136 0.00092290616370774845 -1.3407571232201595e-05 0.01189827050328824 -0.010069583562492742 0.00056123336097012484
leaf_weight=7.2633025124669066 3.3987824693322208 9.7721791882067937 2.4426086358726016 5.7786288061179212 240.19453944358975 3.0819964073598376 5.1133792493492356 4.075066864490509
leaf_count=24 14 158 11 87 1154 7 53 28
internal_value=-8.76268e-05 -0.00396434 -0.00639127 -0.00867694 0.000230872 -1.37524e-05 -0.000333091 0.00779469
internal_weight=281.12 21.3922 17.9934 15.5508 259.728 252.465 245.308 7.15706
internal_count=1536 270 256 245 1266 1242 1207 35
is_linear=0
shrinkage=0.015


Tree=379
num_leaves=10
num_cat=0
split_feature=15 16 16 5 15 4 18 5 8
split_gain=1.67763 3.24068 4.89619 3.87771 3.63661 9.78961 2.89979 1.72903 1.20881
threshold=21.701071428571471 0.0076307750376172741 0.0085322639888261876 1.194442623959677 10.121785714285677 0.77391961882329641 16.500000000000004 0.72395298280720011 0.90199019486728105
decision_type=2 2 2 2 2 2 2 2 2
left_child=1 4 7 -4 6 -6 -1 -3 -2
right_child=8 2 3 -5 5 -7 -8 -9 -10
leaf_value=0.00054046955942034156 0 0.000158384075339804 -0.0043783641803044086 0.0036533726167372769 -0.011910205124053089 0.0087497838779299914 -0.0044094272234393699 -0.015626435337208252 0.0096212651188638514
leaf_weight=150.02623064257205 4.8194805942475778 0.7463936060667028 34.675907303579152 18.757222069427371 4.217233374714854 26.471520378254354 30.023655347526073 6.5565837556496263 4.684828020632267
leaf_count=750 27 2 211 106 25 110 225 68 12
internal_value=-8.41885e-05 -0.000345516 -0.00335565 -0.00139351 0.00051016 0.00512626 -0.000283112 -0.0135197 0.00549066
internal_weight=280.979 271.475 60.7361 53.4331 210.739 30.6888 180.05 7.30298 9.50431
internal_count=1536 1497 387 317 1110 135 975 70 39
is_linear=0
shrinkage=0.015


Tree=380
num_leaves=12
num_cat=0
split_feature=1 10 12 2 2 3 16 5 5 5 19
split_gain=1.6837 3.15165 3.89623 3.43568 3.22011 2.71275 4.37297 3.78028 3.3466 1.72176 0.912346
threshold=0.39448946073540825 0.0051755433962583737 -0.00084510516199876029 0.41612055370600992 0.19649072826400879 0.027836495613081221 0.0044661897039478321 0.57566437663098491 0.78001016049459881 1.1001130681346398 1.5000000000000002
decision_type=2 2 2 2 2 2 2 2 2 2 2
left_child=5 2 3 -2 -4 6 -1 10 -9 -3 -7
right_child=1 9 4 -5 -6 7 -8 8 -10 -11 -12
leaf_value=-0.0060429813529528408 -0.013428284537391188 0 0.0099098975983590402 0.001459507967516704 -0.0012812121487843153 0 0.0095408493011994271 0.0060320759681435406 -0.00029100146122502366 -0.013674643148778746 -0.014047671646377722
leaf_weight=3.3075904846191433 5.5656515620648879 3.1541144214570505 7.9378855321556356 4.3382503883913159 10.624716212972997 2.6698633022606364 13.705076925456522 18.629230046644807 201.9480380890891 5.7370598427951336 3.2809580154716969
leaf_count=17 94 24 38 27 79 14 39 72 1019 86 27
internal_value=-8.36559e-05 -0.00298418 -8.31899e-05 -0.00712733 0.00363808 0.000351404 0.00579961 -7.21225e-05 0.000258732 -0.00986264 -0.0102593
internal_weight=280.898 37.3577 28.4665 9.9039 18.5626 243.541 17.0127 226.528 220.577 8.89117 5.95082
internal_count=1536 348 238 121 117 1188 56 1132 1091 110 41
is_linear=0
shrinkage=0.015


Tree=381
num_leaves=13
num_cat=0
split_feature=10 10 7 0 16 15 15 4 4 6 15 0
split_gain=1.67729 3.54168 2.64032 5.91161 4.54285 2.82258 6.0061 4.79066 2.46942 2.29129 0.296307 0.0543546
threshold=0.016127776390869403 0.01842065615940329 37.490000000000016 0.51631205673758729 0.0068777773942349206 10.121785714285677 7.7867857142857391 0.78561043718213508 0.63827691863290503 0.89748462250409911 16.550357142857155 0.14220980311730744
decision_type=2 2 2 2 2 2 2 2 2 2 2 2
left_child=2 11 5 8 -5 6 -1 -7 -4 -3 -11 -2
right_child=1 9 3 4 -6 7 -8 -9 -10 10 -12 -13
leaf_value=0 0 0.0082559327176806308 0.011522279988552139 0.003708239659306244 -0.014189322400694426 -0.0078479397439706281 -0.0073317591135306165 0.007253185920768887 0.0028040785778701846 -0.0063438561816425215 0 -0.013930425004897143
leaf_weight=165.24974358640611 0.84316987171769042 3.5147221162915212 10.83046182990074 3.7033781018108112 5.0180415343493223 3.8346178457140949 28.074530936777592 19.836228638887405 30.333578481338918 3.1965425759553909 2.2131088227033615 4.071522381156683
leaf_count=885 5 10 27 20 61 20 193 86 148 26 12 43
internal_value=-8.56599e-05 -0.00484575 0.000167488 0.00322962 -0.00661589 -0.00052529 -0.00116539 0.00409385 0.00569924 0.000507044 -0.00438483 -0.0129856
internal_weight=280.72 13.8391 266.881 49.8855 8.72142 216.995 193.324 23.6708 41.164 8.92437 5.40965 4.91469
internal_count=1536 96 1440 256 81 1184 1078 106 175 48 38 48
is_linear=0
shrinkage=0.015


Tree=382
num_leaves=12
num_cat=0
split_feature=12 4 16 16 12 12 4 4 15 16 18
split_gain=1.66637 4.09398 4.07561 5.51934 3.50299 4.35909 4.64782 3.13903 2.31876 1.86863 1.15549
threshold=-0.0030516029973929877 0.63827691863290503 0.0066253731950629878 0.0053442566243651545 -0.0026113454093938389 -0.0015925923928160055 0.75556629966366728 0.41896899073588351 19.620357142857177 0.0083687858774095254 9.5000000000000018
decision_type=2 2 2 2 2 2 2 2 2 2 2
left_child=1 9 3 -3 10 6 -6 -7 -4 -1 -2
right_child=4 2 8 -5 5 7 -8 -9 -10 -11 -12
leaf_value=-0.00073967320949072852 0 -0.0068727340279799154 -0.016116336581343003 0.0065664300456534002 0.0045764547380656943 -0.0095712476314561614 -0.012213967524011058 0.00089043231737769761 0 0.0093882185501235043 0.011365869697770245
leaf_weight=5.7635129466652852 4.0780823901295644 14.408408947288992 7.2982336264103633 9.5864422237500531 3.2789473906159392 4.5853923559188834 10.430540247820316 205.59639247599989 3.5968366116285324 5.5611400082707405 6.4142593815922737
leaf_count=28 21 114 94 41 10 29 92 1051 21 14 21
internal_value=-8.63576e-05 -0.00264856 -0.00523022 -0.00112288 0.000405251 0 -0.00764935 0.000538784 -0.0121173 0.00433356 0.00813634
internal_weight=280.598 46.2146 34.8899 23.9949 234.384 223.891 13.7095 210.182 10.8951 11.3247 10.4923
internal_count=1536 312 270 155 1224 1182 102 1080 115 42 42
is_linear=0
shrinkage=0.015


Tree=383
num_leaves=14
num_cat=0
split_feature=1 13 13 14 6 8 2 4 16 12 4 13 9
split_gain=1.64783 4.42819 3.74927 3.24405 3.58895 3.2027 3.20105 3.27129 3.19785 2.72779 1.98563 1.62687 0.263128
threshold=0.097901855157798437 0.42016086844987233 0.39212427453826204 1.0000000180025095e-35 1.1186299847159697 0.48206180323214681 0.68336550442284782 1.277973181183482 0.0044661897039478321 0.00031766393157040001 0.68945423362033409 0.78567251304954 -0.0011593324097573159
decision_type=2 2 2 2 2 2 2 2 2 2 2 2 2
left_child=1 8 5 11 -5 12 7 -4 -1 -8 -10 -3 -2
right_child=2 3 6 4 -6 -7 9 -9 10 -11 -12 -13 -14
leaf_value=0.0027029449026347925 0.01414657313886131 0.0063234823178508663 -0.00081381076004020047 0.0019330219795271946 -0.0076853645061521194 -0.0033972678689372969 -0.003035029852404727 -0.0057305597313283491 0 0.0091493256773892591 -0.016174447347475938 -0.00173730039378535 0.0040126944622230921
leaf_weight=3.1581487879157049 3.628372184932231 40.074264361523092 110.36531152389944 36.263206336647272 9.2602048180997354 3.8453603014349929 4.2294692862778893 43.2839086772874 2.1302168518304825 8.8602309022098762 4.5890191514045 4.0364421289414159 6.7196629494428626
leaf_count=11 9 144 574 162 60 21 31 388 9 36 41 23 27
internal_value=-8.61062e-05 0.00141773 -0.00096066 0.00256993 -0.000106793 0.00585135 -0.00164745 -0.00230291 -0.00707883 0.0048349 -0.012102 0.00537985 0.00988915
internal_weight=280.444 99.5115 180.932 89.6341 45.5234 14.1934 166.739 153.649 9.87738 13.0897 6.71924 44.1107 10.348
internal_count=1536 450 1086 389 222 57 1029 962 61 67 50 167 36
is_linear=0
shrinkage=0.015


Tree=384
num_leaves=11
num_cat=0
split_feature=10 10 12 0 2 6 13 6 18 3
split_gain=1.66192 3.47879 2.6909 3.40963 4.66656 3.1596 2.59537 3.66549 2.53519 0.332514
threshold=0.016127776390869403 0.01842065615940329 0.005432698228170608 0.72985739750445744 0.20283274504347931 1.0936731172905103 0.5215459904386347 1.2074946218649383 12.500000000000002 0.066821665428405105
decision_type=2 2 2 2 2 2 2 2 2 2
left_child=2 9 3 4 -1 -5 -4 -8 -3 -2
right_child=1 8 6 5 -6 -7 7 -9 -10 -11
leaf_value=0.0034372415971199552 0 0.0067569105806146966 -0.0042691560653733791 -0.013905699405696399 -0.0013618452534428303 0.0004161276068374237 0.0079224774025215394 -0.0034821348022148241 -0.006538114514035913 -0.014216149345404607
leaf_weight=61.823877326212823 0.8341715894639482 5.2992249689996225 5.0198935568332663 5.8480704734101874 157.55834551155567 4.2894978006370366 25.995520429685715 5.9134633690118781 3.6054818909615278 4.0542997978627682
leaf_count=274 5 19 25 78 865 43 102 53 29 43
internal_value=-8.48463e-05 -0.00483024 0.000167025 -0.000418674 0 -0.00815779 0.00383441 0.00550704 0.000474192 -0.0129137
internal_weight=280.242 13.7932 266.449 229.52 219.382 10.1376 36.9289 31.909 8.90471 4.88847
internal_count=1536 96 1440 1260 1139 121 180 155 48 48
is_linear=0
shrinkage=0.015


Tree=385
num_leaves=12
num_cat=0
split_feature=10 10 12 0 2 6 3 2 1 18 3
split_gain=1.63426 3.42136 2.60741 3.34108 4.53227 3.12032 2.56295 4.83891 4.34293 2.48597 0.555556
threshold=0.016127776390869403 0.01842065615940329 0.005432698228170608 0.72985739750445744 0.20283274504347931 1.0936731172905103 0.350201672452566 0.36747474690733434 0.16369383744011698 12.500000000000002 0.055697483111877222
decision_type=2 2 2 2 2 2 2 2 2 2 2
left_child=2 10 3 4 -1 -5 8 -8 -4 -3 -2
right_child=1 9 6 5 -6 -7 7 -9 -10 -11 -12
leaf_value=0.0033885621709269179 0 0.0066934035005569888 0.010836354813847019 -0.013828358249251339 -0.0013415095125638361 0.00041184688362753388 -0.012817090725355338 0.0043947732093070711 -0.00095888409609028527 -0.0064772894188285307 -0.014249244467965274
leaf_weight=61.800258718430996 0.68363115191459556 5.28832023963332 15.651134774088861 5.8040843000635487 157.57771772146225 4.2898554462008178 3.567002333700656 8.3060336057096702 9.3692800886929017 3.6035447269678116 4.1823834776878357
leaf_count=274 3 19 42 78 865 43 39 46 53 29 45
internal_value=-8.68587e-05 -0.00479797 0.000162469 -0.000413489 0 -0.00808895 0.00377472 -0.00133785 0.00639783 0.000457946 -0.0128304
internal_weight=280.123 13.7579 266.365 229.472 219.378 10.0939 36.8935 11.873 25.0204 8.89186 4.86601
internal_count=1536 96 1440 1260 1139 121 180 85 95 48 48
is_linear=0
shrinkage=0.015


Tree=386
num_leaves=13
num_cat=0
split_feature=3 7 15 7 4 19 5 4 5 9 3 8
split_gain=1.62204 2.91266 3.55491 3.38767 3.37461 2.73619 6.00162 6.17493 5.23352 4.80198 3.06168 2.8038
threshold=0.22276068163009491 67.420000000000087 5.8546428571428031 15.024999999999865 1.1839281241099127 1.5000000000000002 1.2863364109984827 1.3401183187256163 1.1711238279342611 0.0069409389502197638 0.57781274281276596 0.89911039661665326
decision_type=2 2 2 2 2 2 2 2 2 2 2 2
left_child=1 2 4 -4 -1 8 9 -8 11 -7 -10 -2
right_child=5 -3 3 -5 -6 6 7 -9 10 -11 -12 -13
leaf_value=0.0072525156030335382 -0.0062583281179910549 0.008521321849581218 -0.01150037535645065 -0.00034069438189093099 -0.0013394331917312857 0.00099009949147821352 -0.017417850874033788 -0.0020990568154142584 0.0082955526450883867 -0.012055897235800325 -0.0002544245832029942 0.0028380775127199312
leaf_weight=24.349404763430357 20.193118177354339 9.1248457916080934 4.9131704196333876 71.055732924491167 13.875120487064121 62.060750998556614 9.1306158844381589 16.948985447175801 21.697863657027483 5.0203395001590243 12.733624896965919 8.856270380318163
leaf_count=77 146 27 29 322 67 349 85 158 83 47 111 35
internal_value=-8.81633e-05 0.00115897 0.000369574 -0.00143511 0.00403574 -0.0011195 -0.00275698 -0.00858796 0.00117985 -0.000198462 0.00508731 -0.00323938
internal_weight=279.96 123.318 114.193 75.9689 38.2245 156.642 93.1607 26.0796 63.4809 67.0811 34.4315 29.0494
internal_count=1536 522 495 351 144 1014 639 243 375 396 194 181
is_linear=0
shrinkage=0.015


Tree=387
num_leaves=11
num_cat=0
split_feature=12 4 6 12 12 4 4 7 7 7
split_gain=1.61158 3.97862 3.9952 3.45055 4.2115 4.53537 3.10682 3.05129 2.35163 1.72057
threshold=-0.0030516029973929877 0.63827691863290503 0.73949240969860164 -0.0026113454093938389 -0.0015925923928160055 0.75556629966366728 0.41896899073588351 91.914999999999978 38.394999999999762 19.845000000000031
decision_type=2 2 2 2 2 2 2 2 2 2
left_child=1 8 -3 9 5 -5 -6 -4 -1 -2
right_child=3 2 7 4 6 -7 -8 -9 -10 -11
leaf_value=-0.0020711091433475346 0 0.0078174748945733508 -0.0082414424445750572 0.0045294395589656139 -0.0095541045358709005 -0.012065747435507611 0.00087086207567031162 0.0052646018338567751 0.0094271224383973926 0.012195156960713207
leaf_weight=4.9534990973770601 4.3931236481294018 2.6199113652110091 29.92150013986975 3.2682667821645728 4.5651989281177512 10.382600325625388 205.05854843743145 2.1960851848125449 6.3447068557143211 6.0684257317334414
leaf_count=26 26 11 251 10 29 92 1051 8 16 16
internal_value=-9.0188e-05 -0.00261487 -0.00516836 0.000393215 -1.98954e-06 -0.00754227 0.000520239 -0.00684364 0.00426863 0.00807629
internal_weight=279.772 46.0357 34.7375 233.736 223.275 13.6509 209.624 32.1176 11.2982 10.4615
internal_count=1536 312 270 1224 1182 102 1080 259 42 42
is_linear=0
shrinkage=0.015


Tree=388
num_leaves=11
num_cat=0
split_feature=10 10 10 2 2 7 18 0 5 3
split_gain=1.61446 3.35787 2.53595 3.23638 4.33863 2.75749 2.41984 2.41217 1.82003 0.539491
threshold=0.016127776390869403 0.01842065615940329 0.013527761353348601 0.036989908499794909 0.20283274504347931 35.565000000000062 12.500000000000002 0.38653255890828958 1.1564758710937122 0.055697483111877222
decision_type=2 2 2 2 2 2 2 2 2 2
left_child=2 9 3 5 -5 -1 -3 -4 -9 -2
right_child=1 6 7 4 -6 -7 -8 8 -10 -11
leaf_value=-0.010911796193477076 0 0.0066075431155813618 0.0097236388091978317 0.0033372812292608248 -0.0010567460985150138 0.0037197712973970191 -0.006401137557194304 -0.0091341978517427442 0.0046208317042394633 -0.014157219101650586
leaf_weight=8.8662849646061641 0.68101802468299766 5.2639751248061639 9.5858746934682113 68.892852421849966 172.47766945045441 1.9240347500890482 3.5969124007970095 2.0503217019140711 2.1535317599773407 4.1535549536347389
leaf_count=79 3 19 30 338 952 11 29 20 10 45
internal_value=-8.66909e-05 -0.00477883 0.000160813 -0.000174155 0.000183715 -0.00754275 0.000430022 0.00600727 -0.00166085 -0.0127552
internal_weight=279.646 13.6955 265.951 252.161 241.371 10.7903 8.86089 13.7897 4.20385 4.83457
internal_count=1536 96 1440 1380 1290 90 48 60 30 48
is_linear=0
shrinkage=0.015


Tree=389
num_leaves=15
num_cat=0
split_feature=18 7 15 2 18 9 15 12 12 15 9 15 17 12
split_gain=1.60176 5.60381 7.6026 5.93943 5.27103 6.23532 5.16636 4.53592 5.147 4.20494 2.98039 2.43156 2.19608 0.205731
threshold=14.500000000000002 15.805000000000065 7.5050000000000123 0.11064369131226774 10.500000000000002 0.0051255826028127381 8.3178571428571644 0.002422547720925317 0.0016596659730490073 10.463571428571415 0.0035760220794544728 4.7549999999999963 -0.3274149176448502 9.4526225347113537e-05
decision_type=2 2 2 2 2 2 2 2 2 2 2 2 2 2
left_child=4 11 3 -3 7 12 -4 8 -1 -7 -9 -2 -6 -13
right_child=1 2 6 -5 5 9 -8 10 -10 -11 -12 13 -14 -15
leaf_value=-0.0020054081816490736 -0.0023809506077116607 0.0019118503601229871 0.0079095769471884732 -0.014517335993205845 0.00014954214171822397 -0.014015303751562814 -0.0028127110606002538 -0.00209017637884091 -0.015389055634589009 0.0023651238108577462 0.0049899323831140699 0.0010819985035671084 0.0075789004985797248 0.010432590768540227
leaf_weight=67.129162566736341 3.7968104295432559 5.1114875357598093 11.187346828170119 16.82701491098851 13.870155649259685 4.6687610335648042 40.824203877709806 19.088069830089808 5.6456607617437831 5.1447446718811989 31.292381152510643 3.1311995098367325 43.316977746784687 8.5200212597846967
leaf_count=389 25 35 54 167 65 35 263 97 45 23 131 21 154 32
internal_value=-8.64836e-05 -0.00174365 -0.00353348 -0.0105362 0.000663612 0.00401097 -0.000160073 -0.00113254 -0.00352781 -0.0058464 0.00218686 0.00581734 0.00596964 0.00899575
internal_weight=279.554 89.3981 73.9501 21.9385 190.156 67.0006 52.0116 123.155 72.7748 9.81351 50.3805 15.448 57.1871 11.6512
internal_count=1536 597 519 202 939 277 317 662 434 58 228 78 219 53
is_linear=0
shrinkage=0.015


Tree=390
num_leaves=15
num_cat=0
split_feature=0 7 6 4 9 9 19 1 13 13 4 2 6 9
split_gain=1.60239 2.31821 5.05558 6.67286 3.58301 7.64831 6.41607 3.05695 1.89452 3.43566 3.04488 2.04516 1.80547 0.477682
threshold=0.17403082514470272 15.805000000000065 1.0189327559688139 1.1591560278758541 -0.0032298285282961166 -0.0017125525596901963 2.5000000000000004 0.32181940573914519 0.55930346471922487 0.75043422504879553 1.5270471866016035 0.8030616576903491 1.0783060033969056 0.0008659270417883401
decision_type=2 2 2 2 2 2 2 2 2 2 2 2 2 2
left_child=8 2 3 -2 6 -6 -3 -4 11 10 -10 13 -11 -1
right_child=1 4 7 -5 5 -7 -8 -9 9 12 -12 -13 -14 -15
leaf_value=0.0018563857527414834 0.0031408788528677245 0.0058147592687949794 0.010401090143407139 -0.0084130018798869808 -0.014693091427234644 -0.0015650411866037124 -0.0062590022745858979 -0.00046200446298324838 0 0.0097520431798882364 -0.013474087064599885 -0.00096986404223237599 -0.00094463155389019015 0.01205828073008878
leaf_weight=4.4078458584845048 27.09596835821867 30.406689500436187 16.156633431091908 16.029964162036777 9.2410864294506592 121.81114571075886 11.936007042415438 6.4734090911224476 11.306605987250807 6.881901875138281 3.5895658358931533 3.9780511669814578 3.4572642687708139 6.575305912643671
leaf_count=17 102 142 54 120 90 701 97 50 50 26 30 18 22 17
internal_value=-8.62385e-05 -0.000582994 0.00172877 -0.00117004 -0.00151215 -0.00275408 0.00211335 0.00720397 0.00257904 0 -0.00441734 0.00645597 0.00599405 0.00945833
internal_weight=279.347 239.151 65.756 43.1259 173.395 131.052 42.3427 22.63 40.1965 25.2353 14.8962 14.9612 10.3392 10.9832
internal_count=1536 1356 326 222 1030 791 239 104 180 128 80 52 48 34
is_linear=0
shrinkage=0.015


Tree=391
num_leaves=12
num_cat=0
split_feature=10 10 7 0 3 2 2 18 4 4 3
split_gain=1.59749 3.28539 2.48735 5.66878 3.93221 3.1392 5.56965 2.35121 2.11261 2.09151 0.742521
threshold=0.016127776390869403 0.01842065615940329 37.490000000000016 0.51631205673758729 0.350201672452566 0.03285426484874495 0.20283274504347931 12.500000000000002 1.0966203069228755 0.82265028332707335 0.045938667257162231
decision_type=2 2 2 2 2 2 2 2 2 2 2
left_child=2 10 5 4 -4 9 -7 -3 -5 -1 -2
right_child=1 7 3 8 -6 6 -8 -9 -10 -11 -12
leaf_value=0 0 0.0065062528925574131 0.0082195768543946463 -0.011099634100001643 -0.0015566706596809919 0.0036400770239242712 -0.0016839647744064561 -0.0063300776781376146 0.0011802329131862738 -0.013809925055048954 -0.014189727038766711
leaf_weight=4.4809926040470582 0.5527297705411901 5.2443223223090154 30.352843433618546 5.4803488459438068 10.524677884764968 60.944802020676434 146.08104568626732 3.5907879229635 3.1552426144480705 4.4666886553168297 4.2540928460657597
leaf_count=21 2 19 96 49 79 296 813 29 32 54 46
internal_value=-8.57629e-05 -0.0047615 0.000160265 0.00314454 0.00557238 -0.000512064 -6.09462e-05 0.000391622 -0.00652947 -0.00834671 -0.0126671
internal_weight=279.129 13.6419 265.487 49.5131 40.8775 215.974 207.026 8.83511 8.63559 8.94768 4.80682
internal_count=1536 96 1440 256 175 1184 1109 48 81 75 48
is_linear=0
shrinkage=0.015


Tree=392
num_leaves=14
num_cat=0
split_feature=16 15 16 12 14 16 12 1 12 9 8 5 1
split_gain=1.61639 3.08658 2.84606 5.08154 3.85304 4.47364 4.04329 3.80903 2.36859 3.74144 3.59831 2.00738 1.3354
threshold=0.0069380170391304822 21.701071428571471 0.0033486803253486475 -0.0017190689883184172 1.0000000180025095e-35 0.0035212462055834153 0.0013761337271397391 0.17650450526088038 0.00035042116127692596 -0.0040806680011024167 0.75293633067419463 1.0860247706150101 0.098399099815509608
decision_type=2 2 2 2 2 2 2 2 2 2 2 2 2
left_child=2 8 3 11 6 -6 -4 -5 9 -2 -10 -1 -3
right_child=1 12 4 7 5 -7 -8 -9 10 -11 -12 -13 -14
leaf_value=0 -0.001521502189560866 0.0091020636463040264 0.0066496600132263366 0.0037419819296169473 0.0077698928652536687 -0.0022282967127448803 -0.00026537892005622666 -0.0049792915458319624 0.0073951041857347796 -0.014497778637852234 -0.002781111913289953 -0.016596137402136165 -4.8244090924752334e-05
leaf_weight=2.2655682936310759 15.327324165031316 5.4193981327116472 46.952503834851086 23.126788739115 9.7283962313085777 64.714091439731419 27.585931027308106 18.376234869472682 7.3309059757739297 7.3428689325228325 41.999210877344012 4.8571623344905674 3.9401666503399611
leaf_count=13 106 16 209 89 34 374 133 126 45 76 238 54 23
internal_value=-8.80154e-05 -0.0018646 0.000617231 -0.0024085 0.00167329 -0.000654484 0.00405242 0 -0.00300915 -0.00686312 -0.000893505 -0.0125507 0.00525947
internal_weight=278.967 81.3599 197.607 48.6258 148.981 74.4425 74.5384 41.503 72.0003 22.6702 49.3301 7.12273 9.35956
internal_count=1536 504 1032 282 750 408 342 215 465 182 283 67 39
is_linear=0
shrinkage=0.015


Tree=393
num_leaves=9
num_cat=0
split_feature=5 5 5 3 1 14 7 0
split_gain=1.58561 2.34965 3.6804 4.60331 2.64547 2.48958 3.08202 0.48067
threshold=0.3710928666518219 0.76960479134597792 0.96114386095066784 0.064220245622242975 0.21710613946557569 1.0000000180025095e-35 20.184999999999949 0.28338445807771578
decision_type=2 2 2 2 2 2 2 2
left_child=-1 5 3 -3 -4 7 -7 -2
right_child=1 2 4 -5 -6 6 -8 -9
leaf_value=-0.0083804956290936643 0.00075581778104271704 0.003121167512373416 0.0017938479708251192 -0.0075129061785494649 -0.0015593147905267161 0.0065295380504554988 -0.0069671230744196792 0.010443060361255332
leaf_weight=3.105422241613268 3.6717451065778741 10.539158642292021 126.05095316655934 28.8965172059834 86.773073724005371 5.041046567261219 6.1164300516247749 8.6228928919881564
leaf_count=21 15 37 584 185 610 16 43 25
internal_value=-8.84706e-05 3.75997e-05 -0.000370515 -0.00447648 0.000389988 0.00440627 -0.000233585 0.0085852
internal_weight=278.817 275.712 252.26 39.4357 212.824 23.4521 11.1575 12.2946
internal_count=1536 1515 1416 222 1194 99 59 40
is_linear=0
shrinkage=0.015


Tree=394
num_leaves=13
num_cat=0
split_feature=10 7 9 9 15 9 4 1 6 12 10 17
split_gain=1.60851 5.1739 3.65691 6.43027 5.4712 3.86912 3.38208 2.27596 2.27017 1.7543 1.5087 0.859899
threshold=-0.0097815610132113654 62.344999999999807 -0.0040806680011024167 -0.0017125525596901963 4.2700000000000315 -0.0013028344046000543 0.58513161562721161 0.41883521696660936 0.84511571177468747 -0.0025672619469004894 -0.0091459149428110478 -1.0901827805459734
decision_type=2 2 2 2 2 2 2 2 2 2 2 2
left_child=1 6 7 4 -4 -5 -1 9 -8 -2 -9 -3
right_child=2 11 3 5 -6 -7 8 10 -10 -11 -12 -13
leaf_value=0.0029165617855568047 0.0089731027101065466 0.0079375762469502103 0.00644326193587393 0.0090950400016210752 -0.010132188550848593 0 0 0.0045804561533390551 -0.016730974223584699 0 -0.0077533609741811046 0
leaf_weight=1.9119929298758531 18.601100273430355 3.928282406181097 3.491407040506604 9.0570488362573069 21.80304224928841 199.32800769433379 1.5757078900933246 1.4296616315841673 7.2046377621591091 4.3453610911965361 3.1648413473740211 2.8596130562946191
leaf_count=6 64 14 10 33 177 1066 11 4 68 20 41 22
internal_value=-8.65575e-05 -0.00426314 0.000194704 -0.00040092 -0.00726501 0.000457759 -0.0102678 0.00518733 -0.013843 0.00711821 -0.00255295 0.00452622
internal_weight=278.701 17.4802 261.22 233.68 25.2944 208.385 10.6923 27.541 8.78035 22.9465 4.5945 6.7879
internal_count=1536 121 1415 1286 187 1099 85 129 79 84 45 36
is_linear=0
shrinkage=0.015


Tree=395
num_leaves=9
num_cat=0
split_feature=6 6 6 6 7 6 3 22
split_gain=1.6033 4.13617 5.26956 3.51809 3.3825 2.31843 2.47518 2.9555
threshold=1.2828022818335232 1.259697950795817 1.2074946218649383 1.1949096797267311 15.904999999999974 1.6230583376549164 0.052167991532987699 1.0000000180025095e-35
decision_type=2 2 2 2 2 2 2 2
left_child=1 2 3 -1 -4 6 -2 -8
right_child=5 -3 4 -5 -6 -7 7 -9
leaf_value=-7.4228686064177291e-06 0.0028827464884099178 0.0092304122472276831 0.00096002290001753331 0.010436364831168509 -0.015251791179219563 0.0052369611627180717 -0.012396313954828092 0.0012724596480855326
leaf_weight=235.58359552454203 3.1018151789903703 8.9932798109948617 2.8541406411677581 5.4443710744380942 6.2917820429429412 2.6189500931650391 10.474534570239483 3.1942046359181395
leaf_count=1242 11 36 14 18 58 12 127 18
internal_value=-8.38891e-05 0.000212878 -0.00015218 0.000281567 -0.0102553 -0.00405023 -0.00630357 -0.00896874
internal_weight=278.557 259.167 250.174 241.028 9.14592 19.3895 16.7706 13.6687
internal_count=1536 1368 1332 1260 72 168 156 145
is_linear=0
shrinkage=0.015


Tree=396
num_leaves=13
num_cat=0
split_feature=10 7 4 10 4 0 7 6 6 10 10 0
split_gain=1.56356 5.06076 3.31697 2.56825 4.56405 4.34085 4.20763 3.30291 2.23478 1.41188 1.4111 0.926012
threshold=-0.0097815610132113654 62.344999999999807 0.58513161562721161 0.00017285696253256923 2.0802009215873558 0.67062788264385798 21.849999999999913 0.64134387711783902 0.84511571177468747 0.0030122164576140394 -0.0016844446131995849 0.28582010582006562
decision_type=2 2 2 2 2 2 2 2 2 2 2 2
left_child=1 2 -1 5 7 6 -2 -5 -4 -6 -7 -3
right_child=3 11 8 4 9 10 -8 -9 -10 -11 -12 -13
leaf_value=0.0028852188106152613 -0.00011542509257225115 0.008283700015708809 0 0.0063910963632842132 0 -0.012055842101788781 0.0063360670074955579 -0.00090704516354563123 -0.016586101349433193 -0.014456785017896817 0 0
leaf_weight=1.9074969291687036 40.33923776820302 3.6067851521074763 1.5757052078843097 13.304609706625341 3.3001896813511831 3.8400373607873917 44.154475023038685 148.77708567585796 7.1692224573343992 5.0102552212774754 2.3102266769856206 3.1684060720726848
leaf_count=6 211 11 11 50 26 52 182 811 68 64 19 25
internal_value=-8.08225e-05 -0.00420511 -0.0101591 0.000195895 -0.000856872 0.00223161 0.00323782 -0.000191663 -0.0137098 -0.0105495 -0.00807401 0.00448333
internal_weight=278.464 17.4276 10.6524 261.036 170.392 90.644 84.4937 162.082 8.74493 8.31044 6.15026 6.77519
internal_count=1536 121 85 1415 951 464 393 861 79 90 71 36
is_linear=0
shrinkage=0.015


Tree=397
num_leaves=14
num_cat=0
split_feature=12 1 9 10 9 9 19 0 1 15 5 0 0
split_gain=1.57532 5.05043 3.91695 4.64907 3.35533 5.81099 5.15848 2.93119 2.37578 1.70276 1.63483 1.39762 0.235579
threshold=-0.0030516029973929877 0.34342881700005862 -0.0038691611086270165 -0.0084683699274552306 -0.0032298285282961166 -0.0015928918365833036 2.5000000000000004 0.36058693472506514 0.17370100309557254 5.7407142857142954 1.3335707861646802 0.36187794904056192 0.39550104310425355
decision_type=2 2 2 2 2 2 2 2 2 2 2 2 2
left_child=1 2 3 -1 6 9 10 -4 -7 -6 -2 -3 -8
right_child=4 11 7 -5 5 8 12 -9 -10 -11 -12 -13 -14
leaf_value=-0.002890971249845779 0.0037378876109783778 0 -0.012723711462289585 0.0091518426013787874 -0.00098723341329224061 0.0017724853868528183 -0.0077475450916977429 0 -0.0014870395077118627 -0.014704805591918533 0.016238660169268771 -0.014538995316701204 0
leaf_weight=11.330245750024913 8.9568965360522288 1.0522634666413058 5.6185414362698785 12.829663280397655 4.9514365475624782 123.27313557825983 2.206594079732894 8.3977662865072471 80.382430044468492 5.6119376015849411 5.4490445200353852 6.3754911874420941 1.874702584929764
leaf_count=65 36 7 52 44 30 540 14 46 519 54 14 98 17
internal_value=-8.21169e-05 -0.00259117 0 0.0034282 0.000395522 -0.000123744 0.00620325 -0.00598584 0.000447539 -0.0100526 0.0103266 -0.0124271 -0.00572751
internal_weight=278.31 45.604 38.1762 24.1599 232.706 214.219 18.4872 14.0163 203.656 10.5634 14.4059 7.42775 4.0813
internal_count=1536 312 207 109 1224 1143 81 98 1059 84 50 105 31
is_linear=0
shrinkage=0.015


Tree=398
num_leaves=13
num_cat=0
split_feature=16 7 3 8 17 9 16 18 7 9 7 3
split_gain=1.578 4.91494 4.367 4.1361 4.55757 2.65547 5.29387 3.18648 2.51052 2.39726 2.33728 0.510221
threshold=0.0069380170391304822 41.390000000000107 0.43222495526102805 0.75293633067419463 0.59532062733535518 0.0051255826028127381 0.0066957027321224195 10.500000000000002 34.480000000000025 0.0063853487390328504 42.035000000000089 0.25236593939190682
decision_type=2 2 2 2 2 2 2 2 2 2 2 2
left_child=1 5 8 4 -4 7 -7 -1 9 -2 -10 -3
right_child=2 11 3 -5 -6 6 -8 -9 10 -11 -12 -13
leaf_value=-0.001798239284569747 -0.00029006890770399079 0.012758063262802542 -0.0063947161583254829 -0.015714421364760825 0.010646593380815254 -0.011300840719041213 0.0066042234718514444 0.0022560097369572225 0.0075921917430057211 -0.011616888968628506 0 0.002381569959093977
leaf_weight=72.406390538439155 17.325939140282575 5.7140393406152707 10.602674257941546 6.7581089660525313 2.7822206895798436 9.8309405203908664 3.2918743062764397 100.80364956846461 11.41391061991453 4.3432084694504729 27.829288173466921 5.0278931567445397
leaf_count=382 86 12 123 75 11 72 11 527 45 31 133 28
internal_value=-8.41627e-05 0.000612977 -0.00184341 -0.00755565 -0.00144142 0 -0.00603399 0.000517239 0.000106497 -0.00366698 0.00244875 0.00962598
internal_weight=278.13 197.075 81.0554 20.143 13.3849 186.333 13.1228 173.21 60.9123 21.6691 39.2432 10.7419
internal_count=1536 1032 504 209 134 992 83 909 295 117 178 40
is_linear=0
shrinkage=0.015


Tree=399
num_leaves=9
num_cat=0
split_feature=6 6 6 6 7 6 0 22
split_gain=1.57771 4.04333 5.13096 3.3873 3.3194 2.27166 1.75575 5.02715
threshold=1.2828022818335232 1.259697950795817 1.2074946218649383 1.1949096797267311 15.904999999999974 1.6230583376549164 0.21993441451073223 1.0000000180025095e-35
decision_type=2 2 2 2 2 2 2 2
left_child=1 2 3 -1 -4 6 -2 -8
right_child=5 -3 4 -5 -6 -7 7 -9
leaf_value=-5.7652344779317294e-06 0 0.009136496387854456 0.00095007793026261034 0.010249403368608457 -0.015109405403884803 0.0051676185937667282 -0.014053705338200301 0.0048322120719215518
leaf_weight=235.20020649582148 5.1789938788861098 8.9693126678466779 2.8509206324815732 5.4327182322740546 6.2522594705224037 2.6068075951188794 8.8967658746987563 2.5998250823467961
leaf_count=1242 26 36 14 18 58 12 117 13
internal_value=-8.31218e-05 0.000210799 -0.000150016 0.000277429 -0.0101393 -0.00402819 -0.00626678 -0.00914398
internal_weight=277.988 258.705 249.736 240.633 9.10318 19.2824 16.6756 11.4966
internal_count=1536 1368 1332 1260 72 168 156 130
is_linear=0
shrinkage=0.015


end of trees

feature_importances:
rejection_intensity=388
penetration_depth=379
close_pullback=375
trend_dist_50=364
body_ratio=303
vol_expansion=301
rsi_extreme=301
vol_trend=277
vol_spike_ratio=241
atr_14=236
box_width=225
roc_5=179
box_position=170
bb_width=165
hour=153
trend_dist_20=145
bb_position=132
london_session=84
day_of_week=67
counter_trend=37
overlap_session=14
ny_session=3
trend_alignment=2

parameters:
[boosting: gbdt]
[objective: binary]
[metric: binary_logloss]
[tree_learner: serial]
[device_type: cpu]
[data_sample_strategy: bagging]
[data: ]
[valid: ]
[num_iterations: 400]
[learning_rate: 0.015]
[num_leaves: 31]
[num_threads: 6]
[seed: 42]
[deterministic: 0]
[force_col_wise: 0]
[force_row_wise: 0]
[histogram_pool_size: -1]
[max_depth: 4]
[min_data_in_leaf: 15]
[min_sum_hessian_in_leaf: 0.001]
[bagging_fraction: 0.75]
[pos_bagging_fraction: 1]
[neg_bagging_fraction: 1]
[bagging_freq: 0]
[bagging_seed: 400]
[bagging_by_query: 0]
[feature_fraction: 0.75]
[feature_fraction_bynode: 1]
[feature_fraction_seed: 30056]
[extra_trees: 0]
[extra_seed: 12879]
[early_stopping_round: 0]
[early_stopping_min_delta: 0]
[first_metric_only: 0]
[max_delta_step: 0]
[lambda_l1: 0.5]
[lambda_l2: 2]
[linear_lambda: 0]
[min_gain_to_split: 0]
[drop_rate: 0.1]
[max_drop: 50]
[skip_drop: 0.5]
[xgboost_dart_mode: 0]
[uniform_drop: 0]
[drop_seed: 17869]
[top_rate: 0.2]
[other_rate: 0.1]
[min_data_per_group: 100]
[max_cat_threshold: 32]
[cat_l2: 10]
[cat_smooth: 10]
[max_cat_to_onehot: 4]
[top_k: 20]
[monotone_constraints: ]
[monotone_constraints_method: basic]
[monotone_penalty: 0]
[feature_contri: ]
[forcedsplits_filename: ]
[refit_decay_rate: 0.9]
[cegb_tradeoff: 1]
[cegb_penalty_split: 0]
[cegb_penalty_feature_lazy: ]
[cegb_penalty_feature_coupled: ]
[path_smooth: 0]
[interaction_constraints: ]
[verbosity: -1]
[saved_feature_importance_type: 0]
[use_quantized_grad: 0]
[num_grad_quant_bins: 4]
[quant_train_renew_leaf: 0]
[stochastic_rounding: 1]
[linear_tree: 0]
[max_bin: 255]
[max_bin_by_feature: ]
[min_data_in_bin: 3]
[bin_construct_sample_cnt: 200000]
[data_random_seed: 175]
[is_enable_sparse: 1]
[enable_bundle: 1]
[use_missing: 1]
[zero_as_missing: 0]
[feature_pre_filter: 1]
[pre_partition: 0]
[two_round: 0]
[header: 0]
[label_column: ]
[weight_column: ]
[group_column: ]
[ignore_column: ]
[categorical_feature: ]
[forcedbins_filename: ]
[precise_float_parser: 0]
[parser_config_file: ]
[objective_seed: 16083]
[num_class: 1]
[is_unbalance: 0]
[scale_pos_weight: 1]
[sigmoid: 1]
[boost_from_average: 1]
[reg_sqrt: 0]
[alpha: 0.9]
[fair_c: 1]
[poisson_max_delta_step: 0.7]
[tweedie_variance_power: 1.5]
[lambdarank_truncation_level: 30]
[lambdarank_norm: 1]
[label_gain: ]
[lambdarank_position_bias_regularization: 0]
[eval_at: ]
[multi_error_top_k: 1]
[auc_mu_weights: ]
[num_machines: 1]
[local_listen_port: 12400]
[time_out: 120]
[machine_list_filename: ]
[machines: ]
[gpu_platform_id: -1]
[gpu_device_id: -1]
[gpu_use_dp: 0]
[num_gpu: 1]

end of parameters

pandas_categorical:[]
